/*
 Navicat Premium Data Transfer

 Source Server         : 本机mysql
 Source Server Type    : MySQL
 Source Server Version : 50728
 Source Host           : localhost:3306
 Source Schema         : admin_dev

 Target Server Type    : MySQL
 Target Server Version : 50728
 File Encoding         : 65001

 Date: 16/06/2024 20:52:08
*/

SET NAMES utf8mb4;
SET FOREIGN_KEY_CHECKS = 0;

-- ----------------------------
-- Table structure for auth_dept
-- ----------------------------
DROP TABLE IF EXISTS `auth_dept`;
CREATE TABLE `auth_dept`  (
  `dept_id` int(11) NOT NULL COMMENT '部门id',
  `dept_code` varchar(255) CHARACTER SET utf8mb4 COLLATE utf8mb4_general_ci NOT NULL COMMENT '部门编号',
  `dept_name` varchar(255) CHARACTER SET utf8mb4 COLLATE utf8mb4_general_ci NOT NULL COMMENT '部门名称',
  `create_time` datetime NOT NULL COMMENT '创建时间',
  `update_time` datetime NOT NULL COMMENT '更新时间',
  PRIMARY KEY (`dept_id`) USING BTREE
) ENGINE = InnoDB CHARACTER SET = utf8mb4 COLLATE = utf8mb4_general_ci ROW_FORMAT = Dynamic;

-- ----------------------------
-- Records of auth_dept
-- ----------------------------
INSERT INTO `auth_dept` VALUES (1, 'yfb', '研发部', '2022-03-12 11:51:12', '2022-03-12 11:51:13');
INSERT INTO `auth_dept` VALUES (2, 'csb', '测试部', '2022-03-12 11:51:49', '2022-03-12 11:51:51');
INSERT INTO `auth_dept` VALUES (3, 'khb1', '客户一部', '2022-03-12 16:29:08', '2022-03-12 16:29:10');
INSERT INTO `auth_dept` VALUES (4, 'khb2', '客户二部', '2022-03-12 16:29:27', '2022-03-12 16:29:29');
INSERT INTO `auth_dept` VALUES (5, 'yyb', '运营部', '2022-03-12 16:29:44', '2022-03-12 16:29:45');
INSERT INTO `auth_dept` VALUES (6, 'jyb', '交易部', '2022-03-12 16:30:04', '2022-03-12 16:30:06');
INSERT INTO `auth_dept` VALUES (7, 'yuwb', '运维部', '2022-03-20 15:42:39', '2022-03-20 15:42:40');

-- ----------------------------
-- Table structure for auth_func
-- ----------------------------
DROP TABLE IF EXISTS `auth_func`;
CREATE TABLE `auth_func`  (
  `func_id` int(11) NOT NULL AUTO_INCREMENT COMMENT '主键',
  `func_name` varchar(255) CHARACTER SET utf8mb4 COLLATE utf8mb4_general_ci NOT NULL COMMENT '功能名称',
  `func_key` varchar(255) CHARACTER SET utf8mb4 COLLATE utf8mb4_general_ci NOT NULL COMMENT '功能key',
  `func_type` varchar(255) CHARACTER SET utf8mb4 COLLATE utf8mb4_general_ci NOT NULL COMMENT '功能类型(目录/功能)',
  `func_icon` varchar(255) CHARACTER SET utf8mb4 COLLATE utf8mb4_general_ci NULL DEFAULT NULL COMMENT '目录图标',
  `func_sort` int(11) NULL DEFAULT NULL COMMENT '功能排序',
  `func_dir_status` varchar(8) CHARACTER SET utf8mb4 COLLATE utf8mb4_general_ci NULL DEFAULT NULL COMMENT '是否隐藏',
  `parent_id` int(11) NOT NULL COMMENT '父级功能id',
  `create_time` datetime NOT NULL COMMENT '创建时间',
  `update_time` datetime NOT NULL COMMENT '更新时间',
  PRIMARY KEY (`func_id`) USING BTREE,
  UNIQUE INDEX `idx_func_key`(`func_key`) USING BTREE,
  INDEX `idx_parent_id`(`parent_id`) USING BTREE
) ENGINE = InnoDB AUTO_INCREMENT = 174 CHARACTER SET = utf8mb4 COLLATE = utf8mb4_general_ci ROW_FORMAT = Dynamic;

-- ----------------------------
-- Records of auth_func
-- ----------------------------
INSERT INTO `auth_func` VALUES (2, '权限系统', '/auth', 'dir', 'FacebookOutlined', 1, 'show', 0, '2022-03-19 15:57:28', '2024-06-16 20:51:25');
INSERT INTO `auth_func` VALUES (3, '用户管理', '/auth/user', 'dir', 'UserAddOutlined', 1, 'show', 2, '2022-03-19 16:10:26', '2023-10-05 14:18:01');
INSERT INTO `auth_func` VALUES (4, '角色管理', '/auth/role', 'dir', 'IdcardOutlined', 4, 'show', 2, '2022-03-19 16:11:29', '2023-09-15 21:40:09');
INSERT INTO `auth_func` VALUES (5, '功能管理', '/auth/func', 'dir', 'CloudServerOutlined', 2, 'show', 2, '2022-03-19 16:11:41', '2024-06-16 20:51:29');
INSERT INTO `auth_func` VALUES (6, '资源管理', '/auth/resc', 'dir', 'FundProjectionScreenOutlined', 5, 'show', 2, '2022-03-19 16:11:54', '2023-09-15 21:33:29');
INSERT INTO `auth_func` VALUES (8, '角色删除', 'auth:role:delete', 'func', '', 7, 'show', 4, '2022-03-19 18:23:22', '2023-09-03 18:58:48');
INSERT INTO `auth_func` VALUES (9, '角色更新', 'auth:role:update', 'func', '', 8, 'show', 4, '2022-03-19 18:23:38', '2022-03-19 18:23:40');
INSERT INTO `auth_func` VALUES (11, '角色查询', 'auth:role:page', 'func', '', 9, 'show', 4, '2022-03-19 18:24:02', '2022-03-19 18:24:03');
INSERT INTO `auth_func` VALUES (12, '功能查询', 'auth:func:page', 'func', '', 5, 'show', 5, '2022-03-19 18:24:30', '2023-09-03 18:58:58');
INSERT INTO `auth_func` VALUES (13, '列表查询', 'auth:resc:page', 'func', '', 4, 'show', 6, '2022-03-19 18:24:51', '2023-07-15 23:17:47');
INSERT INTO `auth_func` VALUES (14, '功能新增', 'auth:func:add', 'func', '', 6, 'show', 5, '2022-03-19 18:26:06', '2023-09-03 18:58:59');
INSERT INTO `auth_func` VALUES (26, '资源添加', 'auth:resc:add', 'func', '', 5, 'show', 6, '2022-03-20 21:43:55', '2023-07-15 23:18:31');
INSERT INTO `auth_func` VALUES (27, '资源删除', 'auth:resc:delete', 'func', '', 6, 'show', 6, '2022-03-20 21:44:03', '2023-09-03 18:58:47');
INSERT INTO `auth_func` VALUES (54, '功能删除', 'auth:func:delete', 'func', '', 7, 'show', 5, '2022-03-26 20:57:44', '2023-09-03 18:58:41');
INSERT INTO `auth_func` VALUES (55, '功能更新', 'auth:func:update', 'func', '', 8, 'show', 5, '2022-03-26 20:58:00', '2023-09-03 18:58:43');
INSERT INTO `auth_func` VALUES (56, '资源编辑', 'auth:resc:update', 'func', '', 7, 'show', 6, '2022-03-26 21:00:16', '2023-07-15 23:18:21');
INSERT INTO `auth_func` VALUES (57, '用户查询', 'auth:user:page', 'func', '', 2, 'show', 3, '2022-03-26 21:04:37', '2023-09-09 11:45:35');
INSERT INTO `auth_func` VALUES (60, '用户编辑', 'auth:user:update', 'func', '', 5, 'show', 3, '2022-03-26 21:05:33', '2023-07-15 23:18:48');
INSERT INTO `auth_func` VALUES (61, '用户删除', 'auth:user:delete', 'func', '', 6, 'show', 3, '2022-03-26 21:05:55', '2023-09-23 15:29:31');
INSERT INTO `auth_func` VALUES (62, '分配角色', 'auth:user:roleUpdate', 'func', '', 7, 'show', 3, '2022-03-26 21:06:48', '2023-09-03 18:58:45');
INSERT INTO `auth_func` VALUES (63, '分配用户', 'auth:role:userUpdate', 'func', '', 6, 'show', 4, '2022-03-26 21:08:39', '2023-07-15 15:28:20');
INSERT INTO `auth_func` VALUES (71, '角色授权', '/auth/role/authorized', 'dir', 'HomeOutlined', 5, 'hide', 4, '2022-04-04 17:45:36', '2023-09-15 21:37:22');
INSERT INTO `auth_func` VALUES (72, '角色新增', 'auth:role:add', 'func', '', 10, 'show', 4, '2022-04-16 11:13:19', '2023-07-01 11:12:50');
INSERT INTO `auth_func` VALUES (73, '解绑用户', 'auth:func:userRemove', 'func', '', 9, 'show', 5, '2022-04-16 21:55:19', '2023-07-15 15:27:43');
INSERT INTO `auth_func` VALUES (74, '解绑资源', 'auth:func:rescRemove', 'func', '', 10, 'show', 5, '2022-04-16 22:02:49', '2023-09-03 13:58:36');
INSERT INTO `auth_func` VALUES (75, '用户添加', 'auth:user:add', 'func', '', 8, 'show', 3, '2022-05-02 11:40:57', '2023-07-15 23:19:01');
INSERT INTO `auth_func` VALUES (84, '修改密码', 'auth:user:pwdUpdate', 'func', '', 9, 'show', 3, '2022-05-14 12:20:12', '2023-07-15 15:27:23');
INSERT INTO `auth_func` VALUES (93, '同步系统', '/sync', 'dir', 'HddOutlined', 4, 'show', 1, '2022-09-13 20:54:26', '2023-11-09 20:34:18');
INSERT INTO `auth_func` VALUES (94, '同步计划', '/sync/plan', 'dir', 'CarryOutOutlined', 0, 'show', 93, '2022-09-13 20:54:58', '2024-05-17 21:01:26');
INSERT INTO `auth_func` VALUES (95, '同步记录', '/sync/result', 'dir', 'CloudSyncOutlined', 3, 'show', 93, '2022-12-04 23:48:14', '2023-10-31 09:51:55');
INSERT INTO `auth_func` VALUES (96, '消息回调', '/sync/callback', 'dir', 'PartitionOutlined', 5, 'show', 93, '2022-12-04 23:48:39', '2023-10-14 22:24:08');
INSERT INTO `auth_func` VALUES (97, '本地消息', '/sync/msg', 'dir', 'LaptopOutlined', 4, 'show', 93, '2022-12-04 23:49:04', '2023-10-14 22:24:37');
INSERT INTO `auth_func` VALUES (102, '绑定资源', 'auth:func:rescUpdate', 'func', '', 4, 'show', 5, '2023-06-17 21:00:09', '2023-07-15 23:17:19');
INSERT INTO `auth_func` VALUES (105, '授权初始化', 'auth:role:funcInit', 'func', '', 0, 'show', 71, '2023-06-21 21:02:03', '2023-09-24 21:44:26');
INSERT INTO `auth_func` VALUES (106, '更新授权', 'auth:role:funcUpdate', 'func', '', 0, 'show', 71, '2023-06-21 21:02:29', '2023-10-05 14:19:56');
INSERT INTO `auth_func` VALUES (128, '切换登录', 'auth:user:switchLogin', 'func', '', 9, 'show', 3, '2023-07-15 15:35:51', '2023-07-16 18:19:27');
INSERT INTO `auth_func` VALUES (129, '状态更新', 'auth:user:statusUpdate', 'func', '', 4, 'show', 3, '2023-07-15 20:40:12', '2023-09-23 15:29:39');
INSERT INTO `auth_func` VALUES (136, '计划查询', 'sync:plan:page', 'func', '', 0, 'show', 94, '2023-07-18 20:53:06', '2023-09-03 18:58:32');
INSERT INTO `auth_func` VALUES (137, '新增计划', 'sync:plan:add', 'func', '', 1, 'show', 94, '2023-07-19 21:04:36', '2023-09-03 13:23:09');
INSERT INTO `auth_func` VALUES (138, '编辑计划', 'sync:plan:update', 'func', '', 3, 'show', 94, '2023-07-19 22:08:32', '2023-09-03 18:58:36');
INSERT INTO `auth_func` VALUES (139, '删除计划', 'sync:plan:delete', 'func', '', 4, 'show', 94, '2023-07-19 22:26:53', '2023-07-19 22:26:53');
INSERT INTO `auth_func` VALUES (140, '启用禁用', 'sync:plan:updateStatus', 'func', '', 7, 'show', 94, '2023-09-03 13:19:10', '2023-09-03 15:20:12');
INSERT INTO `auth_func` VALUES (141, '消息列表', 'sync:msg:page', 'func', '', 1, 'show', 97, '2023-09-03 19:10:00', '2023-09-03 19:10:00');
INSERT INTO `auth_func` VALUES (142, '记录列表', 'sync:result:page', 'func', '', 1, 'show', 95, '2023-09-03 19:26:31', '2023-09-03 19:26:31');
INSERT INTO `auth_func` VALUES (143, '标记成功', 'sync:result:signSuccess', 'func', '', 2, 'show', 95, '2023-09-03 19:32:55', '2023-09-03 19:32:55');
INSERT INTO `auth_func` VALUES (144, '重新同步', 'sync:result:repeatSync', 'func', '', 3, 'show', 95, '2023-09-03 19:33:22', '2023-09-03 19:33:22');
INSERT INTO `auth_func` VALUES (145, '校验结果', 'sync:result:validResultData', 'func', '', 4, 'show', 95, '2023-09-03 19:33:48', '2023-09-03 19:33:48');
INSERT INTO `auth_func` VALUES (146, '课程系统', '/edu', 'dir', 'AuditOutlined', 2, 'show', 0, '2023-09-15 21:54:34', '2023-11-09 21:04:06');
INSERT INTO `auth_func` VALUES (148, '课程管理', '/edu/course', 'dir', 'HddOutlined', 0, 'show', 146, '2023-09-15 22:05:27', '2023-10-05 14:19:18');
INSERT INTO `auth_func` VALUES (149, '大章管理', '/edu/chapter', 'dir', 'CopyrightCircleOutlined', 4, 'hide', 146, '2023-09-15 22:05:58', '2023-09-25 13:08:29');
INSERT INTO `auth_func` VALUES (150, '课时管理', '/edu/lesson', 'dir', 'MacCommandOutlined', 3, 'hide', 146, '2023-09-15 22:07:05', '2023-09-25 20:59:32');
INSERT INTO `auth_func` VALUES (151, '课时列表', 'edu:lesson:page', 'func', '', 0, 'show', 150, '2023-09-15 22:12:19', '2023-10-05 14:17:56');
INSERT INTO `auth_func` VALUES (152, '大章列表', 'edu:chapter:page', 'func', '', 1, 'show', 149, '2023-09-15 22:13:09', '2023-10-01 11:01:20');
INSERT INTO `auth_func` VALUES (153, '课程列表', 'edu:course:page', 'func', '', 4, 'show', 148, '2023-09-15 22:14:08', '2023-09-17 22:53:57');
INSERT INTO `auth_func` VALUES (154, '分类管理', '/edu/catalog', 'dir', 'MedicineBoxOutlined', 2, 'show', 146, '2023-09-15 22:31:17', '2023-10-01 11:01:14');
INSERT INTO `auth_func` VALUES (155, '分类列表', 'edu:catalog:tree', 'func', '', 1, 'show', 154, '2023-09-15 22:31:55', '2023-10-05 14:18:07');
INSERT INTO `auth_func` VALUES (156, '功能关联', 'auth:resc:funcSearch', 'func', '', 1, 'show', 6, '2023-09-17 13:18:24', '2023-09-17 13:18:24');
INSERT INTO `auth_func` VALUES (157, '创建课程', '/edu/course/create', 'dir', '', 1, 'hide', 148, '2023-09-17 22:22:21', '2023-10-05 14:18:04');
INSERT INTO `auth_func` VALUES (158, '新增课程', 'edu:course:add', 'func', '', 1, 'show', 157, '2023-09-17 22:22:54', '2023-09-17 22:34:13');
INSERT INTO `auth_func` VALUES (159, '课程上下架', 'edu:course:updateStatus', 'func', '', 4, 'show', 148, '2023-09-17 22:25:09', '2023-09-17 22:54:02');
INSERT INTO `auth_func` VALUES (160, '操作日志', '/auth/log', 'dir', 'CloudSyncOutlined', 7, 'show', 2, '2023-09-28 11:05:24', '2023-09-28 11:05:24');
INSERT INTO `auth_func` VALUES (161, '列表查询', 'auth:log:page', 'func', '', 1, 'show', 160, '2023-09-28 11:06:21', '2023-09-28 11:06:21');
INSERT INTO `auth_func` VALUES (162, '资源刷新', 'auth:resc:refresh', 'func', '', 8, 'show', 6, '2023-09-28 11:51:58', '2023-09-28 11:51:58');
INSERT INTO `auth_func` VALUES (163, '分类新增', 'edu:catalog:add', 'func', '', 1, 'show', 154, '2023-09-28 17:07:42', '2023-10-01 11:01:11');
INSERT INTO `auth_func` VALUES (164, '分类删除', 'edu:catalog:delete', 'func', '', 2, 'show', 154, '2023-09-28 17:08:11', '2023-09-28 23:41:16');
INSERT INTO `auth_func` VALUES (171, '回调列表', 'sync:callback:page', 'func', '', 1, 'show', 96, '2023-11-09 20:35:55', '2023-11-09 20:35:55');
INSERT INTO `auth_func` VALUES (172, '重新回调', 'sync:callback:repeat', 'func', '', 3, 'show', 96, '2023-11-09 20:36:32', '2023-11-11 21:23:42');
INSERT INTO `auth_func` VALUES (173, '计划刷新', 'sync:plan:refresh', 'func', '', 3, 'show', 94, '2023-11-09 20:42:43', '2023-11-11 21:48:14');

-- ----------------------------
-- Table structure for auth_func_resc
-- ----------------------------
DROP TABLE IF EXISTS `auth_func_resc`;
CREATE TABLE `auth_func_resc`  (
  `func_resc_id` int(11) NOT NULL AUTO_INCREMENT COMMENT '主键',
  `func_id` int(11) NOT NULL COMMENT '功能id',
  `resc_id` int(11) NOT NULL COMMENT '资源id',
  PRIMARY KEY (`func_resc_id`) USING BTREE,
  INDEX `idx_func_id`(`func_id`) USING BTREE,
  INDEX `idx_resc_id`(`resc_id`) USING BTREE
) ENGINE = InnoDB AUTO_INCREMENT = 541 CHARACTER SET = utf8mb4 COLLATE = utf8mb4_general_ci ROW_FORMAT = Dynamic;

-- ----------------------------
-- Records of auth_func_resc
-- ----------------------------
INSERT INTO `auth_func_resc` VALUES (307, 27, 24);
INSERT INTO `auth_func_resc` VALUES (312, 73, 39);
INSERT INTO `auth_func_resc` VALUES (313, 72, 19);
INSERT INTO `auth_func_resc` VALUES (322, 11, 18);
INSERT INTO `auth_func_resc` VALUES (329, 13, 20);
INSERT INTO `auth_func_resc` VALUES (330, 13, 41);
INSERT INTO `auth_func_resc` VALUES (339, 8, 15);
INSERT INTO `auth_func_resc` VALUES (382, 62, 9);
INSERT INTO `auth_func_resc` VALUES (383, 62, 10);
INSERT INTO `auth_func_resc` VALUES (387, 26, 21);
INSERT INTO `auth_func_resc` VALUES (390, 55, 30);
INSERT INTO `auth_func_resc` VALUES (391, 55, 29);
INSERT INTO `auth_func_resc` VALUES (403, 14, 32);
INSERT INTO `auth_func_resc` VALUES (404, 74, 40);
INSERT INTO `auth_func_resc` VALUES (405, 9, 16);
INSERT INTO `auth_func_resc` VALUES (406, 9, 17);
INSERT INTO `auth_func_resc` VALUES (410, 12, 33);
INSERT INTO `auth_func_resc` VALUES (411, 12, 34);
INSERT INTO `auth_func_resc` VALUES (456, 102, 30);
INSERT INTO `auth_func_resc` VALUES (457, 102, 44);
INSERT INTO `auth_func_resc` VALUES (458, 84, 42);
INSERT INTO `auth_func_resc` VALUES (459, 63, 35);
INSERT INTO `auth_func_resc` VALUES (460, 63, 36);
INSERT INTO `auth_func_resc` VALUES (461, 57, 1);
INSERT INTO `auth_func_resc` VALUES (462, 57, 11);
INSERT INTO `auth_func_resc` VALUES (463, 129, 12);
INSERT INTO `auth_func_resc` VALUES (464, 129, 14);
INSERT INTO `auth_func_resc` VALUES (468, 128, 45);
INSERT INTO `auth_func_resc` VALUES (470, 56, 23);
INSERT INTO `auth_func_resc` VALUES (471, 56, 22);
INSERT INTO `auth_func_resc` VALUES (474, 106, 38);
INSERT INTO `auth_func_resc` VALUES (475, 106, 43);
INSERT INTO `auth_func_resc` VALUES (477, 105, 37);
INSERT INTO `auth_func_resc` VALUES (500, 153, 57);
INSERT INTO `auth_func_resc` VALUES (502, 159, 59);
INSERT INTO `auth_func_resc` VALUES (505, 61, 3);
INSERT INTO `auth_func_resc` VALUES (508, 155, 60);
INSERT INTO `auth_func_resc` VALUES (510, 161, 62);
INSERT INTO `auth_func_resc` VALUES (511, 162, 63);
INSERT INTO `auth_func_resc` VALUES (512, 163, 64);
INSERT INTO `auth_func_resc` VALUES (513, 164, 65);
INSERT INTO `auth_func_resc` VALUES (520, 158, 58);
INSERT INTO `auth_func_resc` VALUES (521, 60, 4);
INSERT INTO `auth_func_resc` VALUES (522, 60, 2);
INSERT INTO `auth_func_resc` VALUES (523, 60, 11);
INSERT INTO `auth_func_resc` VALUES (524, 75, 27);
INSERT INTO `auth_func_resc` VALUES (526, 142, 73);
INSERT INTO `auth_func_resc` VALUES (527, 143, 74);
INSERT INTO `auth_func_resc` VALUES (528, 144, 76);
INSERT INTO `auth_func_resc` VALUES (529, 145, 75);
INSERT INTO `auth_func_resc` VALUES (530, 141, 69);
INSERT INTO `auth_func_resc` VALUES (531, 171, 78);
INSERT INTO `auth_func_resc` VALUES (532, 172, 79);
INSERT INTO `auth_func_resc` VALUES (533, 136, 66);
INSERT INTO `auth_func_resc` VALUES (534, 137, 71);
INSERT INTO `auth_func_resc` VALUES (535, 138, 67);
INSERT INTO `auth_func_resc` VALUES (536, 138, 70);
INSERT INTO `auth_func_resc` VALUES (537, 139, 72);
INSERT INTO `auth_func_resc` VALUES (538, 140, 68);
INSERT INTO `auth_func_resc` VALUES (539, 173, 77);
INSERT INTO `auth_func_resc` VALUES (540, 54, 31);

-- ----------------------------
-- Table structure for auth_log
-- ----------------------------
DROP TABLE IF EXISTS `auth_log`;
CREATE TABLE `auth_log`  (
  `log_id` int(11) NOT NULL AUTO_INCREMENT COMMENT '日志id',
  `log_info` varchar(64) CHARACTER SET utf8mb4 COLLATE utf8mb4_general_ci NOT NULL COMMENT '日志内容',
  `log_module` int(11) NOT NULL COMMENT '模块类型',
  `log_level` int(11) NOT NULL COMMENT '日志等级',
  `user_id` int(11) NULL DEFAULT NULL COMMENT '操作人id',
  `username` varchar(64) CHARACTER SET utf8mb4 COLLATE utf8mb4_general_ci NULL DEFAULT NULL COMMENT '操作人账号',
  `real_name` varchar(64) CHARACTER SET utf8mb4 COLLATE utf8mb4_general_ci NULL DEFAULT NULL COMMENT '操作人姓名',
  `create_time` datetime NOT NULL COMMENT '创建时间',
  PRIMARY KEY (`log_id`) USING BTREE,
  INDEX `idx_log_module`(`log_module`) USING BTREE,
  INDEX `idx_user_id_name`(`user_id`, `username`) USING BTREE,
  INDEX `idx_log_level`(`log_level`) USING BTREE
) ENGINE = InnoDB AUTO_INCREMENT = 443 CHARACTER SET = utf8mb4 COLLATE = utf8mb4_general_ci ROW_FORMAT = Dynamic;

-- ----------------------------
-- Records of auth_log
-- ----------------------------
INSERT INTO `auth_log` VALUES (1, '用户登录系统', 0, 0, 61, 'admin', '管理员', '2023-09-28 11:03:36');
INSERT INTO `auth_log` VALUES (2, '用户登录系统', 0, 0, 61, 'admin', '管理员', '2023-09-28 11:04:13');
INSERT INTO `auth_log` VALUES (3, '新增资源信息', 2, 1, 61, 'admin', '管理员', '2023-09-28 11:04:54');
INSERT INTO `auth_log` VALUES (4, '新增功能信息', 3, 1, 61, 'admin', '管理员', '2023-09-28 11:05:24');
INSERT INTO `auth_log` VALUES (5, '功能解绑资源', 3, 2, 61, 'admin', '管理员', '2023-09-28 11:05:48');
INSERT INTO `auth_log` VALUES (6, '新增功能信息', 3, 1, 61, 'admin', '管理员', '2023-09-28 11:06:21');
INSERT INTO `auth_log` VALUES (7, '角色分配功能', 1, 2, 61, 'admin', '管理员', '2023-09-28 11:07:08');
INSERT INTO `auth_log` VALUES (8, '角色分配功能', 1, 2, 61, 'admin', '管理员', '2023-09-28 11:07:52');
INSERT INTO `auth_log` VALUES (9, '更新功能信息', 3, 1, 81, 'teacher', '章老师', '2023-09-28 11:08:13');
INSERT INTO `auth_log` VALUES (10, '更新角色信息', 1, 1, 81, 'teacher', '章老师', '2023-09-28 11:08:20');
INSERT INTO `auth_log` VALUES (11, '角色分配功能', 1, 2, 81, 'teacher', '章老师', '2023-09-28 11:08:25');
INSERT INTO `auth_log` VALUES (12, '更新功能信息', 3, 1, 81, 'teacher', '章老师', '2023-09-28 11:08:54');
INSERT INTO `auth_log` VALUES (13, '更新资源信息', 2, 1, 81, 'teacher', '章老师', '2023-09-28 11:09:07');
INSERT INTO `auth_log` VALUES (14, '更新资源信息', 2, 1, 81, 'teacher', '章老师', '2023-09-28 11:10:16');
INSERT INTO `auth_log` VALUES (15, '用户分配角色', 0, 2, 81, 'teacher', '章老师', '2023-09-28 11:10:38');
INSERT INTO `auth_log` VALUES (16, '角色分配功能', 1, 2, 81, 'teacher', '章老师', '2023-09-28 11:10:53');
INSERT INTO `auth_log` VALUES (17, '用户登录系统', 0, 0, 61, 'admin', '管理员', '2023-09-28 11:11:17');
INSERT INTO `auth_log` VALUES (18, '用户登录系统', 0, 0, 61, 'admin', '管理员', '2023-09-28 11:11:40');
INSERT INTO `auth_log` VALUES (19, '用户登录系统', 0, 0, 61, 'admin', '管理员', '2023-09-28 11:12:27');
INSERT INTO `auth_log` VALUES (20, '用户登录系统', 0, 0, 61, 'admin', '管理员', '2023-09-28 11:12:47');
INSERT INTO `auth_log` VALUES (21, '用户注销登录', 0, 0, 61, 'admin', '管理员', '2023-09-28 11:51:01');
INSERT INTO `auth_log` VALUES (22, '用户登录系统', 0, 0, 61, 'admin', '管理员', '2023-09-28 11:51:02');
INSERT INTO `auth_log` VALUES (23, '新增功能信息', 3, 1, 61, 'admin', '管理员', '2023-09-28 11:51:59');
INSERT INTO `auth_log` VALUES (24, '新增资源信息', 2, 1, 61, 'admin', '管理员', '2023-09-28 11:52:27');
INSERT INTO `auth_log` VALUES (25, '角色分配功能', 1, 2, 61, 'admin', '管理员', '2023-09-28 11:53:28');
INSERT INTO `auth_log` VALUES (26, '更新资源信息', 2, 1, 61, 'admin', '管理员', '2023-09-28 12:04:30');
INSERT INTO `auth_log` VALUES (27, '用户注销登录', 0, 0, 61, 'admin', '管理员', '2023-09-28 12:04:43');
INSERT INTO `auth_log` VALUES (28, '用户登录系统', 0, 0, 82, 'student', '学生', '2023-09-28 12:04:46');
INSERT INTO `auth_log` VALUES (29, '用户注销登录', 0, 0, 82, 'student', '学生', '2023-09-28 12:05:31');
INSERT INTO `auth_log` VALUES (30, '用户登录系统', 0, 0, 61, 'admin', '管理员', '2023-09-28 12:05:32');
INSERT INTO `auth_log` VALUES (31, '更新功能信息', 3, 1, 61, 'admin', '管理员', '2023-09-28 12:08:00');
INSERT INTO `auth_log` VALUES (32, '更新角色信息', 1, 1, 61, 'admin', '管理员', '2023-09-28 12:53:15');
INSERT INTO `auth_log` VALUES (33, '新增角色信息', 1, 1, 61, 'admin', '管理员', '2023-09-28 12:53:32');
INSERT INTO `auth_log` VALUES (34, '删除角色信息', 1, 2, 61, 'admin', '管理员', '2023-09-28 12:53:38');
INSERT INTO `auth_log` VALUES (35, '新增角色信息', 1, 1, 61, 'admin', '管理员', '2023-09-28 12:53:46');
INSERT INTO `auth_log` VALUES (36, '删除角色信息', 1, 2, 61, 'admin', '管理员', '2023-09-28 12:53:53');
INSERT INTO `auth_log` VALUES (37, '新增资源信息', 2, 1, 61, 'admin', '管理员', '2023-09-28 17:06:51');
INSERT INTO `auth_log` VALUES (38, '新增资源信息', 2, 1, 61, 'admin', '管理员', '2023-09-28 17:07:13');
INSERT INTO `auth_log` VALUES (39, '新增功能信息', 3, 1, 61, 'admin', '管理员', '2023-09-28 17:07:43');
INSERT INTO `auth_log` VALUES (40, '新增功能信息', 3, 1, 61, 'admin', '管理员', '2023-09-28 17:08:11');
INSERT INTO `auth_log` VALUES (41, '角色分配功能', 1, 2, 61, 'admin', '管理员', '2023-09-28 17:08:38');
INSERT INTO `auth_log` VALUES (42, '更新用户信息', 0, 1, 61, 'admin', '管理员', '2023-09-28 17:32:32');
INSERT INTO `auth_log` VALUES (43, '禁用用户账号', 0, 0, 61, 'admin', '管理员', '2023-09-28 17:32:37');
INSERT INTO `auth_log` VALUES (44, '启用用户账号', 0, 0, 61, 'admin', '管理员', '2023-09-28 17:46:35');
INSERT INTO `auth_log` VALUES (45, '更新角色信息', 1, 1, 61, 'admin', '管理员', '2023-09-28 17:50:02');
INSERT INTO `auth_log` VALUES (46, '更新角色信息', 1, 1, 61, 'admin', '管理员', '2023-09-28 17:51:02');
INSERT INTO `auth_log` VALUES (47, '更新角色信息', 1, 1, 61, 'admin', '管理员', '2023-09-28 17:51:06');
INSERT INTO `auth_log` VALUES (48, '更新资源信息', 2, 1, 61, 'admin', '管理员', '2023-09-28 17:51:14');
INSERT INTO `auth_log` VALUES (49, '用户登录系统', 0, 0, 61, 'admin', '管理员', '2023-09-28 20:20:40');
INSERT INTO `auth_log` VALUES (50, '更新资源信息', 2, 1, 61, 'admin', '管理员', '2023-09-28 20:20:54');
INSERT INTO `auth_log` VALUES (51, '禁用用户账号', 0, 0, 61, 'admin', '管理员', '2023-09-28 20:21:01');
INSERT INTO `auth_log` VALUES (52, '启用用户账号', 0, 0, 61, 'admin', '管理员', '2023-09-28 20:21:06');
INSERT INTO `auth_log` VALUES (53, '更新用户信息', 0, 1, 61, 'admin', '管理员', '2023-09-28 23:35:35');
INSERT INTO `auth_log` VALUES (54, '角色分配功能', 1, 2, 61, 'admin', '管理员', '2023-09-28 23:38:21');
INSERT INTO `auth_log` VALUES (55, '角色分配功能', 1, 2, 61, 'admin', '管理员', '2023-09-28 23:38:35');
INSERT INTO `auth_log` VALUES (56, '用户登录系统', 0, 0, 61, 'admin', '管理员', '2023-09-28 23:38:55');
INSERT INTO `auth_log` VALUES (57, '用户注销登录', 0, 0, 82, 'student', '学生', '2023-09-28 23:39:26');
INSERT INTO `auth_log` VALUES (58, '用户登录系统', 0, 0, 61, 'admin', '管理员', '2023-09-28 23:39:28');
INSERT INTO `auth_log` VALUES (59, '更新资源信息', 2, 1, 61, 'admin', '管理员', '2023-09-28 23:41:06');
INSERT INTO `auth_log` VALUES (60, '更新功能信息', 3, 1, 61, 'admin', '管理员', '2023-09-28 23:41:16');
INSERT INTO `auth_log` VALUES (61, '更新功能信息', 3, 1, 61, 'admin', '管理员', '2023-09-28 23:51:24');
INSERT INTO `auth_log` VALUES (62, '更新资源信息', 2, 1, 61, 'admin', '管理员', '2023-09-28 23:53:33');
INSERT INTO `auth_log` VALUES (63, '禁用用户账号', 0, 0, 61, 'admin', '管理员', '2023-09-28 23:53:39');
INSERT INTO `auth_log` VALUES (64, '启用用户账号', 0, 0, 61, 'admin', '管理员', '2023-09-28 23:53:44');
INSERT INTO `auth_log` VALUES (65, '角色分配功能', 1, 2, 61, 'admin', '管理员', '2023-09-28 23:53:56');
INSERT INTO `auth_log` VALUES (66, '更新资源信息', 2, 1, 61, 'admin', '管理员', '2023-09-28 23:54:03');
INSERT INTO `auth_log` VALUES (67, '角色分配功能', 1, 2, 61, 'admin', '管理员', '2023-09-28 23:54:17');
INSERT INTO `auth_log` VALUES (68, '角色分配功能', 1, 2, 61, 'admin', '管理员', '2023-09-28 23:54:38');
INSERT INTO `auth_log` VALUES (69, '更新角色信息', 1, 1, 61, 'admin', '管理员', '2023-09-29 10:28:07');
INSERT INTO `auth_log` VALUES (70, '角色分配功能', 1, 2, 61, 'admin', '管理员', '2023-09-29 10:29:54');
INSERT INTO `auth_log` VALUES (71, '角色分配功能', 1, 2, 61, 'admin', '管理员', '2023-09-29 10:30:27');
INSERT INTO `auth_log` VALUES (72, '用户注销登录', 0, 0, 82, 'student', '学生', '2023-09-29 10:31:21');
INSERT INTO `auth_log` VALUES (73, '用户登录系统', 0, 0, 61, 'admin', '管理员', '2023-09-29 10:31:21');
INSERT INTO `auth_log` VALUES (74, '用户登录系统', 0, 0, 61, 'admin', '管理员', '2023-09-29 10:42:09');
INSERT INTO `auth_log` VALUES (75, '用户注销登录', 0, 0, 61, 'admin', '管理员', '2023-09-29 10:48:19');
INSERT INTO `auth_log` VALUES (76, '用户登录系统', 0, 0, 61, 'admin', '管理员', '2023-09-29 10:48:20');
INSERT INTO `auth_log` VALUES (77, '更新用户信息', 0, 1, 61, 'admin', '管理员', '2023-09-29 10:48:49');
INSERT INTO `auth_log` VALUES (78, '更新用户信息', 0, 1, 61, 'admin', '管理员', '2023-09-29 10:48:51');
INSERT INTO `auth_log` VALUES (79, '更新用户信息', 0, 1, 61, 'admin', '管理员', '2023-09-29 10:48:53');
INSERT INTO `auth_log` VALUES (80, '更新用户信息', 0, 1, 61, 'admin', '管理员', '2023-09-29 10:48:55');
INSERT INTO `auth_log` VALUES (81, '更新用户信息', 0, 1, 61, 'admin', '管理员', '2023-09-29 10:57:18');
INSERT INTO `auth_log` VALUES (82, '更新用户信息', 0, 1, 61, 'admin', '管理员', '2023-09-29 10:58:55');
INSERT INTO `auth_log` VALUES (83, '更新用户信息', 0, 1, 61, 'admin', '管理员', '2023-09-29 10:59:45');
INSERT INTO `auth_log` VALUES (84, '更新用户信息', 0, 1, 61, 'admin', '管理员', '2023-09-29 11:00:36');
INSERT INTO `auth_log` VALUES (85, '更新用户信息', 0, 1, 61, 'admin', '管理员', '2023-09-29 11:09:00');
INSERT INTO `auth_log` VALUES (86, '更新用户信息', 0, 1, 61, 'admin', '管理员', '2023-09-29 11:09:20');
INSERT INTO `auth_log` VALUES (87, '更新用户信息', 0, 1, 61, 'admin', '管理员', '2023-09-29 11:13:18');
INSERT INTO `auth_log` VALUES (88, '更新用户信息', 0, 1, 61, 'admin', '管理员', '2023-09-29 11:13:20');
INSERT INTO `auth_log` VALUES (89, '更新用户信息', 0, 1, 61, 'admin', '管理员', '2023-09-29 11:13:21');
INSERT INTO `auth_log` VALUES (90, '更新用户信息', 0, 1, 61, 'admin', '管理员', '2023-09-29 11:14:16');
INSERT INTO `auth_log` VALUES (91, '更新用户信息', 0, 1, 61, 'admin', '管理员', '2023-09-29 11:15:15');
INSERT INTO `auth_log` VALUES (92, '更新用户信息', 0, 1, 61, 'admin', '管理员', '2023-09-29 11:33:41');
INSERT INTO `auth_log` VALUES (93, '更新用户信息', 0, 1, 61, 'admin', '管理员', '2023-09-29 11:33:43');
INSERT INTO `auth_log` VALUES (94, '更新用户信息', 0, 1, 61, 'admin', '管理员', '2023-09-29 11:33:46');
INSERT INTO `auth_log` VALUES (95, '用户登录系统', 0, 0, 61, 'admin', '管理员', '2023-09-29 20:40:51');
INSERT INTO `auth_log` VALUES (96, '新增资源信息', 2, 1, 61, 'admin', '管理员', '2023-09-29 20:52:16');
INSERT INTO `auth_log` VALUES (97, '更新用户信息', 0, 1, 61, 'admin', '管理员', '2023-09-29 22:35:48');
INSERT INTO `auth_log` VALUES (98, '角色分配功能', 1, 2, 61, 'admin', '管理员', '2023-09-29 22:36:55');
INSERT INTO `auth_log` VALUES (99, '更新用户信息', 0, 1, 61, 'admin', '管理员', '2023-09-29 22:37:02');
INSERT INTO `auth_log` VALUES (100, '更新用户信息', 0, 1, 61, 'admin', '管理员', '2023-09-29 22:37:05');
INSERT INTO `auth_log` VALUES (101, '更新功能信息', 3, 1, 61, 'admin', '管理员', '2023-09-29 22:48:03');
INSERT INTO `auth_log` VALUES (102, '更新功能信息', 3, 1, 61, 'admin', '管理员', '2023-09-29 22:48:24');
INSERT INTO `auth_log` VALUES (103, '用户注销登录', 0, 0, 82, 'student', '学生', '2023-09-29 22:52:12');
INSERT INTO `auth_log` VALUES (104, '用户登录系统', 0, 0, 61, 'admin', '管理员', '2023-09-29 22:52:13');
INSERT INTO `auth_log` VALUES (105, '角色分配功能', 1, 2, 61, 'admin', '管理员', '2023-09-29 22:58:28');
INSERT INTO `auth_log` VALUES (106, '角色分配功能', 1, 2, 61, 'admin', '管理员', '2023-09-29 22:58:36');
INSERT INTO `auth_log` VALUES (107, '角色分配功能', 1, 2, 61, 'admin', '管理员', '2023-09-29 22:59:04');
INSERT INTO `auth_log` VALUES (108, '角色分配功能', 1, 2, 61, 'admin', '管理员', '2023-09-29 22:59:13');
INSERT INTO `auth_log` VALUES (109, '用户登录系统', 0, 0, 61, 'admin', '管理员', '2023-10-01 10:28:02');
INSERT INTO `auth_log` VALUES (110, '更新用户信息', 0, 1, 61, 'admin', '管理员', '2023-10-01 10:28:29');
INSERT INTO `auth_log` VALUES (111, '更新角色信息', 1, 1, 61, 'admin', '管理员', '2023-10-01 10:31:14');
INSERT INTO `auth_log` VALUES (112, '更新角色信息', 1, 1, 61, 'admin', '管理员', '2023-10-01 10:31:15');
INSERT INTO `auth_log` VALUES (113, '更新角色信息', 1, 1, 61, 'admin', '管理员', '2023-10-01 10:31:18');
INSERT INTO `auth_log` VALUES (114, '更新角色信息', 1, 1, 61, 'admin', '管理员', '2023-10-01 10:31:20');
INSERT INTO `auth_log` VALUES (115, '更新角色信息', 1, 1, 61, 'admin', '管理员', '2023-10-01 10:31:22');
INSERT INTO `auth_log` VALUES (116, '更新用户信息', 0, 1, 61, 'admin', '管理员', '2023-10-01 10:31:26');
INSERT INTO `auth_log` VALUES (117, '更新功能信息', 3, 1, 61, 'admin', '管理员', '2023-10-01 10:31:29');
INSERT INTO `auth_log` VALUES (118, '更新功能信息', 3, 1, 61, 'admin', '管理员', '2023-10-01 10:33:35');
INSERT INTO `auth_log` VALUES (119, '更新用户信息', 0, 1, 61, 'admin', '管理员', '2023-10-01 11:00:55');
INSERT INTO `auth_log` VALUES (120, '更新用户信息', 0, 1, 61, 'admin', '管理员', '2023-10-01 11:00:57');
INSERT INTO `auth_log` VALUES (121, '更新用户信息', 0, 1, 61, 'admin', '管理员', '2023-10-01 11:00:59');
INSERT INTO `auth_log` VALUES (122, '更新功能信息', 3, 1, 61, 'admin', '管理员', '2023-10-01 11:01:04');
INSERT INTO `auth_log` VALUES (123, '更新功能信息', 3, 1, 61, 'admin', '管理员', '2023-10-01 11:01:07');
INSERT INTO `auth_log` VALUES (124, '更新功能信息', 3, 1, 61, 'admin', '管理员', '2023-10-01 11:01:09');
INSERT INTO `auth_log` VALUES (125, '更新功能信息', 3, 1, 61, 'admin', '管理员', '2023-10-01 11:01:11');
INSERT INTO `auth_log` VALUES (126, '更新功能信息', 3, 1, 61, 'admin', '管理员', '2023-10-01 11:01:14');
INSERT INTO `auth_log` VALUES (127, '更新功能信息', 3, 1, 61, 'admin', '管理员', '2023-10-01 11:01:16');
INSERT INTO `auth_log` VALUES (128, '更新功能信息', 3, 1, 61, 'admin', '管理员', '2023-10-01 11:01:20');
INSERT INTO `auth_log` VALUES (129, '更新功能信息', 3, 1, 61, 'admin', '管理员', '2023-10-01 11:01:22');
INSERT INTO `auth_log` VALUES (130, '更新功能信息', 3, 1, 61, 'admin', '管理员', '2023-10-01 11:01:24');
INSERT INTO `auth_log` VALUES (131, '更新角色信息', 1, 1, 61, 'admin', '管理员', '2023-10-01 11:01:37');
INSERT INTO `auth_log` VALUES (132, '更新角色信息', 1, 1, 61, 'admin', '管理员', '2023-10-01 11:01:39');
INSERT INTO `auth_log` VALUES (133, '更新角色信息', 1, 1, 61, 'admin', '管理员', '2023-10-01 11:01:40');
INSERT INTO `auth_log` VALUES (134, '更新资源信息', 2, 1, 61, 'admin', '管理员', '2023-10-01 11:01:43');
INSERT INTO `auth_log` VALUES (135, '更新资源信息', 2, 1, 61, 'admin', '管理员', '2023-10-01 11:01:45');
INSERT INTO `auth_log` VALUES (136, '更新资源信息', 2, 1, 61, 'admin', '管理员', '2023-10-01 11:01:47');
INSERT INTO `auth_log` VALUES (137, '更新资源信息', 2, 1, 61, 'admin', '管理员', '2023-10-01 11:01:49');
INSERT INTO `auth_log` VALUES (138, '用户登录系统', 0, 0, 61, 'admin', '管理员', '2023-10-05 00:33:50');
INSERT INTO `auth_log` VALUES (139, '更新用户信息', 0, 1, 61, 'admin', '管理员', '2023-10-05 00:34:27');
INSERT INTO `auth_log` VALUES (140, '用户登录系统', 0, 0, 61, 'admin', '管理员', '2023-10-05 14:13:40');
INSERT INTO `auth_log` VALUES (141, '更新资源信息', 2, 1, 61, 'admin', '管理员', '2023-10-05 14:14:39');
INSERT INTO `auth_log` VALUES (142, '更新资源信息', 2, 1, 61, 'admin', '管理员', '2023-10-05 14:14:45');
INSERT INTO `auth_log` VALUES (143, '更新功能信息', 3, 1, 61, 'admin', '管理员', '2023-10-05 14:17:53');
INSERT INTO `auth_log` VALUES (144, '更新功能信息', 3, 1, 61, 'admin', '管理员', '2023-10-05 14:17:56');
INSERT INTO `auth_log` VALUES (145, '更新功能信息', 3, 1, 61, 'admin', '管理员', '2023-10-05 14:18:01');
INSERT INTO `auth_log` VALUES (146, '更新功能信息', 3, 1, 61, 'admin', '管理员', '2023-10-05 14:18:04');
INSERT INTO `auth_log` VALUES (147, '更新功能信息', 3, 1, 61, 'admin', '管理员', '2023-10-05 14:18:07');
INSERT INTO `auth_log` VALUES (148, '更新功能信息', 3, 1, 61, 'admin', '管理员', '2023-10-05 14:18:09');
INSERT INTO `auth_log` VALUES (149, '更新功能信息', 3, 1, 61, 'admin', '管理员', '2023-10-05 14:18:16');
INSERT INTO `auth_log` VALUES (150, '更新功能信息', 3, 1, 61, 'admin', '管理员', '2023-10-05 14:18:20');
INSERT INTO `auth_log` VALUES (151, '更新功能信息', 3, 1, 61, 'admin', '管理员', '2023-10-05 14:18:23');
INSERT INTO `auth_log` VALUES (152, '更新功能信息', 3, 1, 61, 'admin', '管理员', '2023-10-05 14:19:18');
INSERT INTO `auth_log` VALUES (153, '更新功能信息', 3, 1, 61, 'admin', '管理员', '2023-10-05 14:19:50');
INSERT INTO `auth_log` VALUES (154, '更新功能信息', 3, 1, 61, 'admin', '管理员', '2023-10-05 14:19:53');
INSERT INTO `auth_log` VALUES (155, '更新功能信息', 3, 1, 61, 'admin', '管理员', '2023-10-05 14:19:56');
INSERT INTO `auth_log` VALUES (156, '更新功能信息', 3, 1, 61, 'admin', '管理员', '2023-10-05 14:19:58');
INSERT INTO `auth_log` VALUES (157, '更新功能信息', 3, 1, 61, 'admin', '管理员', '2023-10-05 14:20:20');
INSERT INTO `auth_log` VALUES (158, '更新功能信息', 3, 1, 61, 'admin', '管理员', '2023-10-05 14:20:21');
INSERT INTO `auth_log` VALUES (159, '更新功能信息', 3, 1, 61, 'admin', '管理员', '2023-10-05 14:21:19');
INSERT INTO `auth_log` VALUES (160, '更新功能信息', 3, 1, 61, 'admin', '管理员', '2023-10-05 14:21:58');
INSERT INTO `auth_log` VALUES (161, '用户登录系统', 0, 0, 61, 'admin', '管理员', '2023-10-05 14:27:16');
INSERT INTO `auth_log` VALUES (162, '更新用户信息', 0, 1, 61, 'admin', '管理员', '2023-10-05 14:37:48');
INSERT INTO `auth_log` VALUES (163, '更新用户信息', 0, 1, 61, 'admin', '管理员', '2023-10-05 14:37:51');
INSERT INTO `auth_log` VALUES (164, '更新角色信息', 1, 1, 61, 'admin', '管理员', '2023-10-05 15:32:46');
INSERT INTO `auth_log` VALUES (165, '更新角色信息', 1, 1, 61, 'admin', '管理员', '2023-10-05 15:32:48');
INSERT INTO `auth_log` VALUES (166, '更新角色信息', 1, 1, 61, 'admin', '管理员', '2023-10-05 15:32:50');
INSERT INTO `auth_log` VALUES (167, '更新资源信息', 2, 1, 61, 'admin', '管理员', '2023-10-05 15:39:47');
INSERT INTO `auth_log` VALUES (168, '删除资源信息', 2, 2, 61, 'admin', '管理员', '2023-10-05 15:40:02');
INSERT INTO `auth_log` VALUES (169, '用户登录系统', 0, 0, 61, 'admin', '管理员', '2023-10-08 20:19:08');
INSERT INTO `auth_log` VALUES (170, '用户登录系统', 0, 0, 61, 'admin', '管理员', '2023-10-08 20:19:18');
INSERT INTO `auth_log` VALUES (171, '用户登录系统', 0, 0, 61, 'admin', '管理员', '2023-10-15 00:17:46');
INSERT INTO `auth_log` VALUES (172, '用户登录系统', 0, 0, 61, 'admin', '管理员', '2023-10-21 21:37:25');
INSERT INTO `auth_log` VALUES (173, '新增资源信息', 2, 1, 61, 'admin', '管理员', '2023-10-21 21:47:46');
INSERT INTO `auth_log` VALUES (174, '新增功能信息', 3, 1, 61, 'admin', '管理员', '2023-10-21 21:48:40');
INSERT INTO `auth_log` VALUES (175, '角色分配功能', 1, 2, 61, 'admin', '管理员', '2023-10-21 21:48:52');
INSERT INTO `auth_log` VALUES (176, '更新用户信息', 0, 1, 61, 'admin', '管理员', '2023-10-21 21:49:53');
INSERT INTO `auth_log` VALUES (178, '更新用户信息', 0, 1, 61, 'admin', '管理员', '2023-10-21 21:53:03');
INSERT INTO `auth_log` VALUES (179, '更新用户信息', 0, 1, 61, 'admin', '管理员', '2023-10-21 21:53:12');
INSERT INTO `auth_log` VALUES (180, '更新用户信息', 0, 1, 61, 'admin', '管理员', '2023-10-21 21:53:16');
INSERT INTO `auth_log` VALUES (181, '更新用户信息', 0, 1, 61, 'admin', '管理员', '2023-10-21 21:53:43');
INSERT INTO `auth_log` VALUES (182, '更新用户信息', 0, 1, 61, 'admin', '管理员', '2023-10-21 21:53:46');
INSERT INTO `auth_log` VALUES (183, '更新用户信息', 0, 1, 61, 'admin', '管理员', '2023-10-21 21:54:21');
INSERT INTO `auth_log` VALUES (184, '更新用户信息', 0, 1, 61, 'admin', '管理员', '2023-10-21 21:54:25');
INSERT INTO `auth_log` VALUES (185, '更新用户信息', 0, 1, 61, 'admin', '管理员', '2023-10-21 21:54:32');
INSERT INTO `auth_log` VALUES (186, '更新用户信息', 0, 1, 61, 'admin', '管理员', '2023-10-21 21:54:35');
INSERT INTO `auth_log` VALUES (187, '更新用户信息', 0, 1, 61, 'admin', '管理员', '2023-10-21 21:54:37');
INSERT INTO `auth_log` VALUES (188, '更新用户信息', 0, 1, 61, 'admin', '管理员', '2023-10-21 21:54:39');
INSERT INTO `auth_log` VALUES (189, '更新用户信息', 0, 1, 61, 'admin', '管理员', '2023-10-21 21:54:41');
INSERT INTO `auth_log` VALUES (190, '更新用户信息', 0, 1, 61, 'admin', '管理员', '2023-10-21 21:54:53');
INSERT INTO `auth_log` VALUES (191, '角色分配功能', 1, 2, 61, 'admin', '管理员', '2023-10-21 21:56:39');
INSERT INTO `auth_log` VALUES (192, '角色分配功能', 1, 2, 61, 'admin', '管理员', '2023-10-21 21:56:44');
INSERT INTO `auth_log` VALUES (193, '更新用户信息', 0, 1, 81, 'teacher', '章老师', '2023-10-21 21:57:34');
INSERT INTO `auth_log` VALUES (194, '更新用户信息', 0, 1, 81, 'teacher', '章老师', '2023-10-21 21:57:36');
INSERT INTO `auth_log` VALUES (195, '用户登录系统', 0, 0, 61, 'admin', '管理员', '2023-10-22 10:49:48');
INSERT INTO `auth_log` VALUES (196, '用户注销登录', 0, 0, 61, 'admin', '管理员', '2023-10-22 10:51:45');
INSERT INTO `auth_log` VALUES (197, '用户登录系统', 0, 0, 61, 'admin', '管理员', '2023-10-22 10:51:53');
INSERT INTO `auth_log` VALUES (198, '用户注销登录', 0, 0, 61, 'admin', '管理员', '2023-10-22 10:57:01');
INSERT INTO `auth_log` VALUES (199, '用户登录系统', 0, 0, 61, 'admin', '管理员', '2023-10-22 10:57:04');
INSERT INTO `auth_log` VALUES (200, '用户登录系统', 0, 0, 61, 'admin', '管理员', '2023-10-22 10:58:23');
INSERT INTO `auth_log` VALUES (201, '用户登录系统', 0, 0, 61, 'admin', '管理员', '2023-10-22 11:00:34');
INSERT INTO `auth_log` VALUES (202, '更新用户信息', 0, 1, 61, 'admin', '管理员', '2023-10-22 11:00:47');
INSERT INTO `auth_log` VALUES (203, '更新用户信息', 0, 1, 61, 'admin', '管理员', '2023-10-22 11:00:52');
INSERT INTO `auth_log` VALUES (204, '更新用户信息', 0, 1, 61, 'admin', '管理员', '2023-10-22 11:00:54');
INSERT INTO `auth_log` VALUES (205, '更新用户信息', 0, 1, 82, 'student', '学生', '2023-10-22 11:03:22');
INSERT INTO `auth_log` VALUES (206, '更新用户信息', 0, 1, 82, 'student', '学生', '2023-10-22 11:03:24');
INSERT INTO `auth_log` VALUES (207, '更新用户信息', 0, 1, 82, 'student', '学生', '2023-10-22 11:03:27');
INSERT INTO `auth_log` VALUES (208, '更新用户信息', 0, 1, 82, 'student', '学生', '2023-10-22 11:03:29');
INSERT INTO `auth_log` VALUES (209, '更新用户信息', 0, 1, 82, 'student', '学生', '2023-10-22 11:03:31');
INSERT INTO `auth_log` VALUES (210, '更新用户信息', 0, 1, 82, 'student', '学生', '2023-10-22 11:03:33');
INSERT INTO `auth_log` VALUES (211, '更新用户信息', 0, 1, 82, 'student', '学生', '2023-10-22 11:03:41');
INSERT INTO `auth_log` VALUES (212, '更新用户信息', 0, 1, 82, 'student', '学生', '2023-10-22 11:03:43');
INSERT INTO `auth_log` VALUES (213, '更新用户信息', 0, 1, 82, 'student', '学生', '2023-10-22 11:03:45');
INSERT INTO `auth_log` VALUES (214, '更新用户信息', 0, 1, 82, 'student', '学生', '2023-10-22 11:03:47');
INSERT INTO `auth_log` VALUES (215, '更新用户信息', 0, 1, 82, 'student', '学生', '2023-10-22 11:03:59');
INSERT INTO `auth_log` VALUES (216, '更新用户信息', 0, 1, 82, 'student', '学生', '2023-10-22 11:04:06');
INSERT INTO `auth_log` VALUES (217, '更新用户信息', 0, 1, 82, 'student', '学生', '2023-10-22 11:04:09');
INSERT INTO `auth_log` VALUES (218, '用户登录系统', 0, 0, 61, 'admin', '管理员', '2023-10-22 18:48:56');
INSERT INTO `auth_log` VALUES (219, '用户登录系统', 0, 0, 61, 'admin', '管理员', '2023-10-22 18:51:57');
INSERT INTO `auth_log` VALUES (220, '用户登录系统', 0, 0, 61, 'admin', '管理员', '2023-10-22 18:53:03');
INSERT INTO `auth_log` VALUES (221, '用户注销登录', 0, 0, 61, 'admin', '管理员', '2023-10-22 18:53:20');
INSERT INTO `auth_log` VALUES (222, '用户登录系统', 0, 0, 61, 'admin', '管理员', '2023-10-22 18:53:21');
INSERT INTO `auth_log` VALUES (223, '功能解绑用户', 3, 2, 61, 'admin', '管理员', '2023-10-22 18:54:35');
INSERT INTO `auth_log` VALUES (224, '功能解绑资源', 3, 2, 61, 'admin', '管理员', '2023-10-22 18:54:37');
INSERT INTO `auth_log` VALUES (225, '删除功能信息', 3, 2, 61, 'admin', '管理员', '2023-10-22 18:54:48');
INSERT INTO `auth_log` VALUES (226, '用户注销登录', 0, 0, 61, 'admin', '管理员', '2023-10-22 18:54:56');
INSERT INTO `auth_log` VALUES (227, '用户登录系统', 0, 0, 61, 'admin', '管理员', '2023-10-22 18:54:57');
INSERT INTO `auth_log` VALUES (228, '更新用户信息', 0, 1, 61, 'admin', '管理员', '2023-10-22 19:14:26');
INSERT INTO `auth_log` VALUES (229, '更新用户信息', 0, 1, 61, 'admin', '管理员', '2023-10-22 19:32:04');
INSERT INTO `auth_log` VALUES (230, '删除资源信息', 2, 2, 61, 'admin', '管理员', '2023-10-22 19:42:24');
INSERT INTO `auth_log` VALUES (231, '更新用户信息', 0, 1, 61, 'admin', '管理员', '2023-10-22 19:42:32');
INSERT INTO `auth_log` VALUES (232, '更新用户信息', 0, 1, 61, 'admin', '管理员', '2023-10-22 19:42:37');
INSERT INTO `auth_log` VALUES (233, '用户登录系统', 0, 0, 61, 'admin', '管理员', '2023-10-22 23:25:12');
INSERT INTO `auth_log` VALUES (234, '更新用户信息', 0, 1, 61, 'admin', '管理员', '2023-10-22 23:33:27');
INSERT INTO `auth_log` VALUES (235, '更新用户信息', 0, 1, 61, 'admin', '管理员', '2023-10-22 23:48:22');
INSERT INTO `auth_log` VALUES (236, '更新用户信息', 0, 1, 61, 'admin', '管理员', '2023-10-22 23:49:06');
INSERT INTO `auth_log` VALUES (237, '更新用户信息', 0, 1, 61, 'admin', '管理员', '2023-10-22 23:49:12');
INSERT INTO `auth_log` VALUES (238, '更新用户信息', 0, 1, 61, 'admin', '管理员', '2023-10-22 23:49:40');
INSERT INTO `auth_log` VALUES (239, '更新用户信息', 0, 1, 61, 'admin', '管理员', '2023-10-22 23:49:42');
INSERT INTO `auth_log` VALUES (240, '更新用户信息', 0, 1, 61, 'admin', '管理员', '2023-10-22 23:49:44');
INSERT INTO `auth_log` VALUES (241, '更新用户信息', 0, 1, 61, 'admin', '管理员', '2023-10-22 23:50:12');
INSERT INTO `auth_log` VALUES (242, '更新用户信息', 0, 1, 61, 'admin', '管理员', '2023-10-22 23:50:50');
INSERT INTO `auth_log` VALUES (243, '更新用户信息', 0, 1, 61, 'admin', '管理员', '2023-10-22 23:51:08');
INSERT INTO `auth_log` VALUES (244, '更新用户信息', 0, 1, 61, 'admin', '管理员', '2023-10-22 23:51:15');
INSERT INTO `auth_log` VALUES (245, '更新用户信息', 0, 1, 61, 'admin', '管理员', '2023-10-22 23:51:17');
INSERT INTO `auth_log` VALUES (246, '更新用户信息', 0, 1, 61, 'admin', '管理员', '2023-10-22 23:51:20');
INSERT INTO `auth_log` VALUES (247, '更新用户信息', 0, 1, 61, 'admin', '管理员', '2023-10-22 23:53:39');
INSERT INTO `auth_log` VALUES (248, '更新用户信息', 0, 1, 61, 'admin', '管理员', '2023-10-22 23:53:42');
INSERT INTO `auth_log` VALUES (249, '更新用户信息', 0, 1, 61, 'admin', '管理员', '2023-10-22 23:53:44');
INSERT INTO `auth_log` VALUES (250, '更新用户信息', 0, 1, 61, 'admin', '管理员', '2023-10-22 23:53:47');
INSERT INTO `auth_log` VALUES (251, '更新用户信息', 0, 1, 61, 'admin', '管理员', '2023-10-22 23:54:10');
INSERT INTO `auth_log` VALUES (252, '更新用户信息', 0, 1, 61, 'admin', '管理员', '2023-10-22 23:54:13');
INSERT INTO `auth_log` VALUES (253, '更新用户信息', 0, 1, 61, 'admin', '管理员', '2023-10-22 23:54:15');
INSERT INTO `auth_log` VALUES (254, '更新用户信息', 0, 1, 61, 'admin', '管理员', '2023-10-22 23:54:19');
INSERT INTO `auth_log` VALUES (255, '用户注销登录', 0, 0, 61, 'admin', '管理员', '2023-10-22 23:56:39');
INSERT INTO `auth_log` VALUES (256, '用户登录系统', 0, 0, 61, 'admin', '管理员', '2023-10-22 23:58:08');
INSERT INTO `auth_log` VALUES (257, '用户登录系统', 0, 0, 82, 'student', '学生', '2023-10-22 23:58:38');
INSERT INTO `auth_log` VALUES (258, '更新用户信息', 0, 1, 82, 'student', '学生', '2023-10-22 23:58:47');
INSERT INTO `auth_log` VALUES (259, '更新用户信息', 0, 1, 82, 'student', '学生', '2023-10-22 23:58:50');
INSERT INTO `auth_log` VALUES (260, '更新用户信息', 0, 1, 82, 'student', '学生', '2023-10-22 23:58:53');
INSERT INTO `auth_log` VALUES (261, '更新用户信息', 0, 1, 82, 'student', '学生', '2023-10-22 23:58:56');
INSERT INTO `auth_log` VALUES (262, '更新用户信息', 0, 1, 82, 'student', '学生', '2023-10-22 23:58:58');
INSERT INTO `auth_log` VALUES (263, '更新用户信息', 0, 1, 61, 'admin', '管理员', '2023-10-23 00:00:22');
INSERT INTO `auth_log` VALUES (264, '更新用户信息', 0, 1, 61, 'admin', '管理员', '2023-10-23 00:00:24');
INSERT INTO `auth_log` VALUES (265, '用户登录系统', 0, 0, 61, 'admin', '管理员', '2023-10-29 14:37:54');
INSERT INTO `auth_log` VALUES (266, '更新用户信息', 0, 1, 61, 'admin', '管理员', '2023-10-29 14:38:20');
INSERT INTO `auth_log` VALUES (267, '用户登录系统', 0, 0, 61, 'admin', '管理员', '2023-10-29 14:42:44');
INSERT INTO `auth_log` VALUES (268, '角色分配功能', 1, 2, 82, 'student', '学生', '2023-10-29 14:50:26');
INSERT INTO `auth_log` VALUES (269, '用户注销登录', 0, 0, 82, 'student', '学生', '2023-10-29 14:50:48');
INSERT INTO `auth_log` VALUES (270, '用户登录系统', 0, 0, 61, 'admin', '管理员', '2023-10-29 14:50:48');
INSERT INTO `auth_log` VALUES (271, '删除资源信息', 2, 2, 61, 'admin', '管理员', '2023-10-29 14:53:48');
INSERT INTO `auth_log` VALUES (272, '用户登录系统', 0, 0, 61, 'admin', '管理员', '2023-11-02 20:22:26');
INSERT INTO `auth_log` VALUES (273, '更新角色信息', 1, 1, 61, 'admin', '管理员', '2023-11-02 20:23:10');
INSERT INTO `auth_log` VALUES (274, '更新角色信息', 1, 1, 61, 'admin', '管理员', '2023-11-02 20:23:13');
INSERT INTO `auth_log` VALUES (275, '更新资源信息', 2, 1, 61, 'admin', '管理员', '2023-11-02 20:23:20');
INSERT INTO `auth_log` VALUES (276, '用户登录系统', 0, 0, 61, 'admin', '管理员', '2023-11-09 20:17:07');
INSERT INTO `auth_log` VALUES (277, '新增功能信息', 3, 1, 61, 'admin', '管理员', '2023-11-09 20:17:40');
INSERT INTO `auth_log` VALUES (278, '更新功能信息', 3, 1, 61, 'admin', '管理员', '2023-11-09 20:17:52');
INSERT INTO `auth_log` VALUES (279, '新增功能信息', 3, 1, 61, 'admin', '管理员', '2023-11-09 20:18:14');
INSERT INTO `auth_log` VALUES (280, '新增功能信息', 3, 1, 61, 'admin', '管理员', '2023-11-09 20:18:39');
INSERT INTO `auth_log` VALUES (281, '新增功能信息', 3, 1, 61, 'admin', '管理员', '2023-11-09 20:19:02');
INSERT INTO `auth_log` VALUES (282, '新增功能信息', 3, 1, 61, 'admin', '管理员', '2023-11-09 20:19:19');
INSERT INTO `auth_log` VALUES (283, '角色分配功能', 1, 2, 61, 'admin', '管理员', '2023-11-09 20:19:35');
INSERT INTO `auth_log` VALUES (284, '更新功能信息', 3, 1, 61, 'admin', '管理员', '2023-11-09 20:19:57');
INSERT INTO `auth_log` VALUES (285, '更新功能信息', 3, 1, 61, 'admin', '管理员', '2023-11-09 20:20:18');
INSERT INTO `auth_log` VALUES (286, '更新功能信息', 3, 1, 61, 'admin', '管理员', '2023-11-09 20:20:26');
INSERT INTO `auth_log` VALUES (287, '更新功能信息', 3, 1, 61, 'admin', '管理员', '2023-11-09 20:20:34');
INSERT INTO `auth_log` VALUES (288, '更新用户信息', 0, 1, 61, 'admin', '管理员', '2023-11-09 20:20:46');
INSERT INTO `auth_log` VALUES (289, '用户登录系统', 0, 0, 61, 'admin', '管理员', '2023-11-09 20:31:43');
INSERT INTO `auth_log` VALUES (290, '更新功能信息', 3, 1, 61, 'admin', '管理员', '2023-11-09 20:32:45');
INSERT INTO `auth_log` VALUES (291, '角色分配功能', 1, 2, 61, 'admin', '管理员', '2023-11-09 20:33:35');
INSERT INTO `auth_log` VALUES (292, '删除功能信息', 3, 2, 61, 'admin', '管理员', '2023-11-09 20:33:40');
INSERT INTO `auth_log` VALUES (293, '删除功能信息', 3, 2, 61, 'admin', '管理员', '2023-11-09 20:33:42');
INSERT INTO `auth_log` VALUES (294, '删除功能信息', 3, 2, 61, 'admin', '管理员', '2023-11-09 20:33:43');
INSERT INTO `auth_log` VALUES (295, '删除功能信息', 3, 2, 61, 'admin', '管理员', '2023-11-09 20:33:44');
INSERT INTO `auth_log` VALUES (296, '删除功能信息', 3, 2, 61, 'admin', '管理员', '2023-11-09 20:33:46');
INSERT INTO `auth_log` VALUES (297, '更新功能信息', 3, 1, 61, 'admin', '管理员', '2023-11-09 20:34:18');
INSERT INTO `auth_log` VALUES (298, '新增功能信息', 3, 1, 61, 'admin', '管理员', '2023-11-09 20:35:55');
INSERT INTO `auth_log` VALUES (299, '新增功能信息', 3, 1, 61, 'admin', '管理员', '2023-11-09 20:36:32');
INSERT INTO `auth_log` VALUES (300, '角色分配功能', 1, 2, 61, 'admin', '管理员', '2023-11-09 20:37:58');
INSERT INTO `auth_log` VALUES (301, '新增功能信息', 3, 1, 61, 'admin', '管理员', '2023-11-09 20:42:43');
INSERT INTO `auth_log` VALUES (302, '角色分配功能', 1, 2, 61, 'admin', '管理员', '2023-11-09 20:43:10');
INSERT INTO `auth_log` VALUES (303, '更新用户信息', 0, 1, 61, 'admin', '管理员', '2023-11-09 20:47:26');
INSERT INTO `auth_log` VALUES (304, '更新用户信息', 0, 1, 61, 'admin', '管理员', '2023-11-09 20:47:28');
INSERT INTO `auth_log` VALUES (305, '更新用户信息', 0, 1, 61, 'admin', '管理员', '2023-11-09 20:47:30');
INSERT INTO `auth_log` VALUES (306, '用户登录系统', 0, 0, 61, 'admin', '管理员', '2023-11-09 20:55:56');
INSERT INTO `auth_log` VALUES (307, '用户注销登录', 0, 0, 61, 'admin', '管理员', '2023-11-09 20:58:41');
INSERT INTO `auth_log` VALUES (308, '用户登录系统', 0, 0, 61, 'admin', '管理员', '2023-11-09 21:02:37');
INSERT INTO `auth_log` VALUES (309, '更新功能信息', 3, 1, 61, 'admin', '管理员', '2023-11-09 21:03:23');
INSERT INTO `auth_log` VALUES (310, '更新功能信息', 3, 1, 61, 'admin', '管理员', '2023-11-09 21:04:07');
INSERT INTO `auth_log` VALUES (311, '角色分配功能', 1, 2, 61, 'admin', '管理员', '2023-11-09 21:24:45');
INSERT INTO `auth_log` VALUES (312, '用户登录系统', 0, 0, 61, 'admin', '管理员', '2023-11-10 09:24:28');
INSERT INTO `auth_log` VALUES (313, '用户登录系统', 0, 0, 61, 'admin', '管理员', '2023-11-10 13:47:49');
INSERT INTO `auth_log` VALUES (314, '用户登录系统', 0, 0, 61, 'admin', '管理员', '2023-11-10 15:57:37');
INSERT INTO `auth_log` VALUES (315, '更新用户信息', 0, 1, 61, 'admin', '管理员', '2023-11-10 16:12:16');
INSERT INTO `auth_log` VALUES (316, '更新用户信息', 0, 1, 61, 'admin', '管理员', '2023-11-10 16:12:23');
INSERT INTO `auth_log` VALUES (317, '用户登录系统', 0, 0, 61, 'admin', '管理员', '2023-11-11 10:22:43');
INSERT INTO `auth_log` VALUES (318, '用户登录系统', 0, 0, 61, 'admin', '管理员', '2023-11-11 14:25:04');
INSERT INTO `auth_log` VALUES (319, '用户登录系统', 0, 0, 61, 'admin', '管理员', '2023-11-11 20:02:57');
INSERT INTO `auth_log` VALUES (320, '更新用户信息', 0, 1, 61, 'admin', '管理员', '2023-11-11 21:07:34');
INSERT INTO `auth_log` VALUES (321, '更新用户信息', 0, 1, 61, 'admin', '管理员', '2023-11-11 21:12:11');
INSERT INTO `auth_log` VALUES (322, '更新用户信息', 0, 1, 61, 'admin', '管理员', '2023-11-11 21:14:09');
INSERT INTO `auth_log` VALUES (323, '更新用户信息', 0, 1, 61, 'admin', '管理员', '2023-11-11 21:14:11');
INSERT INTO `auth_log` VALUES (324, '更新用户信息', 0, 1, 61, 'admin', '管理员', '2023-11-11 21:14:13');
INSERT INTO `auth_log` VALUES (325, '更新用户信息', 0, 1, 61, 'admin', '管理员', '2023-11-11 21:16:07');
INSERT INTO `auth_log` VALUES (326, '更新用户信息', 0, 1, 61, 'admin', '管理员', '2023-11-11 21:16:09');
INSERT INTO `auth_log` VALUES (327, '更新用户信息', 0, 1, 61, 'admin', '管理员', '2023-11-11 21:16:11');
INSERT INTO `auth_log` VALUES (328, '更新功能信息', 3, 1, 61, 'admin', '管理员', '2023-11-11 21:23:05');
INSERT INTO `auth_log` VALUES (329, '更新功能信息', 3, 1, 61, 'admin', '管理员', '2023-11-11 21:23:42');
INSERT INTO `auth_log` VALUES (330, '更新用户信息', 0, 1, 61, 'admin', '管理员', '2023-11-11 21:24:41');
INSERT INTO `auth_log` VALUES (331, '更新用户信息', 0, 1, 61, 'admin', '管理员', '2023-11-11 21:24:43');
INSERT INTO `auth_log` VALUES (332, '更新用户信息', 0, 1, 61, 'admin', '管理员', '2023-11-11 21:24:44');
INSERT INTO `auth_log` VALUES (333, '更新用户信息', 0, 1, 61, 'admin', '管理员', '2023-11-11 21:25:57');
INSERT INTO `auth_log` VALUES (334, '更新用户信息', 0, 1, 61, 'admin', '管理员', '2023-11-11 21:26:30');
INSERT INTO `auth_log` VALUES (335, '更新用户信息', 0, 1, 61, 'admin', '管理员', '2023-11-11 21:28:48');
INSERT INTO `auth_log` VALUES (336, '更新用户信息', 0, 1, 61, 'admin', '管理员', '2023-11-11 21:28:50');
INSERT INTO `auth_log` VALUES (337, '更新用户信息', 0, 1, 61, 'admin', '管理员', '2023-11-11 21:30:18');
INSERT INTO `auth_log` VALUES (338, '更新用户信息', 0, 1, 61, 'admin', '管理员', '2023-11-11 21:30:20');
INSERT INTO `auth_log` VALUES (339, '更新用户信息', 0, 1, 61, 'admin', '管理员', '2023-11-11 21:30:22');
INSERT INTO `auth_log` VALUES (340, '更新用户信息', 0, 1, 61, 'admin', '管理员', '2023-11-11 21:30:23');
INSERT INTO `auth_log` VALUES (341, '更新用户信息', 0, 1, 61, 'admin', '管理员', '2023-11-11 21:30:25');
INSERT INTO `auth_log` VALUES (342, '更新用户信息', 0, 1, 61, 'admin', '管理员', '2023-11-11 21:30:26');
INSERT INTO `auth_log` VALUES (343, '更新用户信息', 0, 1, 61, 'admin', '管理员', '2023-11-11 21:30:28');
INSERT INTO `auth_log` VALUES (344, '更新用户信息', 0, 1, 61, 'admin', '管理员', '2023-11-11 21:30:29');
INSERT INTO `auth_log` VALUES (345, '更新用户信息', 0, 1, 61, 'admin', '管理员', '2023-11-11 21:30:32');
INSERT INTO `auth_log` VALUES (346, '更新用户信息', 0, 1, 61, 'admin', '管理员', '2023-11-11 21:30:33');
INSERT INTO `auth_log` VALUES (347, '更新用户信息', 0, 1, 61, 'admin', '管理员', '2023-11-11 21:30:35');
INSERT INTO `auth_log` VALUES (348, '更新用户信息', 0, 1, 61, 'admin', '管理员', '2023-11-11 21:30:36');
INSERT INTO `auth_log` VALUES (349, '更新用户信息', 0, 1, 61, 'admin', '管理员', '2023-11-11 21:30:38');
INSERT INTO `auth_log` VALUES (350, '更新用户信息', 0, 1, 61, 'admin', '管理员', '2023-11-11 21:30:39');
INSERT INTO `auth_log` VALUES (351, '更新用户信息', 0, 1, 61, 'admin', '管理员', '2023-11-11 21:34:35');
INSERT INTO `auth_log` VALUES (352, '更新用户信息', 0, 1, 61, 'admin', '管理员', '2023-11-11 21:34:37');
INSERT INTO `auth_log` VALUES (353, '更新用户信息', 0, 1, 61, 'admin', '管理员', '2023-11-11 21:34:39');
INSERT INTO `auth_log` VALUES (354, '更新用户信息', 0, 1, 61, 'admin', '管理员', '2023-11-11 21:34:41');
INSERT INTO `auth_log` VALUES (355, '更新用户信息', 0, 1, 61, 'admin', '管理员', '2023-11-11 21:34:43');
INSERT INTO `auth_log` VALUES (356, '更新用户信息', 0, 1, 61, 'admin', '管理员', '2023-11-11 21:40:08');
INSERT INTO `auth_log` VALUES (357, '更新用户信息', 0, 1, 61, 'admin', '管理员', '2023-11-11 21:41:59');
INSERT INTO `auth_log` VALUES (358, '更新用户信息', 0, 1, 61, 'admin', '管理员', '2023-11-11 21:42:00');
INSERT INTO `auth_log` VALUES (359, '更新用户信息', 0, 1, 61, 'admin', '管理员', '2023-11-11 21:42:28');
INSERT INTO `auth_log` VALUES (360, '更新用户信息', 0, 1, 61, 'admin', '管理员', '2023-11-11 21:42:30');
INSERT INTO `auth_log` VALUES (361, '更新用户信息', 0, 1, 61, 'admin', '管理员', '2023-11-11 21:42:32');
INSERT INTO `auth_log` VALUES (362, '更新用户信息', 0, 1, 61, 'admin', '管理员', '2023-11-11 21:42:33');
INSERT INTO `auth_log` VALUES (363, '更新用户信息', 0, 1, 61, 'admin', '管理员', '2023-11-11 21:42:37');
INSERT INTO `auth_log` VALUES (364, '更新用户信息', 0, 1, 61, 'admin', '管理员', '2023-11-11 21:42:39');
INSERT INTO `auth_log` VALUES (365, '更新用户信息', 0, 1, 61, 'admin', '管理员', '2023-11-11 21:42:41');
INSERT INTO `auth_log` VALUES (366, '更新用户信息', 0, 1, 61, 'admin', '管理员', '2023-11-11 21:42:42');
INSERT INTO `auth_log` VALUES (367, '更新用户信息', 0, 1, 61, 'admin', '管理员', '2023-11-11 21:42:44');
INSERT INTO `auth_log` VALUES (368, '更新用户信息', 0, 1, 61, 'admin', '管理员', '2023-11-11 21:42:45');
INSERT INTO `auth_log` VALUES (369, '更新用户信息', 0, 1, 61, 'admin', '管理员', '2023-11-11 21:42:47');
INSERT INTO `auth_log` VALUES (370, '更新角色信息', 1, 1, 61, 'admin', '管理员', '2023-11-11 21:42:55');
INSERT INTO `auth_log` VALUES (371, '更新角色信息', 1, 1, 61, 'admin', '管理员', '2023-11-11 21:42:56');
INSERT INTO `auth_log` VALUES (372, '更新角色信息', 1, 1, 61, 'admin', '管理员', '2023-11-11 21:42:58');
INSERT INTO `auth_log` VALUES (373, '更新角色信息', 1, 1, 61, 'admin', '管理员', '2023-11-11 21:42:59');
INSERT INTO `auth_log` VALUES (374, '更新角色信息', 1, 1, 61, 'admin', '管理员', '2023-11-11 21:43:01');
INSERT INTO `auth_log` VALUES (375, '更新角色信息', 1, 1, 61, 'admin', '管理员', '2023-11-11 21:43:02');
INSERT INTO `auth_log` VALUES (376, '更新角色信息', 1, 1, 61, 'admin', '管理员', '2023-11-11 21:43:04');
INSERT INTO `auth_log` VALUES (377, '更新角色信息', 1, 1, 61, 'admin', '管理员', '2023-11-11 21:43:05');
INSERT INTO `auth_log` VALUES (378, '更新角色信息', 1, 1, 61, 'admin', '管理员', '2023-11-11 21:43:07');
INSERT INTO `auth_log` VALUES (379, '更新角色信息', 1, 1, 61, 'admin', '管理员', '2023-11-11 21:43:09');
INSERT INTO `auth_log` VALUES (380, '更新资源信息', 2, 1, 61, 'admin', '管理员', '2023-11-11 21:44:14');
INSERT INTO `auth_log` VALUES (381, '更新功能信息', 3, 1, 61, 'admin', '管理员', '2023-11-11 21:48:14');
INSERT INTO `auth_log` VALUES (382, '更新资源信息', 2, 1, 61, 'admin', '管理员', '2023-11-11 21:49:09');
INSERT INTO `auth_log` VALUES (383, '更新用户信息', 0, 1, 61, 'admin', '管理员', '2023-11-11 21:50:05');
INSERT INTO `auth_log` VALUES (384, '更新用户信息', 0, 1, 61, 'admin', '管理员', '2023-11-11 21:50:07');
INSERT INTO `auth_log` VALUES (385, '更新用户信息', 0, 1, 61, 'admin', '管理员', '2023-11-11 21:50:09');
INSERT INTO `auth_log` VALUES (386, '更新用户信息', 0, 1, 61, 'admin', '管理员', '2023-11-11 21:50:10');
INSERT INTO `auth_log` VALUES (387, '更新用户信息', 0, 1, 61, 'admin', '管理员', '2023-11-11 21:50:12');
INSERT INTO `auth_log` VALUES (388, '更新用户信息', 0, 1, 61, 'admin', '管理员', '2023-11-11 21:50:13');
INSERT INTO `auth_log` VALUES (389, '更新用户信息', 0, 1, 61, 'admin', '管理员', '2023-11-11 21:50:15');
INSERT INTO `auth_log` VALUES (390, '更新用户信息', 0, 1, 61, 'admin', '管理员', '2023-11-11 21:50:18');
INSERT INTO `auth_log` VALUES (391, '更新用户信息', 0, 1, 61, 'admin', '管理员', '2023-11-11 21:50:20');
INSERT INTO `auth_log` VALUES (392, '更新用户信息', 0, 1, 61, 'admin', '管理员', '2023-11-11 21:50:22');
INSERT INTO `auth_log` VALUES (393, '更新用户信息', 0, 1, 61, 'admin', '管理员', '2023-11-11 21:50:23');
INSERT INTO `auth_log` VALUES (394, '更新用户信息', 0, 1, 61, 'admin', '管理员', '2023-11-11 21:50:26');
INSERT INTO `auth_log` VALUES (395, '更新资源信息', 2, 1, 61, 'admin', '管理员', '2023-11-11 21:50:33');
INSERT INTO `auth_log` VALUES (396, '更新资源信息', 2, 1, 61, 'admin', '管理员', '2023-11-11 21:50:35');
INSERT INTO `auth_log` VALUES (397, '更新用户信息', 0, 1, 61, 'admin', '管理员', '2023-11-11 21:53:08');
INSERT INTO `auth_log` VALUES (398, '更新用户信息', 0, 1, 61, 'admin', '管理员', '2023-11-11 21:53:10');
INSERT INTO `auth_log` VALUES (399, '更新用户信息', 0, 1, 61, 'admin', '管理员', '2023-11-11 21:53:12');
INSERT INTO `auth_log` VALUES (400, '用户登录系统', 0, 0, 61, 'admin', '管理员', '2023-11-12 19:30:04');
INSERT INTO `auth_log` VALUES (401, '更新用户信息', 0, 1, 61, 'admin', '管理员', '2023-11-12 19:30:09');
INSERT INTO `auth_log` VALUES (402, '更新用户信息', 0, 1, 61, 'admin', '管理员', '2023-11-12 19:30:11');
INSERT INTO `auth_log` VALUES (403, '更新用户信息', 0, 1, 61, 'admin', '管理员', '2023-11-12 19:30:14');
INSERT INTO `auth_log` VALUES (404, '更新用户信息', 0, 1, 61, 'admin', '管理员', '2023-11-12 19:30:36');
INSERT INTO `auth_log` VALUES (405, '更新资源信息', 2, 1, 61, 'admin', '管理员', '2023-11-12 19:30:45');
INSERT INTO `auth_log` VALUES (406, '角色分配功能', 1, 2, 61, 'admin', '管理员', '2023-11-12 19:31:00');
INSERT INTO `auth_log` VALUES (407, '更新用户信息', 0, 1, 61, 'admin', '管理员', '2023-11-12 19:32:32');
INSERT INTO `auth_log` VALUES (408, '更新用户信息', 0, 1, 61, 'admin', '管理员', '2023-11-12 19:32:34');
INSERT INTO `auth_log` VALUES (409, '更新用户信息', 0, 1, 61, 'admin', '管理员', '2023-11-12 19:32:36');
INSERT INTO `auth_log` VALUES (410, '更新用户信息', 0, 1, 61, 'admin', '管理员', '2023-11-12 19:32:38');
INSERT INTO `auth_log` VALUES (411, '更新用户信息', 0, 1, 61, 'admin', '管理员', '2023-11-12 19:32:39');
INSERT INTO `auth_log` VALUES (412, '更新用户信息', 0, 1, 61, 'admin', '管理员', '2023-11-12 19:32:41');
INSERT INTO `auth_log` VALUES (413, '更新用户信息', 0, 1, 61, 'admin', '管理员', '2023-11-12 19:49:14');
INSERT INTO `auth_log` VALUES (414, '更新用户信息', 0, 1, 61, 'admin', '管理员', '2023-11-12 19:49:15');
INSERT INTO `auth_log` VALUES (415, '更新用户信息', 0, 1, 61, 'admin', '管理员', '2023-11-12 19:49:18');
INSERT INTO `auth_log` VALUES (416, '更新用户信息', 0, 1, 61, 'admin', '管理员', '2023-11-12 19:49:20');
INSERT INTO `auth_log` VALUES (417, '更新用户信息', 0, 1, 61, 'admin', '管理员', '2023-11-12 20:10:03');
INSERT INTO `auth_log` VALUES (418, '更新用户信息', 0, 1, 61, 'admin', '管理员', '2023-11-12 20:10:05');
INSERT INTO `auth_log` VALUES (419, '更新用户信息', 0, 1, 61, 'admin', '管理员', '2023-11-12 20:10:07');
INSERT INTO `auth_log` VALUES (420, '更新用户信息', 0, 1, 61, 'admin', '管理员', '2023-11-12 20:10:08');
INSERT INTO `auth_log` VALUES (421, '更新用户信息', 0, 1, 61, 'admin', '管理员', '2023-11-12 20:10:12');
INSERT INTO `auth_log` VALUES (422, '更新用户信息', 0, 1, 61, 'admin', '管理员', '2023-11-12 20:10:14');
INSERT INTO `auth_log` VALUES (423, '更新用户信息', 0, 1, 61, 'admin', '管理员', '2023-11-12 20:10:15');
INSERT INTO `auth_log` VALUES (424, '更新用户信息', 0, 1, 61, 'admin', '管理员', '2023-11-12 20:10:17');
INSERT INTO `auth_log` VALUES (425, '更新用户信息', 0, 1, 61, 'admin', '管理员', '2023-11-12 20:10:18');
INSERT INTO `auth_log` VALUES (426, '更新用户信息', 0, 1, 61, 'admin', '管理员', '2023-11-12 20:10:20');
INSERT INTO `auth_log` VALUES (427, '用户登录系统', 0, 0, 61, 'admin', '管理员', '2023-11-18 09:57:34');
INSERT INTO `auth_log` VALUES (428, '更新用户信息', 0, 1, 61, 'admin', '管理员', '2023-11-18 10:08:22');
INSERT INTO `auth_log` VALUES (429, '更新资源信息', 2, 1, 61, 'admin', '管理员', '2023-11-18 10:28:51');
INSERT INTO `auth_log` VALUES (430, '用户登录系统', 0, 0, 61, 'admin', '管理员', '2023-11-18 14:11:55');
INSERT INTO `auth_log` VALUES (431, '更新用户信息', 0, 1, 61, 'admin', '管理员', '2023-11-18 14:17:02');
INSERT INTO `auth_log` VALUES (432, '更新用户信息', 0, 1, 61, 'admin', '管理员', '2023-11-18 14:17:05');
INSERT INTO `auth_log` VALUES (433, '更新用户信息', 0, 1, 61, 'admin', '管理员', '2023-11-18 14:17:07');
INSERT INTO `auth_log` VALUES (434, '更新用户信息', 0, 1, 61, 'admin', '管理员', '2023-11-18 14:17:09');
INSERT INTO `auth_log` VALUES (435, '用户登录系统', 0, 0, 61, 'admin', '管理员', '2024-05-17 21:00:33');
INSERT INTO `auth_log` VALUES (436, '更新用户信息', 0, 1, 61, 'admin', '管理员', '2024-05-17 21:00:41');
INSERT INTO `auth_log` VALUES (437, '更新资源信息', 2, 1, 61, 'admin', '管理员', '2024-05-17 21:00:48');
INSERT INTO `auth_log` VALUES (438, '更新功能信息', 3, 1, 61, 'admin', '管理员', '2024-05-17 21:01:26');
INSERT INTO `auth_log` VALUES (439, '用户登录系统', 0, 0, 61, 'admin', '管理员', '2024-06-16 20:51:14');
INSERT INTO `auth_log` VALUES (440, '更新功能信息', 3, 1, 61, 'admin', '管理员', '2024-06-16 20:51:25');
INSERT INTO `auth_log` VALUES (441, '更新功能信息', 3, 1, 61, 'admin', '管理员', '2024-06-16 20:51:29');
INSERT INTO `auth_log` VALUES (442, '更新资源信息', 2, 1, 61, 'admin', '管理员', '2024-06-16 20:51:38');

-- ----------------------------
-- Table structure for auth_resc
-- ----------------------------
DROP TABLE IF EXISTS `auth_resc`;
CREATE TABLE `auth_resc`  (
  `resc_id` int(11) NOT NULL AUTO_INCREMENT COMMENT '资源id',
  `resc_name` varchar(255) CHARACTER SET utf8mb4 COLLATE utf8mb4_general_ci NOT NULL COMMENT '资源名称',
  `resc_url` varchar(255) CHARACTER SET utf8mb4 COLLATE utf8mb4_general_ci NOT NULL COMMENT '资源url',
  `resc_domain` varchar(255) CHARACTER SET utf8mb4 COLLATE utf8mb4_general_ci NOT NULL COMMENT '资源所属系统',
  `method_type` varchar(255) CHARACTER SET utf8mb4 COLLATE utf8mb4_general_ci NOT NULL COMMENT '请求方式',
  `create_time` datetime NOT NULL COMMENT '创建时间',
  `update_time` datetime NOT NULL COMMENT '更新时间',
  PRIMARY KEY (`resc_id`) USING BTREE,
  UNIQUE INDEX `idx_resc_url`(`resc_url`) USING BTREE,
  INDEX `idx_resc_name`(`resc_name`) USING BTREE,
  INDEX `idx_resc_domain`(`resc_domain`) USING BTREE
) ENGINE = InnoDB AUTO_INCREMENT = 80 CHARACTER SET = utf8mb4 COLLATE = utf8mb4_general_ci ROW_FORMAT = Dynamic;

-- ----------------------------
-- Records of auth_resc
-- ----------------------------
INSERT INTO `auth_resc` VALUES (1, '用户列表', '/auth/user/page', 'auth', 'get', '2022-03-19 09:31:31', '2023-09-23 15:30:56');
INSERT INTO `auth_resc` VALUES (2, '用户获取', '/auth/user/detail', 'auth', 'get', '2022-03-19 09:34:24', '2023-09-28 12:04:30');
INSERT INTO `auth_resc` VALUES (3, '用户删除', '/auth/user/delete', 'auth', 'delete', '2022-03-19 09:34:40', '2023-07-15 00:35:06');
INSERT INTO `auth_resc` VALUES (4, '用户更新', '/auth/user/update', 'auth', 'post', '2022-03-19 09:34:58', '2022-05-10 22:36:29');
INSERT INTO `auth_resc` VALUES (9, '用户分配角色初始化', '/auth/user/role/init', 'auth', 'get', '2022-03-19 10:29:15', '2023-07-11 23:51:20');
INSERT INTO `auth_resc` VALUES (10, '用户分配角色', '/auth/user/role/update', 'auth', 'post', '2022-03-19 10:29:41', '2022-09-04 14:33:38');
INSERT INTO `auth_resc` VALUES (11, '部门列表', '/auth/dept/list', 'auth', 'get', '2022-03-19 10:30:01', '2022-04-09 14:03:20');
INSERT INTO `auth_resc` VALUES (12, '用户启用', '/auth/user/enable', 'auth', 'get', '2022-03-19 10:30:16', '2023-07-11 23:43:03');
INSERT INTO `auth_resc` VALUES (14, '用户禁用', '/auth/user/disable', 'auth', 'get', '2022-03-19 10:30:48', '2023-07-11 23:42:56');
INSERT INTO `auth_resc` VALUES (15, '角色删除', '/auth/role/delete', 'auth', 'delete', '2022-03-19 10:31:30', '2023-06-16 21:33:38');
INSERT INTO `auth_resc` VALUES (16, '角色更新', '/auth/role/update', 'auth', 'post', '2022-03-19 10:31:44', '2022-05-01 22:23:59');
INSERT INTO `auth_resc` VALUES (17, '角色获取', '/auth/role/detail', 'auth', 'get', '2022-03-19 10:32:06', '2022-04-09 14:02:34');
INSERT INTO `auth_resc` VALUES (18, '角色列表', '/auth/role/page', 'auth', 'get', '2022-03-19 10:32:28', '2022-04-09 14:02:25');
INSERT INTO `auth_resc` VALUES (19, '角色新增', '/auth/role/save', 'auth', 'post', '2022-03-19 10:32:48', '2022-04-09 14:02:29');
INSERT INTO `auth_resc` VALUES (20, '资源列表', '/auth/resc/page', 'auth', 'get', '2022-03-19 10:33:08', '2022-09-04 14:44:14');
INSERT INTO `auth_resc` VALUES (21, '资源新增', '/auth/resc/save', 'auth', 'post', '2022-03-19 10:33:26', '2022-04-09 14:02:15');
INSERT INTO `auth_resc` VALUES (22, '资源获取', '/auth/resc/detail', 'auth', 'get', '2022-03-19 10:33:42', '2022-04-09 14:02:06');
INSERT INTO `auth_resc` VALUES (23, '资源更新', '/auth/resc/update', 'auth', 'post', '2022-03-19 10:33:56', '2023-07-15 10:29:20');
INSERT INTO `auth_resc` VALUES (24, '资源删除', '/auth/resc/delete', 'auth', 'delete', '2022-03-19 10:34:13', '2023-06-16 21:33:34');
INSERT INTO `auth_resc` VALUES (27, '用户新增', '/auth/user/save', 'auth', 'post', '2022-03-19 11:18:04', '2022-04-09 14:01:38');
INSERT INTO `auth_resc` VALUES (29, '功能更新', '/auth/func/update', 'auth', 'post', '2022-03-26 20:52:38', '2022-05-01 21:57:53');
INSERT INTO `auth_resc` VALUES (30, '功能获取', '/auth/func/detail', 'auth', 'get', '2022-03-26 20:52:51', '2022-04-09 14:01:25');
INSERT INTO `auth_resc` VALUES (31, '功能删除', '/auth/func/delete', 'auth', 'delete', '2022-03-26 20:53:09', '2023-06-17 21:04:10');
INSERT INTO `auth_resc` VALUES (32, '功能新增', '/auth/func/save', 'auth', 'post', '2022-03-26 20:53:24', '2023-06-17 21:04:07');
INSERT INTO `auth_resc` VALUES (33, '功能查询', '/auth/func/page', 'auth', 'get', '2022-03-26 20:53:40', '2022-09-11 16:05:51');
INSERT INTO `auth_resc` VALUES (34, '功能树获取', '/auth/func/tree', 'auth', 'get', '2022-03-26 20:53:58', '2023-07-11 23:40:28');
INSERT INTO `auth_resc` VALUES (35, '角色分配用户初始化', '/auth/role/user/init', 'auth', 'get', '2022-03-26 21:07:44', '2023-07-11 23:50:51');
INSERT INTO `auth_resc` VALUES (36, '角色分配用户', '/auth/role/user/update', 'auth', 'post', '2022-03-26 21:07:59', '2022-09-03 16:02:22');
INSERT INTO `auth_resc` VALUES (37, '角色授权功能初始化', '/auth/role/func/init', 'auth', 'get', '2022-04-04 17:46:28', '2023-07-11 23:54:43');
INSERT INTO `auth_resc` VALUES (38, '角色分配功能', '/auth/role/func/update', 'auth', 'post', '2022-04-04 17:46:57', '2023-07-08 10:09:07');
INSERT INTO `auth_resc` VALUES (39, '功能解绑用户', '/auth/func/user/remove', 'auth', 'delete', '2022-04-16 21:54:38', '2023-07-11 23:45:41');
INSERT INTO `auth_resc` VALUES (40, '功能解绑资源', '/auth/func/resc/remove', 'auth', 'delete', '2022-04-16 22:02:24', '2023-09-03 12:59:45');
INSERT INTO `auth_resc` VALUES (41, '资源搜索', '/auth/resc/search', 'auth', 'get', '2022-05-01 19:17:13', '2023-09-03 14:02:02');
INSERT INTO `auth_resc` VALUES (42, '用户修改密码', '/auth/user/pwd/update', 'auth', 'post', '2022-05-14 12:19:03', '2023-07-16 14:07:43');
INSERT INTO `auth_resc` VALUES (43, '角色授权功能预检查', '/auth/role/func/check', 'auth', 'post', '2022-05-21 15:34:56', '2023-09-23 15:30:41');
INSERT INTO `auth_resc` VALUES (44, '功能设置资源', '/auth/func/resc/update', 'auth', 'put', '2023-06-17 21:01:39', '2023-09-03 13:43:05');
INSERT INTO `auth_resc` VALUES (45, '切换登录', '/auth/user/switch/login', 'auth', 'post', '2023-07-15 22:19:29', '2023-10-01 11:01:49');
INSERT INTO `auth_resc` VALUES (57, '课程管理列查询', '/edu/course/page', 'edu', 'post', '2023-09-16 15:54:41', '2023-09-27 17:59:51');
INSERT INTO `auth_resc` VALUES (58, '新增课程', '/edu/course/save', 'edu', 'post', '2023-09-17 22:23:21', '2023-09-23 15:23:58');
INSERT INTO `auth_resc` VALUES (59, '课程上下架', '/edu/course/update/status', 'edu', 'put', '2023-09-17 22:25:46', '2023-09-17 22:29:33');
INSERT INTO `auth_resc` VALUES (60, '课程分类列表', '/edu/catalog/tree', 'edu', 'get', '2023-09-19 13:02:43', '2023-10-01 11:01:47');
INSERT INTO `auth_resc` VALUES (62, '系统操作日志', '/auth/log/page', 'auth', 'post', '2023-09-28 11:04:54', '2023-09-28 11:10:15');
INSERT INTO `auth_resc` VALUES (63, '资源刷新', '/auth/resc/refresh', 'auth', 'put', '2023-09-28 11:52:26', '2023-09-28 11:52:26');
INSERT INTO `auth_resc` VALUES (64, '新增课程分类', '/edu/catalog/save', 'edu', 'post', '2023-09-28 17:06:51', '2023-10-01 11:01:45');
INSERT INTO `auth_resc` VALUES (65, '删除课程分类', '/edu/catalog/delete', 'edu', 'delete', '2023-09-28 17:07:13', '2023-11-18 10:28:51');
INSERT INTO `auth_resc` VALUES (66, '同步计划查询', '/sync/plan/page', 'sync', 'put', '2023-07-18 20:50:10', '2023-10-18 19:52:28');
INSERT INTO `auth_resc` VALUES (67, '同步计划详情', '/sync/plan/detail', 'sync', 'get', '2023-07-18 20:51:07', '2023-10-26 22:55:58');
INSERT INTO `auth_resc` VALUES (68, '同步计划状态', '/sync/plan/update/status', 'sync', 'put', '2023-09-03 13:20:02', '2023-11-04 19:36:15');
INSERT INTO `auth_resc` VALUES (69, '同步消息列表', '/sync/message/page', 'sync', 'put', '2023-09-03 19:09:05', '2023-10-27 20:14:09');
INSERT INTO `auth_resc` VALUES (70, '同步计划更新', '/sync/plan/update', 'sync', 'put', '2023-09-03 19:21:40', '2023-11-11 21:44:14');
INSERT INTO `auth_resc` VALUES (71, '同步计划新增', '/sync/plan/save', 'sync', 'put', '2023-09-03 19:24:36', '2023-11-04 19:58:10');
INSERT INTO `auth_resc` VALUES (72, '同步计划删除', '/sync/plan/delete', 'sync', 'delete', '2023-09-03 19:25:22', '2023-11-05 00:50:56');
INSERT INTO `auth_resc` VALUES (73, '同步记录列表', '/sync/result/page', 'sync', 'post', '2023-09-03 19:27:25', '2023-11-04 19:36:16');
INSERT INTO `auth_resc` VALUES (74, '标记成功', '/sync/result/sign/success', 'sync', 'put', '2023-09-03 19:29:38', '2023-11-05 21:49:19');
INSERT INTO `auth_resc` VALUES (75, '校验同步结果', '/sync/result/valid/data', 'sync', 'put', '2023-09-03 19:30:19', '2023-10-29 19:13:43');
INSERT INTO `auth_resc` VALUES (76, '重新同步', '/sync/result/repeat/sync', 'sync', 'put', '2023-09-03 19:31:53', '2023-11-04 19:36:18');
INSERT INTO `auth_resc` VALUES (77, '同步计划刷新', '/sync/plan/refresh', 'sync', 'put', '2023-10-22 20:34:47', '2023-11-05 21:49:17');
INSERT INTO `auth_resc` VALUES (78, '回调列表', '/sync/callback/page', 'sync', 'post', '2023-11-04 21:30:49', '2023-11-12 19:30:45');
INSERT INTO `auth_resc` VALUES (79, '重新回调', '/sync/callback/repeat', 'sync', 'post', '2023-11-05 12:56:41', '2024-06-16 20:51:38');

-- ----------------------------
-- Table structure for auth_role
-- ----------------------------
DROP TABLE IF EXISTS `auth_role`;
CREATE TABLE `auth_role`  (
  `role_id` int(11) NOT NULL AUTO_INCREMENT COMMENT '角色id',
  `role_name` varchar(255) CHARACTER SET utf8mb4 COLLATE utf8mb4_general_ci NOT NULL COMMENT '角色名称',
  `role_desc` varchar(255) CHARACTER SET utf8mb4 COLLATE utf8mb4_general_ci NULL DEFAULT NULL COMMENT '角色描述',
  `create_time` datetime NOT NULL COMMENT '创建时间',
  `update_time` datetime NOT NULL COMMENT '更新时间',
  PRIMARY KEY (`role_id`) USING BTREE,
  UNIQUE INDEX `idx_role_name`(`role_name`) USING BTREE
) ENGINE = InnoDB AUTO_INCREMENT = 51 CHARACTER SET = utf8mb4 COLLATE = utf8mb4_general_ci ROW_FORMAT = Dynamic;

-- ----------------------------
-- Records of auth_role
-- ----------------------------
INSERT INTO `auth_role` VALUES (42, '管理员角色', '管理员角色', '2022-04-16 11:38:56', '2023-11-11 21:43:09');
INSERT INTO `auth_role` VALUES (47, '学生角色', '学生角色', '2023-07-08 00:24:05', '2023-11-11 21:43:07');
INSERT INTO `auth_role` VALUES (50, '老师角色', '老师角色', '2023-09-15 22:19:47', '2023-11-11 21:43:05');

-- ----------------------------
-- Table structure for auth_role_func
-- ----------------------------
DROP TABLE IF EXISTS `auth_role_func`;
CREATE TABLE `auth_role_func`  (
  `role_func_id` int(11) NOT NULL AUTO_INCREMENT COMMENT '主键',
  `role_id` int(11) NOT NULL COMMENT '角色id',
  `func_id` int(11) NOT NULL COMMENT '功能id',
  PRIMARY KEY (`role_func_id`) USING BTREE,
  INDEX `idx_role_id`(`role_id`) USING BTREE,
  INDEX `idx_func_id`(`func_id`) USING BTREE
) ENGINE = InnoDB AUTO_INCREMENT = 16802 CHARACTER SET = utf8mb4 COLLATE = utf8mb4_general_ci ROW_FORMAT = Dynamic;

-- ----------------------------
-- Records of auth_role_func
-- ----------------------------
INSERT INTO `auth_role_func` VALUES (16324, 50, 128);
INSERT INTO `auth_role_func` VALUES (16325, 50, 129);
INSERT INTO `auth_role_func` VALUES (16326, 50, 8);
INSERT INTO `auth_role_func` VALUES (16327, 50, 4);
INSERT INTO `auth_role_func` VALUES (16328, 50, 72);
INSERT INTO `auth_role_func` VALUES (16329, 50, 73);
INSERT INTO `auth_role_func` VALUES (16330, 50, 5);
INSERT INTO `auth_role_func` VALUES (16331, 50, 9);
INSERT INTO `auth_role_func` VALUES (16332, 50, 74);
INSERT INTO `auth_role_func` VALUES (16333, 50, 75);
INSERT INTO `auth_role_func` VALUES (16334, 50, 11);
INSERT INTO `auth_role_func` VALUES (16335, 50, 12);
INSERT INTO `auth_role_func` VALUES (16336, 50, 13);
INSERT INTO `auth_role_func` VALUES (16337, 50, 6);
INSERT INTO `auth_role_func` VALUES (16338, 50, 14);
INSERT INTO `auth_role_func` VALUES (16339, 50, 84);
INSERT INTO `auth_role_func` VALUES (16340, 50, 26);
INSERT INTO `auth_role_func` VALUES (16341, 50, 27);
INSERT INTO `auth_role_func` VALUES (16342, 50, 156);
INSERT INTO `auth_role_func` VALUES (16343, 50, 161);
INSERT INTO `auth_role_func` VALUES (16344, 50, 160);
INSERT INTO `auth_role_func` VALUES (16345, 50, 162);
INSERT INTO `auth_role_func` VALUES (16346, 50, 102);
INSERT INTO `auth_role_func` VALUES (16347, 50, 105);
INSERT INTO `auth_role_func` VALUES (16348, 50, 71);
INSERT INTO `auth_role_func` VALUES (16349, 50, 106);
INSERT INTO `auth_role_func` VALUES (16350, 50, 54);
INSERT INTO `auth_role_func` VALUES (16351, 50, 55);
INSERT INTO `auth_role_func` VALUES (16352, 50, 56);
INSERT INTO `auth_role_func` VALUES (16353, 50, 57);
INSERT INTO `auth_role_func` VALUES (16354, 50, 60);
INSERT INTO `auth_role_func` VALUES (16355, 50, 61);
INSERT INTO `auth_role_func` VALUES (16356, 50, 62);
INSERT INTO `auth_role_func` VALUES (16357, 50, 63);
INSERT INTO `auth_role_func` VALUES (16358, 50, 3);
INSERT INTO `auth_role_func` VALUES (16360, 50, 2);
INSERT INTO `auth_role_func` VALUES (16412, 47, 146);
INSERT INTO `auth_role_func` VALUES (16413, 47, 148);
INSERT INTO `auth_role_func` VALUES (16414, 47, 157);
INSERT INTO `auth_role_func` VALUES (16415, 47, 158);
INSERT INTO `auth_role_func` VALUES (16416, 47, 153);
INSERT INTO `auth_role_func` VALUES (16417, 47, 159);
INSERT INTO `auth_role_func` VALUES (16418, 47, 154);
INSERT INTO `auth_role_func` VALUES (16419, 47, 155);
INSERT INTO `auth_role_func` VALUES (16420, 47, 163);
INSERT INTO `auth_role_func` VALUES (16421, 47, 164);
INSERT INTO `auth_role_func` VALUES (16422, 47, 150);
INSERT INTO `auth_role_func` VALUES (16423, 47, 151);
INSERT INTO `auth_role_func` VALUES (16424, 47, 149);
INSERT INTO `auth_role_func` VALUES (16425, 47, 152);
INSERT INTO `auth_role_func` VALUES (16734, 42, 128);
INSERT INTO `auth_role_func` VALUES (16735, 42, 129);
INSERT INTO `auth_role_func` VALUES (16736, 42, 2);
INSERT INTO `auth_role_func` VALUES (16737, 42, 3);
INSERT INTO `auth_role_func` VALUES (16738, 42, 4);
INSERT INTO `auth_role_func` VALUES (16739, 42, 5);
INSERT INTO `auth_role_func` VALUES (16740, 42, 6);
INSERT INTO `auth_role_func` VALUES (16741, 42, 8);
INSERT INTO `auth_role_func` VALUES (16742, 42, 9);
INSERT INTO `auth_role_func` VALUES (16743, 42, 11);
INSERT INTO `auth_role_func` VALUES (16744, 42, 12);
INSERT INTO `auth_role_func` VALUES (16745, 42, 13);
INSERT INTO `auth_role_func` VALUES (16746, 42, 14);
INSERT INTO `auth_role_func` VALUES (16747, 42, 26);
INSERT INTO `auth_role_func` VALUES (16748, 42, 27);
INSERT INTO `auth_role_func` VALUES (16749, 42, 156);
INSERT INTO `auth_role_func` VALUES (16750, 42, 160);
INSERT INTO `auth_role_func` VALUES (16751, 42, 161);
INSERT INTO `auth_role_func` VALUES (16752, 42, 162);
INSERT INTO `auth_role_func` VALUES (16753, 42, 54);
INSERT INTO `auth_role_func` VALUES (16754, 42, 55);
INSERT INTO `auth_role_func` VALUES (16755, 42, 56);
INSERT INTO `auth_role_func` VALUES (16756, 42, 57);
INSERT INTO `auth_role_func` VALUES (16757, 42, 60);
INSERT INTO `auth_role_func` VALUES (16758, 42, 61);
INSERT INTO `auth_role_func` VALUES (16759, 42, 62);
INSERT INTO `auth_role_func` VALUES (16760, 42, 63);
INSERT INTO `auth_role_func` VALUES (16761, 42, 71);
INSERT INTO `auth_role_func` VALUES (16762, 42, 72);
INSERT INTO `auth_role_func` VALUES (16763, 42, 73);
INSERT INTO `auth_role_func` VALUES (16764, 42, 74);
INSERT INTO `auth_role_func` VALUES (16765, 42, 75);
INSERT INTO `auth_role_func` VALUES (16766, 42, 84);
INSERT INTO `auth_role_func` VALUES (16767, 42, 102);
INSERT INTO `auth_role_func` VALUES (16768, 42, 105);
INSERT INTO `auth_role_func` VALUES (16769, 42, 106);
INSERT INTO `auth_role_func` VALUES (16770, 42, 146);
INSERT INTO `auth_role_func` VALUES (16771, 42, 148);
INSERT INTO `auth_role_func` VALUES (16772, 42, 149);
INSERT INTO `auth_role_func` VALUES (16773, 42, 150);
INSERT INTO `auth_role_func` VALUES (16774, 42, 151);
INSERT INTO `auth_role_func` VALUES (16775, 42, 152);
INSERT INTO `auth_role_func` VALUES (16776, 42, 153);
INSERT INTO `auth_role_func` VALUES (16777, 42, 154);
INSERT INTO `auth_role_func` VALUES (16778, 42, 155);
INSERT INTO `auth_role_func` VALUES (16779, 42, 157);
INSERT INTO `auth_role_func` VALUES (16780, 42, 158);
INSERT INTO `auth_role_func` VALUES (16781, 42, 159);
INSERT INTO `auth_role_func` VALUES (16782, 42, 163);
INSERT INTO `auth_role_func` VALUES (16783, 42, 164);
INSERT INTO `auth_role_func` VALUES (16784, 42, 136);
INSERT INTO `auth_role_func` VALUES (16785, 42, 137);
INSERT INTO `auth_role_func` VALUES (16786, 42, 138);
INSERT INTO `auth_role_func` VALUES (16787, 42, 139);
INSERT INTO `auth_role_func` VALUES (16788, 42, 140);
INSERT INTO `auth_role_func` VALUES (16789, 42, 141);
INSERT INTO `auth_role_func` VALUES (16790, 42, 142);
INSERT INTO `auth_role_func` VALUES (16791, 42, 143);
INSERT INTO `auth_role_func` VALUES (16792, 42, 144);
INSERT INTO `auth_role_func` VALUES (16793, 42, 145);
INSERT INTO `auth_role_func` VALUES (16794, 42, 171);
INSERT INTO `auth_role_func` VALUES (16795, 42, 172);
INSERT INTO `auth_role_func` VALUES (16796, 42, 173);
INSERT INTO `auth_role_func` VALUES (16797, 42, 93);
INSERT INTO `auth_role_func` VALUES (16798, 42, 94);
INSERT INTO `auth_role_func` VALUES (16799, 42, 95);
INSERT INTO `auth_role_func` VALUES (16800, 42, 96);
INSERT INTO `auth_role_func` VALUES (16801, 42, 97);

-- ----------------------------
-- Table structure for auth_user
-- ----------------------------
DROP TABLE IF EXISTS `auth_user`;
CREATE TABLE `auth_user`  (
  `user_id` int(11) NOT NULL AUTO_INCREMENT COMMENT '用户id',
  `username` varchar(255) CHARACTER SET utf8mb4 COLLATE utf8mb4_general_ci NOT NULL COMMENT '用户账号',
  `real_name` varchar(255) CHARACTER SET utf8mb4 COLLATE utf8mb4_general_ci NOT NULL COMMENT '真实名称',
  `password` varchar(255) CHARACTER SET utf8mb4 COLLATE utf8mb4_general_ci NOT NULL COMMENT '密码',
  `dept_code` varchar(255) CHARACTER SET utf8mb4 COLLATE utf8mb4_general_ci NOT NULL COMMENT '部门编号',
  `user_status` int(255) NOT NULL COMMENT '状态',
  `create_time` datetime NOT NULL COMMENT '创建时间',
  `update_time` datetime NOT NULL COMMENT '更新时间',
  PRIMARY KEY (`user_id`) USING BTREE,
  UNIQUE INDEX `ix_username`(`username`) USING BTREE,
  INDEX `ix_deptcode`(`dept_code`) USING BTREE
) ENGINE = InnoDB AUTO_INCREMENT = 83 CHARACTER SET = utf8mb4 COLLATE = utf8mb4_general_ci ROW_FORMAT = Dynamic;

-- ----------------------------
-- Records of auth_user
-- ----------------------------
INSERT INTO `auth_user` VALUES (61, 'admin', '管理员', '8d969eef6ecad3c29a3a629280e686cf0c3f5d5a86aff3ca12020c923adc6c92', 'yfb', 1, '2022-05-01 23:27:25', '2023-11-18 14:17:07');
INSERT INTO `auth_user` VALUES (81, 'teacher', '章老师', '8d969eef6ecad3c29a3a629280e686cf0c3f5d5a86aff3ca12020c923adc6c92', 'jyb', 1, '2023-09-15 22:19:29', '2023-11-18 14:17:09');
INSERT INTO `auth_user` VALUES (82, 'student', '学生', '8d969eef6ecad3c29a3a629280e686cf0c3f5d5a86aff3ca12020c923adc6c92', 'csb', 1, '2023-09-15 22:21:33', '2024-05-17 21:00:41');

-- ----------------------------
-- Table structure for auth_user_role
-- ----------------------------
DROP TABLE IF EXISTS `auth_user_role`;
CREATE TABLE `auth_user_role`  (
  `user_role_id` int(11) NOT NULL AUTO_INCREMENT COMMENT '组件',
  `user_id` int(11) NOT NULL COMMENT '用户id',
  `role_id` int(11) NOT NULL COMMENT '角色id',
  PRIMARY KEY (`user_role_id`) USING BTREE,
  INDEX `idx_user_id`(`user_id`) USING BTREE,
  INDEX `idx_role_id`(`role_id`) USING BTREE
) ENGINE = InnoDB AUTO_INCREMENT = 960 CHARACTER SET = utf8mb4 COLLATE = utf8mb4_general_ci ROW_FORMAT = Dynamic;

-- ----------------------------
-- Records of auth_user_role
-- ----------------------------
INSERT INTO `auth_user_role` VALUES (955, 61, 42);
INSERT INTO `auth_user_role` VALUES (956, 81, 50);
INSERT INTO `auth_user_role` VALUES (959, 82, 47);

-- ----------------------------
-- Table structure for edu_catalog
-- ----------------------------
DROP TABLE IF EXISTS `edu_catalog`;
CREATE TABLE `edu_catalog`  (
  `catalog_id` int(11) NOT NULL AUTO_INCREMENT COMMENT '分类id',
  `catalog_name` varchar(64) CHARACTER SET utf8mb4 COLLATE utf8mb4_general_ci NOT NULL COMMENT '分类名称',
  `parent_id` int(11) NOT NULL DEFAULT 0 COMMENT '父级分类',
  `create_time` datetime NOT NULL COMMENT '创建时间',
  `update_time` datetime NULL DEFAULT NULL COMMENT '更新时间',
  PRIMARY KEY (`catalog_id`) USING BTREE,
  UNIQUE INDEX `idx_catalog_name`(`catalog_name`) USING BTREE
) ENGINE = InnoDB AUTO_INCREMENT = 39 CHARACTER SET = utf8mb4 COLLATE = utf8mb4_general_ci ROW_FORMAT = Dynamic;

-- ----------------------------
-- Records of edu_catalog
-- ----------------------------
INSERT INTO `edu_catalog` VALUES (13, '计算机', 0, '2023-09-28 17:24:07', '2023-09-28 17:24:07');
INSERT INTO `edu_catalog` VALUES (14, '外语', 0, '2023-09-28 17:24:16', '2023-09-28 17:24:16');
INSERT INTO `edu_catalog` VALUES (15, '理学工学农学', 0, '2023-09-28 17:24:26', '2023-09-28 17:24:26');
INSERT INTO `edu_catalog` VALUES (21, '大数据与人工智能', 13, '2023-09-28 17:52:00', '2023-09-28 17:52:00');
INSERT INTO `edu_catalog` VALUES (22, '程序设计与开发', 13, '2023-09-28 17:52:09', '2023-09-28 17:52:09');
INSERT INTO `edu_catalog` VALUES (23, '计算机基础与应用', 13, '2023-09-28 17:52:18', '2023-09-28 17:52:18');
INSERT INTO `edu_catalog` VALUES (24, '软件工程', 13, '2023-09-28 17:52:27', '2023-09-28 17:52:27');
INSERT INTO `edu_catalog` VALUES (25, '网络与安全技术', 13, '2023-09-28 17:52:34', '2023-09-28 17:52:34');
INSERT INTO `edu_catalog` VALUES (26, '硬软件系统及原理', 13, '2023-09-28 17:52:41', '2023-09-28 17:52:41');
INSERT INTO `edu_catalog` VALUES (27, '大学英语', 14, '2023-09-28 17:52:56', '2023-09-28 17:52:56');
INSERT INTO `edu_catalog` VALUES (28, '雅思', 14, '2023-09-28 17:53:06', '2023-09-28 17:53:06');
INSERT INTO `edu_catalog` VALUES (29, '专升本', 14, '2023-09-28 17:53:13', '2023-09-28 17:53:13');
INSERT INTO `edu_catalog` VALUES (30, '实用英语', 14, '2023-09-28 17:53:26', '2023-09-28 17:53:26');
INSERT INTO `edu_catalog` VALUES (31, '留学背景提升', 14, '2023-09-28 17:53:33', '2023-09-28 17:53:33');
INSERT INTO `edu_catalog` VALUES (32, '小语种', 14, '2023-09-28 17:53:39', '2023-09-28 17:53:39');
INSERT INTO `edu_catalog` VALUES (33, '数学', 15, '2023-09-28 17:54:17', '2023-09-28 17:54:17');
INSERT INTO `edu_catalog` VALUES (34, '物理', 15, '2023-09-28 17:54:24', '2023-09-28 17:54:24');
INSERT INTO `edu_catalog` VALUES (35, '化学', 15, '2023-09-28 17:54:32', '2023-09-28 17:54:32');
INSERT INTO `edu_catalog` VALUES (36, '天文学', 15, '2023-09-28 17:54:38', '2023-09-28 17:54:38');
INSERT INTO `edu_catalog` VALUES (37, '地理科学', 15, '2023-09-28 17:54:44', '2023-09-28 17:54:44');
INSERT INTO `edu_catalog` VALUES (38, '生物科学', 15, '2023-09-28 17:54:50', '2023-09-28 17:54:50');

-- ----------------------------
-- Table structure for edu_chapter
-- ----------------------------
DROP TABLE IF EXISTS `edu_chapter`;
CREATE TABLE `edu_chapter`  (
  `chapter_id` int(11) NOT NULL COMMENT '课程章节id',
  `chapter_name` varchar(256) CHARACTER SET utf8mb4 COLLATE utf8mb4_general_ci NOT NULL COMMENT '章节标题',
  `course_id` int(11) NOT NULL COMMENT '课程id',
  `create_time` datetime NOT NULL COMMENT '创建时间',
  `update_time` datetime NULL DEFAULT NULL COMMENT '更新时间',
  PRIMARY KEY (`chapter_id`) USING BTREE
) ENGINE = InnoDB CHARACTER SET = utf8mb4 COLLATE = utf8mb4_general_ci ROW_FORMAT = Dynamic;

-- ----------------------------
-- Records of edu_chapter
-- ----------------------------
INSERT INTO `edu_chapter` VALUES (1, '第一章', 1, '2023-09-18 17:04:30', '2023-09-18 17:04:32');

-- ----------------------------
-- Table structure for edu_course
-- ----------------------------
DROP TABLE IF EXISTS `edu_course`;
CREATE TABLE `edu_course`  (
  `course_id` int(11) NOT NULL AUTO_INCREMENT COMMENT '课程id',
  `course_name` varchar(256) CHARACTER SET utf8mb4 COLLATE utf8mb4_general_ci NOT NULL COMMENT '课程名称',
  `status` varchar(16) CHARACTER SET utf8mb4 COLLATE utf8mb4_general_ci NOT NULL COMMENT '课程状态',
  `description` text CHARACTER SET utf8mb4 COLLATE utf8mb4_general_ci NOT NULL COMMENT '描述信息',
  `creator_id` int(11) NOT NULL COMMENT '创建人id',
  `create_time` datetime NOT NULL COMMENT '创建时间',
  `update_time` datetime NULL DEFAULT NULL COMMENT '更新时间',
  PRIMARY KEY (`course_id`) USING BTREE
) ENGINE = InnoDB AUTO_INCREMENT = 34 CHARACTER SET = utf8mb4 COLLATE = utf8mb4_general_ci ROW_FORMAT = Dynamic;

-- ----------------------------
-- Records of edu_course
-- ----------------------------
INSERT INTO `edu_course` VALUES (28, '神经网络与深度学习', 'enable', '人工智能不再准备有一天改变世界，它正在改变世界。 神经网络与深度学习，是这一轮人工智能热潮中的主角，它不仅改变了计算领域，也为其他学科和领域提供了强大新工具。现代社会，迫切需要人工智能和专业知识交叉融合的复合型人才，任何专业的学生，都需要掌握一些人工智能的知识。 面对人工智能庞杂的分支领域，海量的学习资源，陡峭的学习曲线，你是否也曾感觉无从下手，不知道应该从何学起？是否也曾经历过 “从入门到放弃” 的艰涩历程...... 我们力求打造一门 “低门槛，高标准” 的课程，面向多学科背景、多层次的学习者，以简洁易懂，又层层深入的方式，帮助初学者轻松而扎实的踏上人工智能的第一道门槛，引领大家 “无痛” 的进入人工智能的领域，实现从0到1的突破。', 61, '2023-09-28 17:56:48', '2023-09-28 17:59:09');
INSERT INTO `edu_course` VALUES (29, '计算机网络与通信技术', 'enable', '本课程以谢希仁老师的《计算机网络》为教材，采用随堂录制和录音棚录制两种方式满足同学们不同的学习习惯，本次开课加入了三个重要实验，实验均可在线完成。本课程是是为学习、设计、管理和构建强大的通信应用系统而设置的重要专业课程，是计算机科学、网络工程、软件工程及其相关专业的专业必修课程之一，也是非计算机类工科专业的核心课程之一。通过本门课程的学习，可以系统地建立计算机网络通信的理论体系，掌握计算机网络的体系结构及数据通信的基本原理，并经进一步学习能将所学知识应用于其他类型的通信网络。课程以计算机网络体系结构为纲组织内容，比较全面地介绍了计算机网络各层次的工作原理，主要包括计算机网络的协议与体系结构、物理层及数据通信基础、数据链路控制协议、网络层路由算法、运输层原理及可靠性传输的实现方法、网络的主要应用等，此外还介绍了网络技术的一些最新成果与应用。为今后现场总线与工业控制、专业综合设计以及数据通信与控制网络等课程奠定基础。', 61, '2023-09-28 17:57:35', '2023-09-28 17:59:06');
INSERT INTO `edu_course` VALUES (30, '东亚文化视野下的日本语言文学', 'enable', '《东亚文化视野下的日本语言文学》为专业人文类课程，旨在通过课程的讲解，梳理中日语言与文化的交流历史，使学生对日本的语言以及语言背后的文化有一个较为系统与专业的感知，通过了解日本，重新审视中国文化，加深对自身文化的理解与认同。', 61, '2023-09-28 17:58:54', '2023-11-02 20:22:54');
INSERT INTO `edu_course` VALUES (31, '备考雅思，冲压冲鸭！！！！', 'enable', '备考雅思，冲压冲鸭！！！！', 61, '2023-09-28 23:44:55', '2023-09-28 23:45:04');
INSERT INTO `edu_course` VALUES (32, '贴帖吞吞吐吐', 'enable', '贴帖吞吞吐吐', 61, '2023-10-01 10:49:28', '2023-10-01 10:52:10');
INSERT INTO `edu_course` VALUES (33, 'xdfsdffffffffdd', 'enable', 'ddddddd', 61, '2023-11-18 10:29:26', '2023-11-18 10:29:40');

-- ----------------------------
-- Table structure for edu_course_catalog
-- ----------------------------
DROP TABLE IF EXISTS `edu_course_catalog`;
CREATE TABLE `edu_course_catalog`  (
  `course_catalog_id` int(11) NOT NULL AUTO_INCREMENT COMMENT '课程分类关联id',
  `course_id` int(11) NOT NULL COMMENT '课程id',
  `catalog_id` int(11) NOT NULL COMMENT '分类id',
  PRIMARY KEY (`course_catalog_id`) USING BTREE
) ENGINE = InnoDB AUTO_INCREMENT = 10 CHARACTER SET = utf8mb4 COLLATE = utf8mb4_general_ci ROW_FORMAT = Dynamic;

-- ----------------------------
-- Records of edu_course_catalog
-- ----------------------------
INSERT INTO `edu_course_catalog` VALUES (1, 28, 21);
INSERT INTO `edu_course_catalog` VALUES (2, 29, 25);
INSERT INTO `edu_course_catalog` VALUES (3, 30, 32);
INSERT INTO `edu_course_catalog` VALUES (4, 31, 28);
INSERT INTO `edu_course_catalog` VALUES (5, 32, 21);
INSERT INTO `edu_course_catalog` VALUES (6, 32, 22);
INSERT INTO `edu_course_catalog` VALUES (7, 33, 21);
INSERT INTO `edu_course_catalog` VALUES (8, 33, 25);
INSERT INTO `edu_course_catalog` VALUES (9, 33, 26);

-- ----------------------------
-- Table structure for edu_lesson
-- ----------------------------
DROP TABLE IF EXISTS `edu_lesson`;
CREATE TABLE `edu_lesson`  (
  `lesson_id` int(11) NOT NULL AUTO_INCREMENT COMMENT '课时ID',
  `course_id` int(11) NOT NULL COMMENT '所属课程id',
  `chapter_id` int(11) NOT NULL COMMENT '所属章节ID',
  `title` varchar(255) CHARACTER SET utf8mb4 COLLATE utf8mb4_general_ci NOT NULL COMMENT '课时标题',
  `description` text CHARACTER SET utf8mb4 COLLATE utf8mb4_general_ci NULL COMMENT '课时描述',
  `content_type` enum('Video','Document','Quiz','Assignment') CHARACTER SET utf8mb4 COLLATE utf8mb4_general_ci NOT NULL COMMENT '课时内容类型',
  `content_url` varchar(255) CHARACTER SET utf8mb4 COLLATE utf8mb4_general_ci NOT NULL COMMENT '课时内容URL',
  `duration_minutes` int(11) NULL DEFAULT NULL COMMENT '课时时长（分钟）',
  `sequence_order` int(11) NOT NULL COMMENT '在章节中的顺序',
  `create_time` datetime NOT NULL COMMENT '创建时间',
  `update_time` datetime NULL DEFAULT NULL COMMENT '更新时间',
  PRIMARY KEY (`lesson_id`) USING BTREE
) ENGINE = InnoDB AUTO_INCREMENT = 1 CHARACTER SET = utf8mb4 COLLATE = utf8mb4_general_ci ROW_FORMAT = Dynamic;

-- ----------------------------
-- Records of edu_lesson
-- ----------------------------

-- ----------------------------
-- Table structure for pub_callback
-- ----------------------------
DROP TABLE IF EXISTS `pub_callback`;
CREATE TABLE `pub_callback`  (
  `callback_id` int(11) NOT NULL AUTO_INCREMENT,
  `uuid` char(32) CHARACTER SET utf8mb4 COLLATE utf8mb4_general_ci NOT NULL,
  `msg_id` char(32) CHARACTER SET utf8mb4 COLLATE utf8mb4_general_ci NOT NULL,
  `sync_uuid` char(32) CHARACTER SET utf8mb4 COLLATE utf8mb4_general_ci NOT NULL,
  `src_project` varchar(16) CHARACTER SET utf8mb4 COLLATE utf8mb4_general_ci NOT NULL,
  `dest_project` varchar(16) CHARACTER SET utf8mb4 COLLATE utf8mb4_general_ci NOT NULL,
  `db_name` varchar(32) CHARACTER SET utf8mb4 COLLATE utf8mb4_general_ci NOT NULL,
  `msg_content` varchar(4096) CHARACTER SET utf8mb4 COLLATE utf8mb4_general_ci NOT NULL,
  `create_time` datetime NOT NULL,
  `send_time` datetime NULL DEFAULT NULL,
  `ack_time` datetime NULL DEFAULT NULL,
  `repeat_count` int(11) NOT NULL,
  `status` varchar(16) CHARACTER SET utf8mb4 COLLATE utf8mb4_general_ci NOT NULL,
  `remark` varchar(128) CHARACTER SET utf8mb4 COLLATE utf8mb4_general_ci NULL DEFAULT NULL,
  PRIMARY KEY (`callback_id`) USING BTREE,
  INDEX `ix_create_time`(`create_time`) USING BTREE,
  INDEX `ix_send_time`(`send_time`) USING BTREE,
  INDEX `ix_status`(`status`) USING BTREE,
  INDEX `msg_id`(`msg_id`) USING BTREE,
  INDEX `ix_uq_uuid`(`uuid`) USING BTREE,
  FULLTEXT INDEX `ix_msg_content`(`msg_content`)
) ENGINE = InnoDB AUTO_INCREMENT = 1 CHARACTER SET = utf8mb4 COLLATE = utf8mb4_general_ci ROW_FORMAT = Dynamic;

-- ----------------------------
-- Records of pub_callback
-- ----------------------------

-- ----------------------------
-- Table structure for pub_mq_message
-- ----------------------------
DROP TABLE IF EXISTS `pub_mq_message`;
CREATE TABLE `pub_mq_message`  (
  `mq_message_id` int(11) NOT NULL AUTO_INCREMENT,
  `uuid` char(32) CHARACTER SET utf8mb4 COLLATE utf8mb4_general_ci NOT NULL,
  `mid` varchar(64) CHARACTER SET utf8mb4 COLLATE utf8mb4_general_ci NULL DEFAULT NULL,
  `msg_content` varchar(8192) CHARACTER SET utf8mb4 COLLATE utf8mb4_general_ci NULL DEFAULT NULL,
  `src_project` varchar(16) CHARACTER SET utf8mb4 COLLATE utf8mb4_general_ci NOT NULL,
  `dest_project` varchar(16) CHARACTER SET utf8mb4 COLLATE utf8mb4_general_ci NOT NULL,
  `create_time` datetime NOT NULL,
  `send_time` datetime NULL DEFAULT NULL,
  `ack_time` datetime NULL DEFAULT NULL,
  `send_status` varchar(16) CHARACTER SET utf8mb4 COLLATE utf8mb4_general_ci NOT NULL,
  `deal_count` int(11) NOT NULL,
  `deal_status` varchar(16) CHARACTER SET utf8mb4 COLLATE utf8mb4_general_ci NOT NULL,
  PRIMARY KEY (`mq_message_id`) USING BTREE,
  INDEX `ix_uq_uuid`(`uuid`) USING BTREE,
  INDEX `ix_create_time`(`create_time`) USING BTREE,
  INDEX `ix_deal_status`(`deal_status`) USING BTREE,
  INDEX `ix_src_project_dest_project_create_time`(`src_project`, `dest_project`, `create_time`) USING BTREE
) ENGINE = InnoDB AUTO_INCREMENT = 97 CHARACTER SET = utf8mb4 COLLATE = utf8mb4_general_ci ROW_FORMAT = Dynamic;

-- ----------------------------
-- Records of pub_mq_message
-- ----------------------------
INSERT INTO `pub_mq_message` VALUES (4, '1fa29c291dce483da167720649eccd89', 'ID:DESKTOP-JEORO4F-55424-1699708040110-6:2:1:1:1', '{\"plan\":\"update_admin_club_user\",\"tables\":[{\"code\":\"update_admin_club_user\",\"unique\":[\"1\"]}],\"createTime\":\"2023-11-11 21:07:33\",\"src\":\"admin\",\"msgId\":\"1fa29c291dce483da167720649eccd89\"}', 'admin', 'club', '2023-11-11 21:07:33', '2023-11-11 21:07:34', '2023-11-11 21:10:00', 'success', 1, 'success');
INSERT INTO `pub_mq_message` VALUES (5, '24e4a9c9ec2d49f9bbc0f85c4ea2fd15', 'ID:DESKTOP-JEORO4F-55782-1699708257140-6:2:1:1:1', '{\"plan\":\"update_admin_club_user\",\"tables\":[{\"code\":\"update_admin_club_user\",\"unique\":[\"61\"]}],\"createTime\":\"2023-11-11 21:12:11\",\"src\":\"admin\",\"msgId\":\"24e4a9c9ec2d49f9bbc0f85c4ea2fd15\"}', 'admin', 'club', '2023-11-11 21:12:11', '2023-11-11 21:12:15', '2023-11-11 21:12:15', 'success', 1, 'success');
INSERT INTO `pub_mq_message` VALUES (6, '73eacf03b2304bac9c202eab3ac96962', 'ID:DESKTOP-JEORO4F-55889-1699708425969-6:2:1:1:1', '{\"plan\":\"update_admin_club_user\",\"tables\":[{\"code\":\"update_admin_club_user\",\"unique\":[\"81\"]}],\"createTime\":\"2023-11-11 21:14:08\",\"src\":\"admin\",\"msgId\":\"73eacf03b2304bac9c202eab3ac96962\"}', 'admin', 'club', '2023-11-11 21:14:08', '2023-11-11 21:14:09', '2023-11-11 21:14:10', 'success', 1, 'success');
INSERT INTO `pub_mq_message` VALUES (7, '3157527dce16471db2534a4985e205dd', 'ID:DESKTOP-JEORO4F-55889-1699708425969-6:3:1:1:1', '{\"plan\":\"update_admin_club_user\",\"tables\":[{\"code\":\"update_admin_club_user\",\"unique\":[\"82\"]}],\"createTime\":\"2023-11-11 21:14:11\",\"src\":\"admin\",\"msgId\":\"3157527dce16471db2534a4985e205dd\"}', 'admin', 'club', '2023-11-11 21:14:11', '2023-11-11 21:14:11', '2023-11-11 21:14:12', 'success', 1, 'success');
INSERT INTO `pub_mq_message` VALUES (8, 'b2ebd98975a143f887190cf7be831004', 'ID:DESKTOP-JEORO4F-55889-1699708425969-6:4:1:1:1', '{\"plan\":\"update_admin_club_user\",\"tables\":[{\"code\":\"update_admin_club_user\",\"unique\":[\"61\"]}],\"createTime\":\"2023-11-11 21:14:12\",\"src\":\"admin\",\"msgId\":\"b2ebd98975a143f887190cf7be831004\"}', 'admin', 'club', '2023-11-11 21:14:12', '2023-11-11 21:14:12', '2023-11-11 21:14:13', 'success', 1, 'success');
INSERT INTO `pub_mq_message` VALUES (9, '4d83480e63274a768926c4b9d6dcfb5d', 'ID:DESKTOP-JEORO4F-55889-1699708425969-6:5:1:1:1', '{\"plan\":\"update_admin_club_user\",\"tables\":[{\"code\":\"update_admin_club_user\",\"unique\":[\"82\"]}],\"createTime\":\"2023-11-11 21:16:06\",\"src\":\"admin\",\"msgId\":\"4d83480e63274a768926c4b9d6dcfb5d\"}', 'admin', 'club', '2023-11-11 21:16:06', '2023-11-11 21:16:07', '2023-11-11 21:19:47', 'success', 1, 'success');
INSERT INTO `pub_mq_message` VALUES (10, '63abe6bfc20345e9ad038bfba6d64a98', 'ID:DESKTOP-JEORO4F-55889-1699708425969-6:6:1:1:1', '{\"plan\":\"update_admin_club_user\",\"tables\":[{\"code\":\"update_admin_club_user\",\"unique\":[\"81\"]}],\"createTime\":\"2023-11-11 21:16:08\",\"src\":\"admin\",\"msgId\":\"63abe6bfc20345e9ad038bfba6d64a98\"}', 'admin', 'club', '2023-11-11 21:16:08', '2023-11-11 21:16:09', '2023-11-11 21:19:34', 'success', 1, 'success');
INSERT INTO `pub_mq_message` VALUES (11, '3a4263aae7e940479188f7409cddd85a', 'ID:DESKTOP-JEORO4F-55889-1699708425969-6:7:1:1:1', '{\"plan\":\"update_admin_club_user\",\"tables\":[{\"code\":\"update_admin_club_user\",\"unique\":[\"61\"]}],\"createTime\":\"2023-11-11 21:16:10\",\"src\":\"admin\",\"msgId\":\"3a4263aae7e940479188f7409cddd85a\"}', 'admin', 'club', '2023-11-11 21:16:10', '2023-11-11 21:16:11', '2023-11-11 21:19:25', 'success', 1, 'success');
INSERT INTO `pub_mq_message` VALUES (12, 'e1a6a6e0f51c4b13bbadd37fea430194', 'ID:DESKTOP-JEORO4F-56388-1699709073213-6:2:1:1:1', '{\"plan\":\"update_admin_club_user\",\"tables\":[{\"code\":\"update_admin_club_user\",\"unique\":[\"82\"]}],\"createTime\":\"2023-11-11 21:24:41\",\"src\":\"admin\",\"msgId\":\"e1a6a6e0f51c4b13bbadd37fea430194\"}', 'admin', 'club', '2023-11-11 21:24:41', '2023-11-11 21:24:42', '2023-11-11 21:24:42', 'success', 1, 'success');
INSERT INTO `pub_mq_message` VALUES (13, '1ba642a943194e06bcee3dd57e0a00dd', 'ID:DESKTOP-JEORO4F-56388-1699709073213-6:3:1:1:1', '{\"plan\":\"update_admin_club_user\",\"tables\":[{\"code\":\"update_admin_club_user\",\"unique\":[\"81\"]}],\"createTime\":\"2023-11-11 21:24:42\",\"src\":\"admin\",\"msgId\":\"1ba642a943194e06bcee3dd57e0a00dd\"}', 'admin', 'club', '2023-11-11 21:24:42', '2023-11-11 21:24:43', '2023-11-11 21:24:43', 'success', 1, 'success');
INSERT INTO `pub_mq_message` VALUES (14, 'a7ba5def4de0415f8f19a70e2d1d9718', 'ID:DESKTOP-JEORO4F-56388-1699709073213-6:4:1:1:1', '{\"plan\":\"update_admin_club_user\",\"tables\":[{\"code\":\"update_admin_club_user\",\"unique\":[\"61\"]}],\"createTime\":\"2023-11-11 21:24:44\",\"src\":\"admin\",\"msgId\":\"a7ba5def4de0415f8f19a70e2d1d9718\"}', 'admin', 'club', '2023-11-11 21:24:44', '2023-11-11 21:24:45', '2023-11-11 21:24:45', 'success', 1, 'success');
INSERT INTO `pub_mq_message` VALUES (15, '7f93ac828fe34347ae96d03fb9ecd627', 'ID:DESKTOP-JEORO4F-56477-1699709136213-6:2:1:1:1', '{\"plan\":\"update_admin_club_user\",\"tables\":[{\"code\":\"update_admin_club_user\",\"unique\":[\"82\"]}],\"createTime\":\"2023-11-11 21:25:57\",\"src\":\"admin\",\"msgId\":\"7f93ac828fe34347ae96d03fb9ecd627\"}', 'admin', 'club', '2023-11-11 21:25:57', '2023-11-11 21:25:57', '2023-11-11 21:25:58', 'success', 1, 'success');
INSERT INTO `pub_mq_message` VALUES (16, 'a76b462f98d74d19b54a0b87914b5ac0', 'ID:DESKTOP-JEORO4F-56477-1699709136213-6:3:1:1:1', '{\"plan\":\"update_admin_club_user\",\"tables\":[{\"code\":\"update_admin_club_user\",\"unique\":[\"82\"]}],\"createTime\":\"2023-11-11 21:26:29\",\"src\":\"admin\",\"msgId\":\"a76b462f98d74d19b54a0b87914b5ac0\"}', 'admin', 'club', '2023-11-11 21:26:29', '2023-11-11 21:26:30', '2023-11-11 21:26:30', 'success', 1, 'success');
INSERT INTO `pub_mq_message` VALUES (17, '7ef7ff99bb5949f8a3801ab9f0cff3e5', 'ID:DESKTOP-JEORO4F-56580-1699709320337-6:2:1:1:1', '{\"plan\":\"update_admin_club_user\",\"tables\":[{\"code\":\"update_admin_club_user\",\"unique\":[\"82\"]}],\"createTime\":\"2023-11-11 21:28:48\",\"src\":\"admin\",\"msgId\":\"7ef7ff99bb5949f8a3801ab9f0cff3e5\"}', 'admin', 'club', '2023-11-11 21:28:48', '2023-11-11 21:28:48', '2023-11-11 21:28:49', 'success', 1, 'success');
INSERT INTO `pub_mq_message` VALUES (18, '6c55170c24e54ba294cd1ab6be5694a6', 'ID:DESKTOP-JEORO4F-56580-1699709320337-6:3:1:1:1', '{\"plan\":\"update_admin_club_user\",\"tables\":[{\"code\":\"update_admin_club_user\",\"unique\":[\"81\"]}],\"createTime\":\"2023-11-11 21:28:49\",\"src\":\"admin\",\"msgId\":\"6c55170c24e54ba294cd1ab6be5694a6\"}', 'admin', 'club', '2023-11-11 21:28:49', '2023-11-11 21:28:50', '2023-11-11 21:28:51', 'success', 1, 'success');
INSERT INTO `pub_mq_message` VALUES (19, 'b907d2067f354ae781f9dbed58a5d635', 'ID:DESKTOP-JEORO4F-56686-1699709372467-6:2:1:1:1', '{\"plan\":\"update_admin_club_user\",\"tables\":[{\"code\":\"update_admin_club_user\",\"unique\":[\"81\"]}],\"createTime\":\"2023-11-11 21:30:18\",\"src\":\"admin\",\"msgId\":\"b907d2067f354ae781f9dbed58a5d635\"}', 'admin', 'club', '2023-11-11 21:30:18', '2023-11-11 21:30:19', '2023-11-11 21:30:19', 'success', 1, 'success');
INSERT INTO `pub_mq_message` VALUES (20, '3023c6f4b1c9469098af008cf59ade33', 'ID:DESKTOP-JEORO4F-56686-1699709372467-6:3:1:1:1', '{\"plan\":\"update_admin_club_user\",\"tables\":[{\"code\":\"update_admin_club_user\",\"unique\":[\"61\"]}],\"createTime\":\"2023-11-11 21:30:19\",\"src\":\"admin\",\"msgId\":\"3023c6f4b1c9469098af008cf59ade33\"}', 'admin', 'club', '2023-11-11 21:30:19', '2023-11-11 21:30:20', '2023-11-11 21:30:20', 'success', 1, 'success');
INSERT INTO `pub_mq_message` VALUES (21, '78408c8e979142cdb79054574f86aa9c', 'ID:DESKTOP-JEORO4F-56686-1699709372467-6:4:1:1:1', '{\"plan\":\"update_admin_club_user\",\"tables\":[{\"code\":\"update_admin_club_user\",\"unique\":[\"82\"]}],\"createTime\":\"2023-11-11 21:30:21\",\"src\":\"admin\",\"msgId\":\"78408c8e979142cdb79054574f86aa9c\"}', 'admin', 'club', '2023-11-11 21:30:21', '2023-11-11 21:30:22', '2023-11-11 21:30:22', 'success', 1, 'success');
INSERT INTO `pub_mq_message` VALUES (22, '38ce4301a4dd402481b3bf6ff7791b31', 'ID:DESKTOP-JEORO4F-56686-1699709372467-6:5:1:1:1', '{\"plan\":\"update_admin_club_user\",\"tables\":[{\"code\":\"update_admin_club_user\",\"unique\":[\"81\"]}],\"createTime\":\"2023-11-11 21:30:23\",\"src\":\"admin\",\"msgId\":\"38ce4301a4dd402481b3bf6ff7791b31\"}', 'admin', 'club', '2023-11-11 21:30:23', '2023-11-11 21:30:23', '2023-11-11 21:30:23', 'success', 1, 'success');
INSERT INTO `pub_mq_message` VALUES (23, 'd7e00b0e387c4826bd2d62b4923f84bf', 'ID:DESKTOP-JEORO4F-56686-1699709372467-6:6:1:1:1', '{\"plan\":\"update_admin_club_user\",\"tables\":[{\"code\":\"update_admin_club_user\",\"unique\":[\"81\"]}],\"createTime\":\"2023-11-11 21:30:24\",\"src\":\"admin\",\"msgId\":\"d7e00b0e387c4826bd2d62b4923f84bf\"}', 'admin', 'club', '2023-11-11 21:30:24', '2023-11-11 21:30:25', '2023-11-11 21:30:25', 'success', 1, 'success');
INSERT INTO `pub_mq_message` VALUES (24, '800ffbda7ee54dbc8e06941c5529cda9', 'ID:DESKTOP-JEORO4F-56686-1699709372467-6:7:1:1:1', '{\"plan\":\"update_admin_club_user\",\"tables\":[{\"code\":\"update_admin_club_user\",\"unique\":[\"61\"]}],\"createTime\":\"2023-11-11 21:30:26\",\"src\":\"admin\",\"msgId\":\"800ffbda7ee54dbc8e06941c5529cda9\"}', 'admin', 'club', '2023-11-11 21:30:26', '2023-11-11 21:30:26', '2023-11-11 21:30:26', 'success', 1, 'success');
INSERT INTO `pub_mq_message` VALUES (25, 'ebe123b40661428799fbeb3d402355df', 'ID:DESKTOP-JEORO4F-56686-1699709372467-6:8:1:1:1', '{\"plan\":\"update_admin_club_user\",\"tables\":[{\"code\":\"update_admin_club_user\",\"unique\":[\"81\"]}],\"createTime\":\"2023-11-11 21:30:27\",\"src\":\"admin\",\"msgId\":\"ebe123b40661428799fbeb3d402355df\"}', 'admin', 'club', '2023-11-11 21:30:27', '2023-11-11 21:30:28', '2023-11-11 21:30:29', 'success', 1, 'success');
INSERT INTO `pub_mq_message` VALUES (26, '3750a09cd9eb45d69918c3e12ab52ae5', 'ID:DESKTOP-JEORO4F-56686-1699709372467-6:9:1:1:1', '{\"plan\":\"update_admin_club_user\",\"tables\":[{\"code\":\"update_admin_club_user\",\"unique\":[\"61\"]}],\"createTime\":\"2023-11-11 21:30:29\",\"src\":\"admin\",\"msgId\":\"3750a09cd9eb45d69918c3e12ab52ae5\"}', 'admin', 'club', '2023-11-11 21:30:29', '2023-11-11 21:30:29', '2023-11-11 21:30:30', 'success', 1, 'success');
INSERT INTO `pub_mq_message` VALUES (27, 'bdf4b0a2e50041b9b104d0811ca527d9', 'ID:DESKTOP-JEORO4F-56686-1699709372467-6:2:1:1:2', '{\"plan\":\"update_admin_club_user\",\"tables\":[{\"code\":\"update_admin_club_user\",\"unique\":[\"81\"]}],\"createTime\":\"2023-11-11 21:30:31\",\"src\":\"admin\",\"msgId\":\"bdf4b0a2e50041b9b104d0811ca527d9\"}', 'admin', 'club', '2023-11-11 21:30:31', '2023-11-11 21:30:32', '2023-11-11 21:30:33', 'success', 1, 'success');
INSERT INTO `pub_mq_message` VALUES (28, 'ccda218ff73047c4a655c4d14ffb3c5a', 'ID:DESKTOP-JEORO4F-56686-1699709372467-6:3:1:1:2', '{\"plan\":\"update_admin_club_user\",\"tables\":[{\"code\":\"update_admin_club_user\",\"unique\":[\"82\"]}],\"createTime\":\"2023-11-11 21:30:33\",\"src\":\"admin\",\"msgId\":\"ccda218ff73047c4a655c4d14ffb3c5a\"}', 'admin', 'club', '2023-11-11 21:30:33', '2023-11-11 21:30:33', '2023-11-11 21:30:34', 'success', 1, 'success');
INSERT INTO `pub_mq_message` VALUES (29, 'bf8865fb8e5445238bb4d3232a444885', 'ID:DESKTOP-JEORO4F-56686-1699709372467-6:4:1:1:2', '{\"plan\":\"update_admin_club_user\",\"tables\":[{\"code\":\"update_admin_club_user\",\"unique\":[\"81\"]}],\"createTime\":\"2023-11-11 21:30:34\",\"src\":\"admin\",\"msgId\":\"bf8865fb8e5445238bb4d3232a444885\"}', 'admin', 'club', '2023-11-11 21:30:34', '2023-11-11 21:30:35', '2023-11-11 21:30:36', 'success', 1, 'success');
INSERT INTO `pub_mq_message` VALUES (30, 'cefda53f8def4bad9cce375406cce23d', 'ID:DESKTOP-JEORO4F-56686-1699709372467-6:5:1:1:2', '{\"plan\":\"update_admin_club_user\",\"tables\":[{\"code\":\"update_admin_club_user\",\"unique\":[\"61\"]}],\"createTime\":\"2023-11-11 21:30:36\",\"src\":\"admin\",\"msgId\":\"cefda53f8def4bad9cce375406cce23d\"}', 'admin', 'club', '2023-11-11 21:30:36', '2023-11-11 21:30:36', '2023-11-11 21:30:37', 'success', 1, 'success');
INSERT INTO `pub_mq_message` VALUES (31, '668c3eddc7cf4a4db3e62008d6c7a3a6', 'ID:DESKTOP-JEORO4F-56686-1699709372467-6:6:1:1:2', '{\"plan\":\"update_admin_club_user\",\"tables\":[{\"code\":\"update_admin_club_user\",\"unique\":[\"81\"]}],\"createTime\":\"2023-11-11 21:30:37\",\"src\":\"admin\",\"msgId\":\"668c3eddc7cf4a4db3e62008d6c7a3a6\"}', 'admin', 'club', '2023-11-11 21:30:37', '2023-11-11 21:30:38', '2023-11-11 21:30:39', 'success', 1, 'success');
INSERT INTO `pub_mq_message` VALUES (32, '150161fa47794de69aa8dd22ab7abc91', 'ID:DESKTOP-JEORO4F-56686-1699709372467-6:7:1:1:2', '{\"plan\":\"update_admin_club_user\",\"tables\":[{\"code\":\"update_admin_club_user\",\"unique\":[\"82\"]}],\"createTime\":\"2023-11-11 21:30:39\",\"src\":\"admin\",\"msgId\":\"150161fa47794de69aa8dd22ab7abc91\"}', 'admin', 'club', '2023-11-11 21:30:39', '2023-11-11 21:30:39', '2023-11-11 21:30:40', 'success', 1, 'success');
INSERT INTO `pub_mq_message` VALUES (33, '7b2dcf6f9e494f9aa0ccf097d07c807b', 'ID:DESKTOP-JEORO4F-57004-1699709655617-6:2:1:1:1', '{\"plan\":\"update_admin_club_user\",\"tables\":[{\"code\":\"update_admin_club_user\",\"unique\":[\"81\"]}],\"createTime\":\"2023-11-11 21:34:35\",\"src\":\"admin\",\"msgId\":\"7b2dcf6f9e494f9aa0ccf097d07c807b\"}', 'admin', 'club', '2023-11-11 21:34:35', '2023-11-11 21:34:35', '2023-11-11 21:34:36', 'success', 1, 'success');
INSERT INTO `pub_mq_message` VALUES (34, '54fca1f539294245bed49c2abc3d58ed', 'ID:DESKTOP-JEORO4F-57004-1699709655617-6:3:1:1:1', '{\"plan\":\"update_admin_club_user\",\"tables\":[{\"code\":\"update_admin_club_user\",\"unique\":[\"61\"]}],\"createTime\":\"2023-11-11 21:34:37\",\"src\":\"admin\",\"msgId\":\"54fca1f539294245bed49c2abc3d58ed\"}', 'admin', 'club', '2023-11-11 21:34:37', '2023-11-11 21:34:37', '2023-11-11 21:34:38', 'success', 1, 'success');
INSERT INTO `pub_mq_message` VALUES (35, '3ac8dab5cdc34f50bbe8dbbd29196bf3', 'ID:DESKTOP-JEORO4F-57004-1699709655617-6:4:1:1:1', '{\"plan\":\"update_admin_club_user\",\"tables\":[{\"code\":\"update_admin_club_user\",\"unique\":[\"82\"]}],\"createTime\":\"2023-11-11 21:34:39\",\"src\":\"admin\",\"msgId\":\"3ac8dab5cdc34f50bbe8dbbd29196bf3\"}', 'admin', 'club', '2023-11-11 21:34:39', '2023-11-11 21:34:39', '2023-11-11 21:34:40', 'success', 1, 'success');
INSERT INTO `pub_mq_message` VALUES (36, 'e70959071397464c88964a972aede299', 'ID:DESKTOP-JEORO4F-57004-1699709655617-6:5:1:1:1', '{\"plan\":\"update_admin_club_user\",\"tables\":[{\"code\":\"update_admin_club_user\",\"unique\":[\"81\"]}],\"createTime\":\"2023-11-11 21:34:40\",\"src\":\"admin\",\"msgId\":\"e70959071397464c88964a972aede299\"}', 'admin', 'club', '2023-11-11 21:34:40', '2023-11-11 21:34:41', '2023-11-11 21:34:42', 'success', 1, 'success');
INSERT INTO `pub_mq_message` VALUES (37, '3ad1bd08009c4bb691f03614bbd70a60', 'ID:DESKTOP-JEORO4F-57004-1699709655617-6:6:1:1:1', '{\"plan\":\"update_admin_club_user\",\"tables\":[{\"code\":\"update_admin_club_user\",\"unique\":[\"82\"]}],\"createTime\":\"2023-11-11 21:34:43\",\"src\":\"admin\",\"msgId\":\"3ad1bd08009c4bb691f03614bbd70a60\"}', 'admin', 'club', '2023-11-11 21:34:43', '2023-11-11 21:34:43', '2023-11-11 21:34:44', 'success', 1, 'success');
INSERT INTO `pub_mq_message` VALUES (38, '345f7568977b46c890ada6373b7cdec8', 'ID:DESKTOP-JEORO4F-57223-1699710000158-6:2:1:1:1', '{\"plan\":\"update_admin_club_user\",\"tables\":[{\"code\":\"update_admin_club_user\",\"unique\":[\"82\"]}],\"createTime\":\"2023-11-11 21:40:08\",\"src\":\"admin\",\"msgId\":\"345f7568977b46c890ada6373b7cdec8\"}', 'admin', 'club', '2023-11-11 21:40:08', '2023-11-11 21:41:20', '2023-11-11 21:41:44', 'success', 2, 'success');
INSERT INTO `pub_mq_message` VALUES (39, 'aee65b9e14f9428d93f71f7f166e9abf', 'ID:DESKTOP-JEORO4F-57318-1699710101300-6:2:1:1:1', '{\"plan\":\"update_admin_club_user\",\"tables\":[{\"code\":\"update_admin_club_user\",\"unique\":[\"82\"]}],\"createTime\":\"2023-11-11 21:41:58\",\"src\":\"admin\",\"msgId\":\"aee65b9e14f9428d93f71f7f166e9abf\"}', 'admin', 'club', '2023-11-11 21:41:58', '2023-11-11 21:41:59', '2023-11-11 21:42:14', 'success', 1, 'success');
INSERT INTO `pub_mq_message` VALUES (40, 'a1fa35b3a4f84e469b739db9825170bc', 'ID:DESKTOP-JEORO4F-57318-1699710101300-6:3:1:1:1', '{\"plan\":\"update_admin_club_user\",\"tables\":[{\"code\":\"update_admin_club_user\",\"unique\":[\"81\"]}],\"createTime\":\"2023-11-11 21:42:00\",\"src\":\"admin\",\"msgId\":\"a1fa35b3a4f84e469b739db9825170bc\"}', 'admin', 'club', '2023-11-11 21:42:00', '2023-11-11 21:42:01', '2023-11-11 21:42:16', 'success', 1, 'success');
INSERT INTO `pub_mq_message` VALUES (41, '673f17bec5b943d1908b5616e22ababa', 'ID:DESKTOP-JEORO4F-57318-1699710101300-6:4:1:1:1', '{\"plan\":\"update_admin_club_user\",\"tables\":[{\"code\":\"update_admin_club_user\",\"unique\":[\"82\"]}],\"createTime\":\"2023-11-11 21:42:28\",\"src\":\"admin\",\"msgId\":\"673f17bec5b943d1908b5616e22ababa\"}', 'admin', 'club', '2023-11-11 21:42:28', '2023-11-11 21:42:28', '2023-11-11 21:42:29', 'success', 1, 'success');
INSERT INTO `pub_mq_message` VALUES (42, '64ec2a06cadd44bb989f7e392eae8cdc', 'ID:DESKTOP-JEORO4F-57318-1699710101300-6:5:1:1:1', '{\"plan\":\"update_admin_club_user\",\"tables\":[{\"code\":\"update_admin_club_user\",\"unique\":[\"81\"]}],\"createTime\":\"2023-11-11 21:42:30\",\"src\":\"admin\",\"msgId\":\"64ec2a06cadd44bb989f7e392eae8cdc\"}', 'admin', 'club', '2023-11-11 21:42:30', '2023-11-11 21:42:30', '2023-11-11 21:42:31', 'success', 1, 'success');
INSERT INTO `pub_mq_message` VALUES (43, '98e02c56c7604f78b95a362af8a5d50d', 'ID:DESKTOP-JEORO4F-57318-1699710101300-6:6:1:1:1', '{\"plan\":\"update_admin_club_user\",\"tables\":[{\"code\":\"update_admin_club_user\",\"unique\":[\"61\"]}],\"createTime\":\"2023-11-11 21:42:31\",\"src\":\"admin\",\"msgId\":\"98e02c56c7604f78b95a362af8a5d50d\"}', 'admin', 'club', '2023-11-11 21:42:31', '2023-11-11 21:42:31', '2023-11-11 21:42:32', 'success', 1, 'success');
INSERT INTO `pub_mq_message` VALUES (44, '1dab1f3c6ae24a45a379435f17a45b20', 'ID:DESKTOP-JEORO4F-57318-1699710101300-6:7:1:1:1', '{\"plan\":\"update_admin_club_user\",\"tables\":[{\"code\":\"update_admin_club_user\",\"unique\":[\"81\"]}],\"createTime\":\"2023-11-11 21:42:33\",\"src\":\"admin\",\"msgId\":\"1dab1f3c6ae24a45a379435f17a45b20\"}', 'admin', 'club', '2023-11-11 21:42:33', '2023-11-11 21:42:33', '2023-11-11 21:42:34', 'success', 1, 'success');
INSERT INTO `pub_mq_message` VALUES (45, '62a0149a53df4ce79316c9203f150406', 'ID:DESKTOP-JEORO4F-57318-1699710101300-6:8:1:1:1', '{\"plan\":\"update_admin_club_user\",\"tables\":[{\"code\":\"update_admin_club_user\",\"unique\":[\"82\"]}],\"createTime\":\"2023-11-11 21:42:36\",\"src\":\"admin\",\"msgId\":\"62a0149a53df4ce79316c9203f150406\"}', 'admin', 'club', '2023-11-11 21:42:36', '2023-11-11 21:42:36', '2023-11-11 21:42:37', 'success', 1, 'success');
INSERT INTO `pub_mq_message` VALUES (46, '10c2655212a943a29ab2093c002e67ad', 'ID:DESKTOP-JEORO4F-57318-1699710101300-6:9:1:1:1', '{\"plan\":\"update_admin_club_user\",\"tables\":[{\"code\":\"update_admin_club_user\",\"unique\":[\"81\"]}],\"createTime\":\"2023-11-11 21:42:38\",\"src\":\"admin\",\"msgId\":\"10c2655212a943a29ab2093c002e67ad\"}', 'admin', 'club', '2023-11-11 21:42:38', '2023-11-11 21:42:39', '2023-11-11 21:42:40', 'success', 1, 'success');
INSERT INTO `pub_mq_message` VALUES (47, '4adbe6f370dd42ac85b1543887a3af19', 'ID:DESKTOP-JEORO4F-57318-1699710101300-6:4:1:1:2', '{\"plan\":\"update_admin_club_user\",\"tables\":[{\"code\":\"update_admin_club_user\",\"unique\":[\"61\"]}],\"createTime\":\"2023-11-11 21:42:40\",\"src\":\"admin\",\"msgId\":\"4adbe6f370dd42ac85b1543887a3af19\"}', 'admin', 'club', '2023-11-11 21:42:40', '2023-11-11 21:42:40', '2023-11-11 21:42:41', 'success', 1, 'success');
INSERT INTO `pub_mq_message` VALUES (48, '778032cddbdb43dba8a3c34e9a00dc03', 'ID:DESKTOP-JEORO4F-57318-1699710101300-6:10:1:1:1', '{\"plan\":\"update_admin_club_user\",\"tables\":[{\"code\":\"update_admin_club_user\",\"unique\":[\"81\"]}],\"createTime\":\"2023-11-11 21:42:42\",\"src\":\"admin\",\"msgId\":\"778032cddbdb43dba8a3c34e9a00dc03\"}', 'admin', 'club', '2023-11-11 21:42:42', '2023-11-11 21:42:42', '2023-11-11 21:42:43', 'success', 1, 'success');
INSERT INTO `pub_mq_message` VALUES (49, '84079d68d90f4b33bfccc66c4dacb432', 'ID:DESKTOP-JEORO4F-57318-1699710101300-6:11:1:1:1', '{\"plan\":\"update_admin_club_user\",\"tables\":[{\"code\":\"update_admin_club_user\",\"unique\":[\"82\"]}],\"createTime\":\"2023-11-11 21:42:43\",\"src\":\"admin\",\"msgId\":\"84079d68d90f4b33bfccc66c4dacb432\"}', 'admin', 'club', '2023-11-11 21:42:43', '2023-11-11 21:42:43', '2023-11-11 21:42:44', 'success', 1, 'success');
INSERT INTO `pub_mq_message` VALUES (50, 'e9c367a7d8494489b8df96080028465c', 'ID:DESKTOP-JEORO4F-57318-1699710101300-6:5:1:1:2', '{\"plan\":\"update_admin_club_user\",\"tables\":[{\"code\":\"update_admin_club_user\",\"unique\":[\"81\"]}],\"createTime\":\"2023-11-11 21:42:45\",\"src\":\"admin\",\"msgId\":\"e9c367a7d8494489b8df96080028465c\"}', 'admin', 'club', '2023-11-11 21:42:45', '2023-11-11 21:42:45', '2023-11-11 21:42:46', 'success', 1, 'success');
INSERT INTO `pub_mq_message` VALUES (51, '6c8e5ef5d38943ca9d87ac9017e1c369', 'ID:DESKTOP-JEORO4F-57318-1699710101300-6:6:1:1:2', '{\"plan\":\"update_admin_club_user\",\"tables\":[{\"code\":\"update_admin_club_user\",\"unique\":[\"61\"]}],\"createTime\":\"2023-11-11 21:42:47\",\"src\":\"admin\",\"msgId\":\"6c8e5ef5d38943ca9d87ac9017e1c369\"}', 'admin', 'club', '2023-11-11 21:42:47', '2023-11-11 21:42:47', '2023-11-11 21:42:48', 'success', 1, 'success');
INSERT INTO `pub_mq_message` VALUES (52, 'be76c6b22fae4b88a127c9255c536e16', 'ID:DESKTOP-JEORO4F-57611-1699710448054-6:2:1:1:1', '{\"plan\":\"update_admin_club_user\",\"tables\":[{\"code\":\"update_admin_club_user\",\"unique\":[\"82\"]}],\"createTime\":\"2023-11-11 21:50:05\",\"src\":\"admin\",\"msgId\":\"be76c6b22fae4b88a127c9255c536e16\"}', 'admin', 'club', '2023-11-11 21:50:05', '2023-11-11 21:50:06', '2023-11-11 21:50:06', 'success', 1, 'success');
INSERT INTO `pub_mq_message` VALUES (53, 'efc4f9a5d08b48d89009c1da66ec5e22', 'ID:DESKTOP-JEORO4F-57611-1699710448054-6:3:1:1:1', '{\"plan\":\"update_admin_club_user\",\"tables\":[{\"code\":\"update_admin_club_user\",\"unique\":[\"81\"]}],\"createTime\":\"2023-11-11 21:50:07\",\"src\":\"admin\",\"msgId\":\"efc4f9a5d08b48d89009c1da66ec5e22\"}', 'admin', 'club', '2023-11-11 21:50:07', '2023-11-11 21:50:07', '2023-11-11 21:50:07', 'success', 1, 'success');
INSERT INTO `pub_mq_message` VALUES (54, '0f43885764ba44578312590516606a28', 'ID:DESKTOP-JEORO4F-57611-1699710448054-6:4:1:1:1', '{\"plan\":\"update_admin_club_user\",\"tables\":[{\"code\":\"update_admin_club_user\",\"unique\":[\"61\"]}],\"createTime\":\"2023-11-11 21:50:08\",\"src\":\"admin\",\"msgId\":\"0f43885764ba44578312590516606a28\"}', 'admin', 'club', '2023-11-11 21:50:08', '2023-11-11 21:50:09', '2023-11-11 21:50:09', 'success', 1, 'success');
INSERT INTO `pub_mq_message` VALUES (55, '246b242b47fd4b8bbb31b7c308e2c4cb', 'ID:DESKTOP-JEORO4F-57611-1699710448054-6:5:1:1:1', '{\"plan\":\"update_admin_club_user\",\"tables\":[{\"code\":\"update_admin_club_user\",\"unique\":[\"81\"]}],\"createTime\":\"2023-11-11 21:50:10\",\"src\":\"admin\",\"msgId\":\"246b242b47fd4b8bbb31b7c308e2c4cb\"}', 'admin', 'club', '2023-11-11 21:50:10', '2023-11-11 21:50:10', '2023-11-11 21:50:10', 'success', 1, 'success');
INSERT INTO `pub_mq_message` VALUES (56, '61fe02fc497f43659f8cd1c5435e331f', 'ID:DESKTOP-JEORO4F-57611-1699710448054-6:6:1:1:1', '{\"plan\":\"update_admin_club_user\",\"tables\":[{\"code\":\"update_admin_club_user\",\"unique\":[\"82\"]}],\"createTime\":\"2023-11-11 21:50:11\",\"src\":\"admin\",\"msgId\":\"61fe02fc497f43659f8cd1c5435e331f\"}', 'admin', 'club', '2023-11-11 21:50:11', '2023-11-11 21:50:12', '2023-11-11 21:50:12', 'success', 1, 'success');
INSERT INTO `pub_mq_message` VALUES (57, '1d5d6d1985e34882a902f49cb03dc468', 'ID:DESKTOP-JEORO4F-57611-1699710448054-6:7:1:1:1', '{\"plan\":\"update_admin_club_user\",\"tables\":[{\"code\":\"update_admin_club_user\",\"unique\":[\"81\"]}],\"createTime\":\"2023-11-11 21:50:13\",\"src\":\"admin\",\"msgId\":\"1d5d6d1985e34882a902f49cb03dc468\"}', 'admin', 'club', '2023-11-11 21:50:13', '2023-11-11 21:50:13', '2023-11-11 21:50:13', 'success', 1, 'success');
INSERT INTO `pub_mq_message` VALUES (58, 'c63818fa260a40359f8bb66a84bc987b', 'ID:DESKTOP-JEORO4F-57611-1699710448054-6:8:1:1:1', '{\"plan\":\"update_admin_club_user\",\"tables\":[{\"code\":\"update_admin_club_user\",\"unique\":[\"82\"]}],\"createTime\":\"2023-11-11 21:50:14\",\"src\":\"admin\",\"msgId\":\"c63818fa260a40359f8bb66a84bc987b\"}', 'admin', 'club', '2023-11-11 21:50:14', '2023-11-11 21:50:15', '2023-11-11 21:50:15', 'success', 1, 'success');
INSERT INTO `pub_mq_message` VALUES (59, '245da69ea3964e949b4b57426b54beef', 'ID:DESKTOP-JEORO4F-57611-1699710448054-6:9:1:1:1', '{\"plan\":\"update_admin_club_user\",\"tables\":[{\"code\":\"update_admin_club_user\",\"unique\":[\"82\"]}],\"createTime\":\"2023-11-11 21:50:18\",\"src\":\"admin\",\"msgId\":\"245da69ea3964e949b4b57426b54beef\"}', 'admin', 'club', '2023-11-11 21:50:18', '2023-11-11 21:50:19', '2023-11-11 21:50:19', 'success', 1, 'success');
INSERT INTO `pub_mq_message` VALUES (60, '6dd2db8a7f08430e94f3b2d08be7e356', 'ID:DESKTOP-JEORO4F-57611-1699710448054-6:2:1:1:2', '{\"plan\":\"update_admin_club_user\",\"tables\":[{\"code\":\"update_admin_club_user\",\"unique\":[\"81\"]}],\"createTime\":\"2023-11-11 21:50:19\",\"src\":\"admin\",\"msgId\":\"6dd2db8a7f08430e94f3b2d08be7e356\"}', 'admin', 'club', '2023-11-11 21:50:19', '2023-11-11 21:50:20', '2023-11-11 21:50:20', 'success', 1, 'success');
INSERT INTO `pub_mq_message` VALUES (61, '22b9d9d51cce4b0392c854cac63187ef', 'ID:DESKTOP-JEORO4F-57611-1699710448054-6:3:1:1:2', '{\"plan\":\"update_admin_club_user\",\"tables\":[{\"code\":\"update_admin_club_user\",\"unique\":[\"61\"]}],\"createTime\":\"2023-11-11 21:50:21\",\"src\":\"admin\",\"msgId\":\"22b9d9d51cce4b0392c854cac63187ef\"}', 'admin', 'club', '2023-11-11 21:50:21', '2023-11-11 21:50:22', '2023-11-11 21:50:22', 'success', 1, 'success');
INSERT INTO `pub_mq_message` VALUES (62, '472fb4ceb3574a899e3b788fb52185f0', 'ID:DESKTOP-JEORO4F-57611-1699710448054-6:4:1:1:2', '{\"plan\":\"update_admin_club_user\",\"tables\":[{\"code\":\"update_admin_club_user\",\"unique\":[\"81\"]}],\"createTime\":\"2023-11-11 21:50:23\",\"src\":\"admin\",\"msgId\":\"472fb4ceb3574a899e3b788fb52185f0\"}', 'admin', 'club', '2023-11-11 21:50:23', '2023-11-11 21:50:23', '2023-11-11 21:50:23', 'success', 1, 'success');
INSERT INTO `pub_mq_message` VALUES (63, 'b8ded6fb82f94b1daec34faaf63fa599', 'ID:DESKTOP-JEORO4F-57611-1699710448054-6:5:1:1:2', '{\"plan\":\"update_admin_club_user\",\"tables\":[{\"code\":\"update_admin_club_user\",\"unique\":[\"82\"]}],\"createTime\":\"2023-11-11 21:50:25\",\"src\":\"admin\",\"msgId\":\"b8ded6fb82f94b1daec34faaf63fa599\"}', 'admin', 'club', '2023-11-11 21:50:25', '2023-11-11 21:50:26', '2023-11-11 21:50:26', 'success', 1, 'success');
INSERT INTO `pub_mq_message` VALUES (64, '62aac8037c2446e589ebc8bc8c5954dc', 'ID:DESKTOP-JEORO4F-57611-1699710448054-6:10:1:1:1', '{\"plan\":\"update_admin_club_user\",\"tables\":[{\"code\":\"update_admin_club_user\",\"unique\":[\"82\"]}],\"createTime\":\"2023-11-11 21:53:08\",\"src\":\"admin\",\"msgId\":\"62aac8037c2446e589ebc8bc8c5954dc\"}', 'admin', 'club', '2023-11-11 21:53:08', '2023-11-11 21:53:08', '2023-11-11 21:53:09', 'success', 1, 'success');
INSERT INTO `pub_mq_message` VALUES (65, '7892c5bce59243ad853a693bb28886e4', 'ID:DESKTOP-JEORO4F-57611-1699710448054-6:11:1:1:1', '{\"plan\":\"update_admin_club_user\",\"tables\":[{\"code\":\"update_admin_club_user\",\"unique\":[\"81\"]}],\"createTime\":\"2023-11-11 21:53:10\",\"src\":\"admin\",\"msgId\":\"7892c5bce59243ad853a693bb28886e4\"}', 'admin', 'club', '2023-11-11 21:53:10', '2023-11-11 21:53:10', '2023-11-11 21:53:11', 'success', 1, 'success');
INSERT INTO `pub_mq_message` VALUES (66, 'c8efe38fcef44dccbdf32ef465b9d102', 'ID:DESKTOP-JEORO4F-57611-1699710448054-6:12:1:1:1', '{\"plan\":\"update_admin_club_user\",\"tables\":[{\"code\":\"update_admin_club_user\",\"unique\":[\"61\"]}],\"createTime\":\"2023-11-11 21:53:11\",\"src\":\"admin\",\"msgId\":\"c8efe38fcef44dccbdf32ef465b9d102\"}', 'admin', 'club', '2023-11-11 21:53:11', '2023-11-11 21:53:11', '2023-11-11 21:53:12', 'success', 1, 'success');
INSERT INTO `pub_mq_message` VALUES (67, '26bca54908bd47f28de997247f18a8c4', 'ID:DESKTOP-JEORO4F-58423-1699788552975-6:2:1:1:1', '{\"plan\":\"update_admin_club_user\",\"tables\":[{\"code\":\"update_admin_club_user\",\"unique\":[\"82\"]}],\"createTime\":\"2023-11-12 19:30:09\",\"src\":\"admin\",\"msgId\":\"26bca54908bd47f28de997247f18a8c4\"}', 'admin', 'club', '2023-11-12 19:30:09', '2023-11-12 19:30:10', '2023-11-12 19:30:10', 'success', 1, 'success');
INSERT INTO `pub_mq_message` VALUES (68, '390f5b811a6d49bc9ec7ba7ec259ab3a', 'ID:DESKTOP-JEORO4F-58423-1699788552975-6:3:1:1:1', '{\"plan\":\"update_admin_club_user\",\"tables\":[{\"code\":\"update_admin_club_user\",\"unique\":[\"81\"]}],\"createTime\":\"2023-11-12 19:30:11\",\"src\":\"admin\",\"msgId\":\"390f5b811a6d49bc9ec7ba7ec259ab3a\"}', 'admin', 'club', '2023-11-12 19:30:11', '2023-11-12 19:30:12', '2023-11-12 19:30:12', 'success', 1, 'success');
INSERT INTO `pub_mq_message` VALUES (69, 'df5cc7ff88b74bdb8e9e6f288b3e180e', 'ID:DESKTOP-JEORO4F-58423-1699788552975-6:4:1:1:1', '{\"plan\":\"update_admin_club_user\",\"tables\":[{\"code\":\"update_admin_club_user\",\"unique\":[\"61\"]}],\"createTime\":\"2023-11-12 19:30:13\",\"src\":\"admin\",\"msgId\":\"df5cc7ff88b74bdb8e9e6f288b3e180e\"}', 'admin', 'club', '2023-11-12 19:30:13', '2023-11-12 19:30:14', '2023-11-12 19:30:14', 'success', 1, 'success');
INSERT INTO `pub_mq_message` VALUES (70, '1176a8f74c6442da87a578899b212981', 'ID:DESKTOP-JEORO4F-58423-1699788552975-6:5:1:1:1', '{\"plan\":\"update_admin_club_user\",\"tables\":[{\"code\":\"update_admin_club_user\",\"unique\":[\"82\"]}],\"createTime\":\"2023-11-12 19:30:36\",\"src\":\"admin\",\"msgId\":\"1176a8f74c6442da87a578899b212981\"}', 'admin', 'club', '2023-11-12 19:30:36', '2023-11-12 19:30:37', '2023-11-12 19:30:37', 'success', 1, 'success');
INSERT INTO `pub_mq_message` VALUES (71, 'b0005975091047388949acf491fc7c68', 'ID:DESKTOP-JEORO4F-58423-1699788552975-6:6:1:1:1', '{\"plan\":\"update_admin_club_user\",\"tables\":[{\"code\":\"update_admin_club_user\",\"unique\":[\"82\"]}],\"createTime\":\"2023-11-12 19:32:32\",\"src\":\"admin\",\"msgId\":\"b0005975091047388949acf491fc7c68\"}', 'admin', 'club', '2023-11-12 19:32:32', '2023-11-12 19:32:32', '2023-11-12 19:32:32', 'success', 1, 'success');
INSERT INTO `pub_mq_message` VALUES (72, '08c64c39952b4923b887a8b022dca50e', 'ID:DESKTOP-JEORO4F-58423-1699788552975-6:7:1:1:1', '{\"plan\":\"update_admin_club_user\",\"tables\":[{\"code\":\"update_admin_club_user\",\"unique\":[\"81\"]}],\"createTime\":\"2023-11-12 19:32:34\",\"src\":\"admin\",\"msgId\":\"08c64c39952b4923b887a8b022dca50e\"}', 'admin', 'club', '2023-11-12 19:32:34', '2023-11-12 19:32:34', '2023-11-12 19:32:34', 'success', 1, 'success');
INSERT INTO `pub_mq_message` VALUES (73, '8d7cf7f6b672416e88d43e64d301a512', 'ID:DESKTOP-JEORO4F-58423-1699788552975-6:8:1:1:1', '{\"plan\":\"update_admin_club_user\",\"tables\":[{\"code\":\"update_admin_club_user\",\"unique\":[\"61\"]}],\"createTime\":\"2023-11-12 19:32:35\",\"src\":\"admin\",\"msgId\":\"8d7cf7f6b672416e88d43e64d301a512\"}', 'admin', 'club', '2023-11-12 19:32:35', '2023-11-12 19:32:36', '2023-11-12 19:32:36', 'success', 1, 'success');
INSERT INTO `pub_mq_message` VALUES (74, 'a8927ad8554043ebaacd4bdcdc431f58', 'ID:DESKTOP-JEORO4F-58423-1699788552975-6:9:1:1:1', '{\"plan\":\"update_admin_club_user\",\"tables\":[{\"code\":\"update_admin_club_user\",\"unique\":[\"81\"]}],\"createTime\":\"2023-11-12 19:32:37\",\"src\":\"admin\",\"msgId\":\"a8927ad8554043ebaacd4bdcdc431f58\"}', 'admin', 'club', '2023-11-12 19:32:37', '2023-11-12 19:32:38', '2023-11-12 19:32:38', 'success', 1, 'success');
INSERT INTO `pub_mq_message` VALUES (75, 'b1210f7bbbed4836aa7b915201ba118d', 'ID:DESKTOP-JEORO4F-58423-1699788552975-6:6:1:1:2', '{\"plan\":\"update_admin_club_user\",\"tables\":[{\"code\":\"update_admin_club_user\",\"unique\":[\"61\"]}],\"createTime\":\"2023-11-12 19:32:39\",\"src\":\"admin\",\"msgId\":\"b1210f7bbbed4836aa7b915201ba118d\"}', 'admin', 'club', '2023-11-12 19:32:39', '2023-11-12 19:32:39', '2023-11-12 19:32:39', 'success', 1, 'success');
INSERT INTO `pub_mq_message` VALUES (76, '61f58dda4507442e8cb010467bae24c3', 'ID:DESKTOP-JEORO4F-58423-1699788552975-6:10:1:1:1', '{\"plan\":\"update_admin_club_user\",\"tables\":[{\"code\":\"update_admin_club_user\",\"unique\":[\"82\"]}],\"createTime\":\"2023-11-12 19:32:41\",\"src\":\"admin\",\"msgId\":\"61f58dda4507442e8cb010467bae24c3\"}', 'admin', 'club', '2023-11-12 19:32:41', '2023-11-12 19:32:41', '2023-11-12 19:32:42', 'success', 1, 'success');
INSERT INTO `pub_mq_message` VALUES (77, '81045450445f40ad83624e73c432ced4', 'ID:DESKTOP-JEORO4F-58423-1699788552975-6:11:1:1:1', '{\"plan\":\"update_admin_club_user\",\"tables\":[{\"code\":\"update_admin_club_user\",\"unique\":[\"82\"]}],\"createTime\":\"2023-11-12 19:49:13\",\"src\":\"admin\",\"msgId\":\"81045450445f40ad83624e73c432ced4\"}', 'admin', 'club', '2023-11-12 19:49:13', '2023-11-12 19:49:13', '2023-11-12 19:49:14', 'success', 1, 'success');
INSERT INTO `pub_mq_message` VALUES (78, '3da07a0056ce462f9a71615bcf57af69', 'ID:DESKTOP-JEORO4F-58423-1699788552975-6:12:1:1:1', '{\"plan\":\"update_admin_club_user\",\"tables\":[{\"code\":\"update_admin_club_user\",\"unique\":[\"81\"]}],\"createTime\":\"2023-11-12 19:49:15\",\"src\":\"admin\",\"msgId\":\"3da07a0056ce462f9a71615bcf57af69\"}', 'admin', 'club', '2023-11-12 19:49:15', '2023-11-12 19:49:15', '2023-11-12 19:49:16', 'success', 1, 'success');
INSERT INTO `pub_mq_message` VALUES (79, 'a8061ede3f8f4ed583472568b5bfc7e8', 'ID:DESKTOP-JEORO4F-58423-1699788552975-6:13:1:1:1', '{\"plan\":\"update_admin_club_user\",\"tables\":[{\"code\":\"update_admin_club_user\",\"unique\":[\"81\"]}],\"createTime\":\"2023-11-12 19:49:17\",\"src\":\"admin\",\"msgId\":\"a8061ede3f8f4ed583472568b5bfc7e8\"}', 'admin', 'club', '2023-11-12 19:49:17', '2023-11-12 19:49:17', '2023-11-12 19:49:18', 'success', 1, 'success');
INSERT INTO `pub_mq_message` VALUES (80, '099ffe27929244ebb7ffd59789f21037', 'ID:DESKTOP-JEORO4F-58423-1699788552975-6:11:1:1:2', '{\"plan\":\"update_admin_club_user\",\"tables\":[{\"code\":\"update_admin_club_user\",\"unique\":[\"61\"]}],\"createTime\":\"2023-11-12 19:49:20\",\"src\":\"admin\",\"msgId\":\"099ffe27929244ebb7ffd59789f21037\"}', 'admin', 'club', '2023-11-12 19:49:20', '2023-11-12 19:49:21', '2023-11-12 19:49:21', 'success', 1, 'success');
INSERT INTO `pub_mq_message` VALUES (81, '9df6113a8ca348178f3d6214c1efbbd7', 'ID:DESKTOP-JEORO4F-60825-1699790987182-6:2:1:1:1', '{\"plan\":\"update_admin_club_user\",\"tables\":[{\"code\":\"update_admin_club_user\",\"unique\":[\"82\"]}],\"createTime\":\"2023-11-12 20:10:03\",\"src\":\"admin\",\"msgId\":\"9df6113a8ca348178f3d6214c1efbbd7\"}', 'admin', 'club', '2023-11-12 20:10:03', '2023-11-12 20:10:03', '2023-11-12 20:10:03', 'success', 1, 'success');
INSERT INTO `pub_mq_message` VALUES (82, 'a51a69498fb9480c85505a144d506fc9', 'ID:DESKTOP-JEORO4F-60825-1699790987182-6:3:1:1:1', '{\"plan\":\"update_admin_club_user\",\"tables\":[{\"code\":\"update_admin_club_user\",\"unique\":[\"81\"]}],\"createTime\":\"2023-11-12 20:10:04\",\"src\":\"admin\",\"msgId\":\"a51a69498fb9480c85505a144d506fc9\"}', 'admin', 'club', '2023-11-12 20:10:04', '2023-11-12 20:10:05', '2023-11-12 20:10:05', 'success', 1, 'success');
INSERT INTO `pub_mq_message` VALUES (83, 'f5486a3d1c164b14b16ccfe5e8fab825', 'ID:DESKTOP-JEORO4F-60825-1699790987182-6:4:1:1:1', '{\"plan\":\"update_admin_club_user\",\"tables\":[{\"code\":\"update_admin_club_user\",\"unique\":[\"61\"]}],\"createTime\":\"2023-11-12 20:10:06\",\"src\":\"admin\",\"msgId\":\"f5486a3d1c164b14b16ccfe5e8fab825\"}', 'admin', 'club', '2023-11-12 20:10:06', '2023-11-12 20:10:07', '2023-11-12 20:10:07', 'success', 1, 'success');
INSERT INTO `pub_mq_message` VALUES (84, '44fff536b0484539b9b8ddef510162cc', 'ID:DESKTOP-JEORO4F-60825-1699790987182-6:5:1:1:1', '{\"plan\":\"update_admin_club_user\",\"tables\":[{\"code\":\"update_admin_club_user\",\"unique\":[\"81\"]}],\"createTime\":\"2023-11-12 20:10:08\",\"src\":\"admin\",\"msgId\":\"44fff536b0484539b9b8ddef510162cc\"}', 'admin', 'club', '2023-11-12 20:10:08', '2023-11-12 20:10:09', '2023-11-12 20:10:09', 'success', 1, 'success');
INSERT INTO `pub_mq_message` VALUES (85, '30606aff8f054d64b65b1fdf04ce9194', 'ID:DESKTOP-JEORO4F-60825-1699790987182-6:6:1:1:1', '{\"plan\":\"update_admin_club_user\",\"tables\":[{\"code\":\"update_admin_club_user\",\"unique\":[\"82\"]}],\"createTime\":\"2023-11-12 20:10:12\",\"src\":\"admin\",\"msgId\":\"30606aff8f054d64b65b1fdf04ce9194\"}', 'admin', 'club', '2023-11-12 20:10:12', '2023-11-12 20:10:12', '2023-11-12 20:10:12', 'success', 1, 'success');
INSERT INTO `pub_mq_message` VALUES (86, '5adb6015fd7e48a3b250435fc54de075', 'ID:DESKTOP-JEORO4F-60825-1699790987182-6:7:1:1:1', '{\"plan\":\"update_admin_club_user\",\"tables\":[{\"code\":\"update_admin_club_user\",\"unique\":[\"61\"]}],\"createTime\":\"2023-11-12 20:10:13\",\"src\":\"admin\",\"msgId\":\"5adb6015fd7e48a3b250435fc54de075\"}', 'admin', 'club', '2023-11-12 20:10:13', '2023-11-12 20:10:14', '2023-11-12 20:10:14', 'success', 1, 'success');
INSERT INTO `pub_mq_message` VALUES (87, '8187f8f1051249eeb84a2381799ca5d3', 'ID:DESKTOP-JEORO4F-60825-1699790987182-6:8:1:1:1', '{\"plan\":\"update_admin_club_user\",\"tables\":[{\"code\":\"update_admin_club_user\",\"unique\":[\"81\"]}],\"createTime\":\"2023-11-12 20:10:15\",\"src\":\"admin\",\"msgId\":\"8187f8f1051249eeb84a2381799ca5d3\"}', 'admin', 'club', '2023-11-12 20:10:15', '2023-11-12 20:10:16', '2023-11-12 20:10:16', 'success', 1, 'success');
INSERT INTO `pub_mq_message` VALUES (88, '7ff9a7d2a8c64cd1a3bcfbb7e0236dd1', 'ID:DESKTOP-JEORO4F-60825-1699790987182-6:9:1:1:1', '{\"plan\":\"update_admin_club_user\",\"tables\":[{\"code\":\"update_admin_club_user\",\"unique\":[\"81\"]}],\"createTime\":\"2023-11-12 20:10:16\",\"src\":\"admin\",\"msgId\":\"7ff9a7d2a8c64cd1a3bcfbb7e0236dd1\"}', 'admin', 'club', '2023-11-12 20:10:16', '2023-11-12 20:10:17', '2023-11-12 20:10:17', 'success', 1, 'success');
INSERT INTO `pub_mq_message` VALUES (89, 'cdd5bf73b5a54c64af59a6a9b71975a0', 'ID:DESKTOP-JEORO4F-60825-1699790987182-6:2:1:1:2', '{\"plan\":\"update_admin_club_user\",\"tables\":[{\"code\":\"update_admin_club_user\",\"unique\":[\"61\"]}],\"createTime\":\"2023-11-12 20:10:18\",\"src\":\"admin\",\"msgId\":\"cdd5bf73b5a54c64af59a6a9b71975a0\"}', 'admin', 'club', '2023-11-12 20:10:18', '2023-11-12 20:10:19', '2023-11-12 20:10:19', 'success', 1, 'success');
INSERT INTO `pub_mq_message` VALUES (90, 'ebbc37e24b414741867afa464d148ce9', 'ID:DESKTOP-JEORO4F-60825-1699790987182-6:3:1:1:2', '{\"plan\":\"update_admin_club_user\",\"tables\":[{\"code\":\"update_admin_club_user\",\"unique\":[\"82\"]}],\"createTime\":\"2023-11-12 20:10:19\",\"src\":\"admin\",\"msgId\":\"ebbc37e24b414741867afa464d148ce9\"}', 'admin', 'club', '2023-11-12 20:10:19', '2023-11-12 20:10:20', '2023-11-12 20:10:20', 'success', 1, 'success');
INSERT INTO `pub_mq_message` VALUES (91, 'befbb767e18d4ddea42e35ce65412ba6', 'ID:DESKTOP-JEORO4F-63427-1700272600818-6:2:1:1:1', '{\"plan\":\"update_admin_club_user\",\"tables\":[{\"code\":\"update_admin_club_user\",\"unique\":[\"82\"]}],\"createTime\":\"2023-11-18 10:08:22\",\"src\":\"admin\",\"msgId\":\"befbb767e18d4ddea42e35ce65412ba6\"}', 'admin', 'club', '2023-11-18 10:08:22', '2023-11-18 10:08:22', '2023-11-18 10:08:23', 'success', 1, 'success');
INSERT INTO `pub_mq_message` VALUES (92, '45d4305654284ea1b8bf55514b6afe67', 'ID:DESKTOP-JEORO4F-50727-1700287883870-6:2:1:1:1', '{\"plan\":\"update_admin_club_user\",\"tables\":[{\"code\":\"update_admin_club_user\",\"unique\":[\"82\"]}],\"createTime\":\"2023-11-18 14:17:02\",\"src\":\"admin\",\"msgId\":\"45d4305654284ea1b8bf55514b6afe67\"}', 'admin', 'club', '2023-11-18 14:17:02', '2023-11-18 14:17:03', '2023-11-18 14:17:04', 'success', 1, 'success');
INSERT INTO `pub_mq_message` VALUES (93, '86527c4ae7d94479b802120b9d74afd6', 'ID:DESKTOP-JEORO4F-50727-1700287883870-6:3:1:1:1', '{\"plan\":\"update_admin_club_user\",\"tables\":[{\"code\":\"update_admin_club_user\",\"unique\":[\"81\"]}],\"createTime\":\"2023-11-18 14:17:04\",\"src\":\"admin\",\"msgId\":\"86527c4ae7d94479b802120b9d74afd6\"}', 'admin', 'club', '2023-11-18 14:17:04', '2023-11-18 14:17:05', '2023-11-18 14:17:06', 'success', 1, 'success');
INSERT INTO `pub_mq_message` VALUES (94, 'aec7de1a18284072b2215ee05aa68ea0', 'ID:DESKTOP-JEORO4F-50727-1700287883870-6:4:1:1:1', '{\"plan\":\"update_admin_club_user\",\"tables\":[{\"code\":\"update_admin_club_user\",\"unique\":[\"61\"]}],\"createTime\":\"2023-11-18 14:17:06\",\"src\":\"admin\",\"msgId\":\"aec7de1a18284072b2215ee05aa68ea0\"}', 'admin', 'club', '2023-11-18 14:17:06', '2023-11-18 14:17:07', '2023-11-18 14:17:08', 'success', 1, 'success');
INSERT INTO `pub_mq_message` VALUES (95, 'd9508fa186994771b9acfc9b0583e0eb', 'ID:DESKTOP-JEORO4F-50727-1700287883870-6:5:1:1:1', '{\"plan\":\"update_admin_club_user\",\"tables\":[{\"code\":\"update_admin_club_user\",\"unique\":[\"81\"]}],\"createTime\":\"2023-11-18 14:17:08\",\"src\":\"admin\",\"msgId\":\"d9508fa186994771b9acfc9b0583e0eb\"}', 'admin', 'club', '2023-11-18 14:17:08', '2023-11-18 14:17:09', '2023-11-18 14:17:10', 'success', 1, 'success');
INSERT INTO `pub_mq_message` VALUES (96, '98bbb06eff22405081eadb1e61d28f67', 'ID:DESKTOP-JEORO4F-58861-1715950805196-6:2:1:1:1', '{\"plan\":\"update_admin_club_user\",\"tables\":[{\"code\":\"update_admin_club_user\",\"unique\":[\"82\"]}],\"createTime\":\"2024-05-17 21:00:40\",\"src\":\"admin\",\"msgId\":\"98bbb06eff22405081eadb1e61d28f67\"}', 'admin', 'club', '2024-05-17 21:00:40', '2024-05-17 21:00:41', NULL, 'success', 0, 'wait');

-- ----------------------------
-- Table structure for pub_mq_msg
-- ----------------------------
DROP TABLE IF EXISTS `pub_mq_msg`;
CREATE TABLE `pub_mq_msg`  (
  `uuid` varchar(32) CHARACTER SET utf8mb4 COLLATE utf8mb4_general_ci NOT NULL,
  `mid` varchar(64) CHARACTER SET utf8mb4 COLLATE utf8mb4_general_ci NULL DEFAULT NULL,
  `tag` varchar(32) CHARACTER SET utf8mb4 COLLATE utf8mb4_general_ci NULL DEFAULT NULL,
  `msg` varchar(2048) CHARACTER SET utf8mb4 COLLATE utf8mb4_general_ci NULL DEFAULT NULL,
  `create_time` timestamp NOT NULL DEFAULT CURRENT_TIMESTAMP ON UPDATE CURRENT_TIMESTAMP,
  `send_status` varchar(16) CHARACTER SET utf8mb4 COLLATE utf8mb4_general_ci NOT NULL,
  `retry` int(11) NULL DEFAULT NULL,
  PRIMARY KEY (`uuid`) USING BTREE,
  INDEX `ix_tag`(`tag`) USING BTREE,
  INDEX `ix_status_retry_ctime`(`send_status`, `retry`, `create_time`) USING BTREE
) ENGINE = InnoDB CHARACTER SET = utf8mb4 COLLATE = utf8mb4_general_ci ROW_FORMAT = Dynamic;

-- ----------------------------
-- Records of pub_mq_msg
-- ----------------------------

-- ----------------------------
-- Table structure for pub_queue
-- ----------------------------
DROP TABLE IF EXISTS `pub_queue`;
CREATE TABLE `pub_queue`  (
  `node_id` int(11) NOT NULL AUTO_INCREMENT,
  `business_data` varchar(1024) CHARACTER SET utf8mb4 COLLATE utf8mb4_general_ci NULL DEFAULT NULL,
  `queue_name` varchar(255) CHARACTER SET utf8mb4 COLLATE utf8mb4_general_ci NOT NULL,
  `is_consumed` bit(1) NULL DEFAULT NULL,
  `create_time` datetime NULL DEFAULT NULL,
  PRIMARY KEY (`node_id`) USING BTREE,
  INDEX `ix_queue_name`(`queue_name`, `is_consumed`) USING BTREE
) ENGINE = InnoDB AUTO_INCREMENT = 1 CHARACTER SET = utf8mb4 COLLATE = utf8mb4_general_ci ROW_FORMAT = Dynamic;

-- ----------------------------
-- Records of pub_queue
-- ----------------------------

-- ----------------------------
-- Table structure for sync_activemq_acks
-- ----------------------------
DROP TABLE IF EXISTS `sync_activemq_acks`;
CREATE TABLE `sync_activemq_acks`  (
  `CONTAINER` varchar(250) CHARACTER SET utf8mb4 COLLATE utf8mb4_general_ci NOT NULL,
  `SUB_DEST` varchar(128) CHARACTER SET utf8mb4 COLLATE utf8mb4_general_ci NULL DEFAULT NULL,
  `CLIENT_ID` varchar(128) CHARACTER SET utf8mb4 COLLATE utf8mb4_general_ci NOT NULL,
  `SUB_NAME` varchar(128) CHARACTER SET utf8mb4 COLLATE utf8mb4_general_ci NOT NULL,
  `SELECTOR` varchar(128) CHARACTER SET utf8mb4 COLLATE utf8mb4_general_ci NULL DEFAULT NULL,
  `LAST_ACKED_ID` bigint(20) NULL DEFAULT NULL,
  `PRIORITY` bigint(20) NOT NULL DEFAULT 5,
  `XID` varchar(128) CHARACTER SET utf8mb4 COLLATE utf8mb4_general_ci NULL DEFAULT NULL,
  PRIMARY KEY (`CONTAINER`, `CLIENT_ID`, `SUB_NAME`, `PRIORITY`) USING BTREE,
  INDEX `sync_ACTIVEMQ_ACKS_XIDX`(`XID`) USING BTREE
) ENGINE = InnoDB CHARACTER SET = utf8mb4 COLLATE = utf8mb4_general_ci ROW_FORMAT = Dynamic;

-- ----------------------------
-- Records of sync_activemq_acks
-- ----------------------------

-- ----------------------------
-- Table structure for sync_activemq_lock
-- ----------------------------
DROP TABLE IF EXISTS `sync_activemq_lock`;
CREATE TABLE `sync_activemq_lock`  (
  `ID` bigint(20) NOT NULL,
  `TIME` bigint(20) NULL DEFAULT NULL,
  `BROKER_NAME` varchar(128) CHARACTER SET utf8mb4 COLLATE utf8mb4_general_ci NULL DEFAULT NULL,
  PRIMARY KEY (`ID`) USING BTREE
) ENGINE = InnoDB CHARACTER SET = utf8mb4 COLLATE = utf8mb4_general_ci ROW_FORMAT = Dynamic;

-- ----------------------------
-- Records of sync_activemq_lock
-- ----------------------------
INSERT INTO `sync_activemq_lock` VALUES (1, NULL, NULL);

-- ----------------------------
-- Table structure for sync_activemq_msgs
-- ----------------------------
DROP TABLE IF EXISTS `sync_activemq_msgs`;
CREATE TABLE `sync_activemq_msgs`  (
  `ID` bigint(20) NOT NULL,
  `CONTAINER` varchar(250) CHARACTER SET utf8mb4 COLLATE utf8mb4_general_ci NOT NULL,
  `MSGID_PROD` varchar(250) CHARACTER SET utf8mb4 COLLATE utf8mb4_general_ci NULL DEFAULT NULL,
  `MSGID_SEQ` bigint(20) NULL DEFAULT NULL,
  `EXPIRATION` bigint(20) NULL DEFAULT NULL,
  `MSG` blob NULL,
  `PRIORITY` bigint(20) NULL DEFAULT NULL,
  `XID` varchar(128) CHARACTER SET utf8mb4 COLLATE utf8mb4_general_ci NULL DEFAULT NULL,
  PRIMARY KEY (`ID`) USING BTREE,
  INDEX `sync_ACTIVEMQ_MSGS_MIDX`(`MSGID_PROD`, `MSGID_SEQ`) USING BTREE,
  INDEX `sync_ACTIVEMQ_MSGS_CIDX`(`CONTAINER`) USING BTREE,
  INDEX `sync_ACTIVEMQ_MSGS_EIDX`(`EXPIRATION`) USING BTREE,
  INDEX `sync_ACTIVEMQ_MSGS_PIDX`(`PRIORITY`) USING BTREE,
  INDEX `sync_ACTIVEMQ_MSGS_XIDX`(`XID`) USING BTREE,
  INDEX `sync_ACTIVEMQ_MSGS_IIDX`(`ID`, `XID`, `CONTAINER`) USING BTREE
) ENGINE = InnoDB CHARACTER SET = utf8mb4 COLLATE = utf8mb4_general_ci ROW_FORMAT = Dynamic;

-- ----------------------------
-- Records of sync_activemq_msgs
-- ----------------------------

-- ----------------------------
-- Table structure for sync_plan
-- ----------------------------
DROP TABLE IF EXISTS `sync_plan`;
CREATE TABLE `sync_plan`  (
  `uuid` varchar(32) CHARACTER SET utf8mb4 COLLATE utf8mb4_general_ci NOT NULL,
  `plan_code` varchar(64) CHARACTER SET utf8mb4 COLLATE utf8mb4_general_ci NOT NULL,
  `description` varchar(64) CHARACTER SET utf8mb4 COLLATE utf8mb4_general_ci NOT NULL,
  `src_db` varchar(16) CHARACTER SET utf8mb4 COLLATE utf8mb4_general_ci NOT NULL,
  `dest_db` varchar(16) CHARACTER SET utf8mb4 COLLATE utf8mb4_general_ci NOT NULL,
  `src_project` varchar(32) CHARACTER SET utf8mb4 COLLATE utf8mb4_general_ci NOT NULL,
  `dest_project` varchar(32) CHARACTER SET utf8mb4 COLLATE utf8mb4_general_ci NOT NULL,
  `plan_content` text CHARACTER SET utf8mb4 COLLATE utf8mb4_general_ci NOT NULL,
  `status` varchar(16) CHARACTER SET utf8mb4 COLLATE utf8mb4_general_ci NOT NULL,
  `create_time` datetime NOT NULL,
  `update_time` datetime NULL DEFAULT NULL,
  PRIMARY KEY (`uuid`) USING BTREE
) ENGINE = InnoDB CHARACTER SET = utf8mb4 COLLATE = utf8mb4_general_ci ROW_FORMAT = Dynamic;

-- ----------------------------
-- Records of sync_plan
-- ----------------------------
INSERT INTO `sync_plan` VALUES ('07b86051cacc46e78a2a6b60475fff8e', 'delete_admin_club_resc', '删除系统资源', 'admin_dev', 'club_dev', 'admin', 'club', '<sync_plan>\n    <code>delete_admin_club_resc</code>\n    <name>删除系统资源</name>\n    <database src=\"admin_dev\" dest=\"club_dev\" ></database>\n    <project src=\"admin\" dest=\"club\" ></project>\n    <table code=\"delete_admin_club_resc\" src=\"auth_resc\" dest=\"club_resc\" type=\"delete\">\n        <unique src=\"resc_id\" dest=\"resc_id\"  ></unique>\n        <relate src=\"resc_id\" dest=\"resc_id\" ></relate>\n    </table>\n</sync_plan>', 'normal', '2023-09-03 19:52:56', '2024-05-17 21:01:01');
INSERT INTO `sync_plan` VALUES ('0bde11510a5d4c8b87b8c1ff0ffed307', 'update_admin_club_user', '更新系统用户', 'admin_dev', 'club_dev', 'admin', 'club', '<sync_plan>\n      <callbacks>\n          <callback dest=\"club\" desc=\"更新用户回调\"></callback>\n    </callbacks>\n    <code>update_admin_club_user</code>\n    <name>更新系统用户</name>\n    <database src=\"admin_dev\" dest=\"club_dev\" ></database>\n    <project src=\"admin\" dest=\"club\" ></project>\n    <table code=\"update_admin_club_user\" src=\"auth_user\" dest=\"club_user\" type=\"update\">\n        <unique src=\"user_id\" dest=\"user_id\"  ></unique>\n        <relate src=\"user_id\" dest=\"user_id\" ></relate>\n        <column src=\"user_id\" dest=\"user_id\" />\n        <column src=\"username\" dest=\"username\" />\n        <column src=\"real_name\" dest=\"real_name\" />\n        <column src=\"password\" dest=\"password\" />\n        <column src=\"dept_code\" dest=\"dept_code\" />\n        <column src=\"user_status\" dest=\"user_status\" />\n        <column src=\"create_time\" dest=\"create_time\" />\n        <column src=\"update_time\" dest=\"update_time\" />\n    </table>\n    <table code=\"update_auth_demo_user_status\" src=\"auth_user\" dest=\"auth_user_sync\" type=\"update\">\n        <unique src=\"user_id\" dest=\"user_id\"  ></unique>\n        <relate src=\"user_id\" dest=\"user_id\" ></relate>\n        <column src=\"user_status\" dest=\"user_status\" />\n         <column src=\"update_time\" dest=\"update_time\" />\n    </table>\n    <table code=\"update_auth_demo_user_pwd\" src=\"auth_user\" dest=\"auth_user_sync\" type=\"update\">\n        <unique src=\"user_id\" dest=\"user_id\"  ></unique>\n        <relate src=\"user_id\" dest=\"user_id\" ></relate>\n        <column src=\"password\" dest=\"password\" />\n    </table>\n</sync_plan>', 'normal', '2023-07-22 15:59:29', '2023-11-11 21:42:13');
INSERT INTO `sync_plan` VALUES ('0cfc9f66e8d44ee3b5bac326b84a0d1a', 'delete_admin_club_role', '删除系统角色', 'admin_dev', 'club_dev', 'admin', 'club', '<sync_plan>\n    <code>delete_admin_club_role</code>\n    <name>删除系统角色</name>\n    <database src=\"admin_dev\" dest=\"club_dev\" ></database>\n    <project src=\"admin\" dest=\"club\" ></project>\n    <table code=\"delete_admin_club_role\" src=\"auth_role\" dest=\"club_role\" type=\"delete\">\n        <unique src=\"role_id\" dest=\"role_id\"  ></unique>\n        <relate src=\"role_id\" dest=\"role_id\" ></relate>\n    </table>\n</sync_plan>', 'normal', '2023-07-23 11:06:22', '2023-11-11 21:00:30');
INSERT INTO `sync_plan` VALUES ('1075e58f891d4030a4464269efb864d2', 'delete_admin_club_user', '删除系统用户', 'admin_dev', 'club_dev', 'admin', 'club', '<sync_plan>\n    <code>delete_admin_club_user</code>\n    <name>删除系统用户</name>\n    <database src=\"admin_dev\" dest=\"club_dev\" ></database>\n    <project src=\"admin\" dest=\"club\" ></project>\n    <table code=\"delete_admin_club_user\" src=\"auth_user\" dest=\"club_user\" type=\"delete\">\n        <unique src=\"user_id\" dest=\"user_id\"  ></unique>\n        <relate src=\"user_id\" dest=\"user_id\" ></relate>\n    </table>\n</sync_plan>', 'normal', '2023-07-22 16:20:10', '2023-11-11 21:01:39');
INSERT INTO `sync_plan` VALUES ('26ff4a2791664dcd9654f633f56f93e7', 'insert_admin_club_user', '新增系统用户', 'admin_dev', 'club_dev', 'admin', 'club', '<sync_plan>\n    <code>insert_admin_club_user</code>\n    <name>新增系统用户</name>\n    <database src=\"admin_dev\" dest=\"club_dev\" ></database>\n    <project src=\"admin\" dest=\"club\" ></project>\n    <table code=\"insert_admin_club_user\" src=\"auth_user\" dest=\"club_user\" type=\"insert\">\n        <unique src=\"user_id\" dest=\"user_id\"  ></unique>\n        <relate src=\"user_id\" dest=\"user_id\" ></relate>\n        <column src=\"user_id\" dest=\"user_id\" />\n        <column src=\"username\" dest=\"username\" />\n	<column src=\"real_name\" dest=\"real_name\" />\n        <column src=\"password\" dest=\"password\" />\n	<column src=\"dept_code\" dest=\"dept_code\" />\n	<column src=\"user_status\" dest=\"user_status\" />\n	<column src=\"create_time\" dest=\"create_time\" />\n        <column src=\"update_time\" dest=\"update_time\" />\n    </table>\n</sync_plan>', 'normal', '2023-07-22 15:50:24', '2023-11-11 21:02:51');
INSERT INTO `sync_plan` VALUES ('2aae46089860446685191dac3c33d488', 'update_admin_club_resc', '更新系统资源', 'admin_dev', 'club_dev', 'admin', 'club', '<sync_plan>\n    <code>update_admin_club_resc</code>\n    <name>更新系统资源</name>\n    <database src=\"admin_dev\" dest=\"club_dev\" ></database>\n    <project src=\"admin\" dest=\"club\" ></project>\n    <table code=\"update_admin_club_resc\" src=\"auth_resc\" dest=\"club_resc\" type=\"update\">\n        <unique src=\"resc_id\" dest=\"resc_id\"  ></unique>\n        <relate src=\"resc_id\" dest=\"resc_id\" ></relate>\n        <column src=\"resc_id\" dest=\"resc_id\" />\n        <column src=\"resc_name\" dest=\"resc_name\" />\n        <column src=\"resc_url\" dest=\"resc_url\" />\n	<column src=\"resc_domain\" dest=\"resc_domain\" />\n        <column src=\"method_type\" dest=\"method_type\" />\n	<column src=\"create_time\" dest=\"create_time\" />\n        <column src=\"update_time\" dest=\"update_time\" />\n    </table>\n</sync_plan>', 'normal', '2023-09-03 19:52:09', '2023-11-11 20:56:23');
INSERT INTO `sync_plan` VALUES ('59dccfa463c140ccb0f9a78c9015e2d7', 'insert_admin_club_role', '新增系统角色', 'admin_dev', 'club_dev', 'admin', 'club', '<sync_plan>\n    <code>insert_admin_club_role</code>\n    <name>新增系统角色</name>\n    <database src=\"admin_dev\" dest=\"club_dev\" ></database>\n    <project src=\"admin\" dest=\"club\" ></project>\n    <table code=\"insert_admin_club_role\" src=\"auth_role\" dest=\"club_role\" type=\"insert\">\n        <unique src=\"role_id\" dest=\"role_id\"  ></unique>\n        <relate src=\"role_id\" dest=\"role_id\" ></relate>\n        <column src=\"role_id\" dest=\"role_id\" />\n        <column src=\"role_name\" dest=\"role_name\" />\n        <column src=\"role_desc\" dest=\"role_desc\" />\n	<column src=\"create_time\" dest=\"create_time\" />\n        <column src=\"update_time\" dest=\"update_time\" />\n    </table>\n</sync_plan>', 'normal', '2023-07-23 11:04:58', '2023-11-11 21:01:09');
INSERT INTO `sync_plan` VALUES ('973b88e89f794c9194136dc6bc327190', 'insert_admin_club_resc', '新增系统资源', 'admin_dev', 'club_dev', 'admin', 'club', '<sync_plan>\n    <code>insert_admin_club_resc</code>\n    <name>新增系统资源</name>\n    <database src=\"admin_dev\" dest=\"club_dev\" ></database>\n    <project src=\"admin\" dest=\"club\" ></project>\n    <table code=\"insert_admin_club_resc\" src=\"auth_resc\" dest=\"club_resc\" type=\"insert\">\n        <unique src=\"resc_id\" dest=\"resc_id\"  ></unique>\n        <relate src=\"resc_id\" dest=\"resc_id\" ></relate>\n        <column src=\"resc_id\" dest=\"resc_id\" />\n        <column src=\"resc_name\" dest=\"resc_name\" />\n        <column src=\"resc_url\" dest=\"resc_url\" />\n	<column src=\"resc_domain\" dest=\"resc_domain\" />\n        <column src=\"method_type\" dest=\"method_type\" />\n	<column src=\"create_time\" dest=\"create_time\" />\n        <column src=\"update_time\" dest=\"update_time\" />\n    </table>\n</sync_plan>', 'normal', '2023-09-03 19:38:40', '2023-11-11 21:00:16');
INSERT INTO `sync_plan` VALUES ('e58818eb1fb5454b8a943bc6b6d9dc06', 'update_admin_club_role', '修改系统角色', 'admin_dev', 'club_dev', 'admin', 'club', '<sync_plan>\n    <code>update_admin_club_role</code>\n    <name>修改系统角色</name>\n    <database src=\"admin_dev\" dest=\"club_dev\" ></database>\n    <project src=\"admin\" dest=\"club\" ></project>\n    <table code=\"update_admin_club_role\" src=\"auth_role\" dest=\"club_role\" type=\"update\">\n        <unique src=\"role_id\" dest=\"role_id\"  ></unique>\n        <relate src=\"role_id\" dest=\"role_id\" ></relate>\n        <column src=\"role_name\" dest=\"role_name\" />\n        <column src=\"role_desc\" dest=\"role_desc\" />\n	<column src=\"create_time\" dest=\"create_time\" />\n        <column src=\"update_time\" dest=\"update_time\" />\n    </table>\n</sync_plan>\n', 'normal', '2023-07-23 11:05:38', '2023-11-11 21:00:08');

-- ----------------------------
-- Table structure for sync_result
-- ----------------------------
DROP TABLE IF EXISTS `sync_result`;
CREATE TABLE `sync_result`  (
  `uuid` varchar(32) CHARACTER SET utf8mb4 COLLATE utf8mb4_general_ci NOT NULL,
  `plan_uuid` varchar(32) CHARACTER SET utf8mb4 COLLATE utf8mb4_general_ci NULL DEFAULT NULL,
  `plan_code` varchar(64) CHARACTER SET utf8mb4 COLLATE utf8mb4_general_ci NULL DEFAULT NULL,
  `plan_name` varchar(32) CHARACTER SET utf8mb4 COLLATE utf8mb4_general_ci NULL DEFAULT NULL,
  `msg_src` varchar(16) CHARACTER SET utf8mb4 COLLATE utf8mb4_general_ci NULL DEFAULT NULL,
  `mq_id` varchar(64) CHARACTER SET utf8mb4 COLLATE utf8mb4_general_ci NULL DEFAULT NULL,
  `msg_id` varchar(64) CHARACTER SET utf8mb4 COLLATE utf8mb4_general_ci NULL DEFAULT NULL,
  `msg_content` text CHARACTER SET utf8mb4 COLLATE utf8mb4_general_ci NULL,
  `src_project` varchar(255) CHARACTER SET utf8mb4 COLLATE utf8mb4_general_ci NULL DEFAULT NULL,
  `dest_project` varchar(255) CHARACTER SET utf8mb4 COLLATE utf8mb4_general_ci NULL DEFAULT NULL,
  `sync_content` text CHARACTER SET utf8mb4 COLLATE utf8mb4_general_ci NULL,
  `msg_create_time` datetime NULL DEFAULT NULL,
  `sync_time` datetime NULL DEFAULT NULL,
  `status` varchar(16) CHARACTER SET utf8mb4 COLLATE utf8mb4_general_ci NULL DEFAULT NULL,
  `error_msg` varchar(4096) CHARACTER SET utf8mb4 COLLATE utf8mb4_general_ci NULL DEFAULT NULL,
  `repeat_count` int(11) NULL DEFAULT NULL,
  `remark` varchar(16) CHARACTER SET utf8mb4 COLLATE utf8mb4_general_ci NULL DEFAULT NULL,
  `sync_to_es` bit(1) NULL DEFAULT NULL,
  PRIMARY KEY (`uuid`) USING BTREE,
  INDEX `ix_msg_id`(`msg_id`) USING BTREE
) ENGINE = InnoDB CHARACTER SET = utf8mb4 COLLATE = utf8mb4_general_ci ROW_FORMAT = Dynamic;

-- ----------------------------
-- Records of sync_result
-- ----------------------------
INSERT INTO `sync_result` VALUES ('001598e5f8344a41afa26914e32a4198', '0bde11510a5d4c8b87b8c1ff0ffed307', 'update_admin_club_user', '更新系统用户', 'active_mq', 'ID:DESKTOP-JEORO4F-55889-1699708425969-6:6:1:1:1', '63abe6bfc20345e9ad038bfba6d64a98', '{\"plan\":\"update_admin_club_user\",\"tables\":[{\"code\":\"update_admin_club_user\",\"unique\":[\"81\"]}],\"createTime\":\"2023-11-11 21:16:08\",\"src\":\"admin\",\"msgId\":\"63abe6bfc20345e9ad038bfba6d64a98\"}', 'admin', 'club', NULL, '2023-11-11 21:16:08', '2023-11-11 21:16:14', 'fail', '未知异常,tableCode:pub_callback,msg:{\"plan\":\"update_admin_club_user\",\"tables\":[{\"code\":\"update_admin_club_user\",\"unique\":[\"81\"]}],\"createTime\":\"2023-11-11 21:16:08\",\"src\":\"admin\",\"msgId\":\"63abe6bfc20345e9ad038bfba6d64a98\"},目标库:club:club_dev,error:org.springframework.jdbc.BadSqlGrammarException: PreparedStatementCallback; bad SQL grammar [insert into pub_callback(uuid,msg_id,sync_uuid,src_project,dest_project,db_name,msg_content,create_time,repeat_count,status,remark) values (?,?,?,?,?,?,?,?,?,?,?);]; nested exception is java.sql.BatchUpdateException: Unknown column \'msg_id\' in \'field list\'', 2, NULL, b'1');
INSERT INTO `sync_result` VALUES ('010de4c43a734701bb7843cfa872fdd1', '0bde11510a5d4c8b87b8c1ff0ffed307', 'update_admin_club_user', '更新系统用户', 'active_mq', 'ID:DESKTOP-JEORO4F-56686-1699709372467-6:4:1:1:1', '78408c8e979142cdb79054574f86aa9c', '{\"plan\":\"update_admin_club_user\",\"tables\":[{\"code\":\"update_admin_club_user\",\"unique\":[\"82\"]}],\"createTime\":\"2023-11-11 21:30:21\",\"src\":\"admin\",\"msgId\":\"78408c8e979142cdb79054574f86aa9c\"}', 'admin', 'club', '{\"update club_user set user_id = ?, username = ?, real_name = ?, password = ?, dept_code = ?, user_status = ?, create_time = ?, update_time = ?, sync_time = ? where user_id = ?;\":[[82,\"student\",\"学生\",\"8d969eef6ecad3c29a3a629280e686cf0c3f5d5a86aff3ca12020c923adc6c92\",\"csb\",1,\"2023-09-15 22:21:33\",\"2023-11-11 21:30:22\",\"2023-11-11 21:30:22\",82]],\"insert into pub_callback(uuid,msg_id,sync_uuid,src_project,dest_project,db_name,msg_content,create_time,repeat_count,status,remark) values (?,?,?,?,?,?,?,?,?,?,?);\":[[\"7c470f7ebb0a4af7a8c28f0453cc16d2\",\"78408c8e979142cdb79054574f86aa9c\",\"010de4c43a734701bb7843cfa872fdd1\",\"admin\",\"club\",\"club_dev\",\"{\\\"plan\\\":\\\"update_admin_club_user\\\",\\\"tables\\\":[{\\\"code\\\":\\\"update_admin_club_user\\\",\\\"unique\\\":[\\\"82\\\"]}],\\\"createTime\\\":\\\"2023-11-11 21:30:21\\\",\\\"src\\\":\\\"admin\\\",\\\"msgId\\\":\\\"78408c8e979142cdb79054574f86aa9c\\\"}\",\"2023-11-11 21:30:22\",0,\"wait\",\"更新用户回调\"]],\"影响行数\":[0,1]}', '2023-11-11 21:30:21', '2023-11-11 21:30:22', 'success', '', 1, NULL, b'1');
INSERT INTO `sync_result` VALUES ('01b7e8913e614b8a942bab41a8f171db', '0bde11510a5d4c8b87b8c1ff0ffed307', 'update_admin_club_user', '更新系统用户', 'active_mq', 'ID:DESKTOP-JEORO4F-55424-1699708040110-6:2:1:1:1', '1fa29c291dce483da167720649eccd89', '{\"plan\":\"update_admin_club_user\",\"tables\":[{\"code\":\"update_admin_club_user\",\"unique\":[\"1\"]}],\"createTime\":\"2023-11-11 21:07:33\",\"src\":\"admin\",\"msgId\":\"1fa29c291dce483da167720649eccd89\"}', 'admin', 'club', NULL, '2023-11-11 21:07:33', '2023-11-11 21:08:00', 'fail', 'update_admin_club_user中源表数据不存在', 6, NULL, b'1');
INSERT INTO `sync_result` VALUES ('031f4892a7414442917c234f1572c774', '0bde11510a5d4c8b87b8c1ff0ffed307', 'update_admin_club_user', '更新系统用户', 'active_mq', 'ID:DESKTOP-JEORO4F-57611-1699710448054-6:9:1:1:1', '245da69ea3964e949b4b57426b54beef', '{\"plan\":\"update_admin_club_user\",\"tables\":[{\"code\":\"update_admin_club_user\",\"unique\":[\"82\"]}],\"createTime\":\"2023-11-11 21:50:18\",\"src\":\"admin\",\"msgId\":\"245da69ea3964e949b4b57426b54beef\"}', 'admin', 'club', '{\"update club_user set user_id = ?, username = ?, real_name = ?, password = ?, dept_code = ?, user_status = ?, create_time = ?, update_time = ?, sync_time = ? where user_id = ?;\":[[82,\"student\",\"学生\",\"8d969eef6ecad3c29a3a629280e686cf0c3f5d5a86aff3ca12020c923adc6c92\",\"csb\",1,\"2023-09-15 22:21:33\",\"2023-11-11 21:50:18\",\"2023-11-11 21:50:19\",82]],\"insert into pub_callback(uuid,msg_id,sync_uuid,src_project,dest_project,db_name,msg_content,create_time,repeat_count,status,remark) values (?,?,?,?,?,?,?,?,?,?,?);\":[[\"a42a9e10a03749068f718df08f3274e3\",\"245da69ea3964e949b4b57426b54beef\",\"031f4892a7414442917c234f1572c774\",\"admin\",\"club\",\"club_dev\",\"{\\\"plan\\\":\\\"update_admin_club_user\\\",\\\"tables\\\":[{\\\"code\\\":\\\"update_admin_club_user\\\",\\\"unique\\\":[\\\"82\\\"]}],\\\"createTime\\\":\\\"2023-11-11 21:50:18\\\",\\\"src\\\":\\\"admin\\\",\\\"msgId\\\":\\\"245da69ea3964e949b4b57426b54beef\\\"}\",\"2023-11-11 21:50:19\",0,\"wait\",\"更新用户回调\"]],\"影响行数\":[0,1]}', '2023-11-11 21:50:18', '2023-11-11 21:50:19', 'success', '', 1, NULL, b'1');
INSERT INTO `sync_result` VALUES ('04e0ba3bca2c49a99df8cf01f7304599', NULL, NULL, NULL, 'active_mq', 'ID:DESKTOP-JEORO4F-51586-1700289289753-1:1:1:1:1', 'cda0faf78156460fbf76b9c0e26c0cc8', '{\"plan\":\"update_club_admin_user\",\"tables\":[{\"code\":\"update_club_admin_user\",\"unique\":[\"1\"]}],\"createTime\":\"2023-11-18 14:34:48\",\"src\":\"club\",\"msgId\":\"cda0faf78156460fbf76b9c0e26c0cc8\"}', NULL, NULL, NULL, '2023-11-18 14:34:48', '2023-11-18 14:35:20', 'fail', '同步计划不存在,{\"plan\":\"update_club_admin_user\",\"tables\":[{\"code\":\"update_club_admin_user\",\"unique\":[\"1\"]}],\"createTime\":\"2023-11-18 14:34:48\",\"src\":\"club\",\"msgId\":\"cda0faf78156460fbf76b9c0e26c0cc8\"}', 7, NULL, b'1');
INSERT INTO `sync_result` VALUES ('04fc1058673f452d9dc75aeccc7935d9', '0bde11510a5d4c8b87b8c1ff0ffed307', 'update_admin_club_user', '更新系统用户', 'active_mq', 'ID:DESKTOP-JEORO4F-56686-1699709372467-6:9:1:1:1', '3750a09cd9eb45d69918c3e12ab52ae5', '{\"plan\":\"update_admin_club_user\",\"tables\":[{\"code\":\"update_admin_club_user\",\"unique\":[\"61\"]}],\"createTime\":\"2023-11-11 21:30:29\",\"src\":\"admin\",\"msgId\":\"3750a09cd9eb45d69918c3e12ab52ae5\"}', 'admin', 'club', '{\"update club_user set user_id = ?, username = ?, real_name = ?, password = ?, dept_code = ?, user_status = ?, create_time = ?, update_time = ?, sync_time = ? where user_id = ?;\":[[61,\"admin\",\"管理员\",\"8d969eef6ecad3c29a3a629280e686cf0c3f5d5a86aff3ca12020c923adc6c92\",\"yfb\",1,\"2022-05-01 23:27:25\",\"2023-11-11 21:30:29\",\"2023-11-11 21:30:29\",61]],\"insert into pub_callback(uuid,msg_id,sync_uuid,src_project,dest_project,db_name,msg_content,create_time,repeat_count,status,remark) values (?,?,?,?,?,?,?,?,?,?,?);\":[[\"46e10f90e3e34b2fbbb22ded3095e19c\",\"3750a09cd9eb45d69918c3e12ab52ae5\",\"04fc1058673f452d9dc75aeccc7935d9\",\"admin\",\"club\",\"club_dev\",\"{\\\"plan\\\":\\\"update_admin_club_user\\\",\\\"tables\\\":[{\\\"code\\\":\\\"update_admin_club_user\\\",\\\"unique\\\":[\\\"61\\\"]}],\\\"createTime\\\":\\\"2023-11-11 21:30:29\\\",\\\"src\\\":\\\"admin\\\",\\\"msgId\\\":\\\"3750a09cd9eb45d69918c3e12ab52ae5\\\"}\",\"2023-11-11 21:30:29\",0,\"wait\",\"更新用户回调\"]],\"影响行数\":[1,1]}', '2023-11-11 21:30:29', '2023-11-11 21:30:30', 'success', '', 1, NULL, b'1');
INSERT INTO `sync_result` VALUES ('058d57545b824dda8149a5e7bfe484ba', '0bde11510a5d4c8b87b8c1ff0ffed307', 'update_admin_club_user', '更新系统用户', 'active_mq', 'ID:DESKTOP-JEORO4F-55424-1699708040110-6:2:1:1:1', '1fa29c291dce483da167720649eccd89', '{\"plan\":\"update_admin_club_user\",\"tables\":[{\"code\":\"update_admin_club_user\",\"unique\":[\"1\"]}],\"createTime\":\"2023-11-11 21:07:33\",\"src\":\"admin\",\"msgId\":\"1fa29c291dce483da167720649eccd89\"}', 'admin', 'club', NULL, '2023-11-11 21:07:33', '2023-11-11 21:07:49', 'fail', 'update_admin_club_user中源表数据不存在', 4, NULL, b'1');
INSERT INTO `sync_result` VALUES ('0789acee32744bde8f3a36f15875350b', '0bde11510a5d4c8b87b8c1ff0ffed307', 'update_admin_club_user', '更新系统用户', 'active_mq', 'ID:DESKTOP-JEORO4F-56686-1699709372467-6:4:1:1:2', 'bf8865fb8e5445238bb4d3232a444885', '{\"plan\":\"update_admin_club_user\",\"tables\":[{\"code\":\"update_admin_club_user\",\"unique\":[\"81\"]}],\"createTime\":\"2023-11-11 21:30:34\",\"src\":\"admin\",\"msgId\":\"bf8865fb8e5445238bb4d3232a444885\"}', 'admin', 'club', '{\"update club_user set user_id = ?, username = ?, real_name = ?, password = ?, dept_code = ?, user_status = ?, create_time = ?, update_time = ?, sync_time = ? where user_id = ?;\":[[81,\"teacher\",\"章老师\",\"8d969eef6ecad3c29a3a629280e686cf0c3f5d5a86aff3ca12020c923adc6c92\",\"jyb\",1,\"2023-09-15 22:19:29\",\"2023-11-11 21:30:35\",\"2023-11-11 21:30:35\",81]],\"insert into pub_callback(uuid,msg_id,sync_uuid,src_project,dest_project,db_name,msg_content,create_time,repeat_count,status,remark) values (?,?,?,?,?,?,?,?,?,?,?);\":[[\"2d78e19416b040f184e40590ef9d9b52\",\"bf8865fb8e5445238bb4d3232a444885\",\"0789acee32744bde8f3a36f15875350b\",\"admin\",\"club\",\"club_dev\",\"{\\\"plan\\\":\\\"update_admin_club_user\\\",\\\"tables\\\":[{\\\"code\\\":\\\"update_admin_club_user\\\",\\\"unique\\\":[\\\"81\\\"]}],\\\"createTime\\\":\\\"2023-11-11 21:30:34\\\",\\\"src\\\":\\\"admin\\\",\\\"msgId\\\":\\\"bf8865fb8e5445238bb4d3232a444885\\\"}\",\"2023-11-11 21:30:35\",0,\"wait\",\"更新用户回调\"]],\"影响行数\":[0,1]}', '2023-11-11 21:30:34', '2023-11-11 21:30:36', 'success', '', 1, NULL, b'1');
INSERT INTO `sync_result` VALUES ('0b1d0d8a4a7545bea5462adedc055c96', '0bde11510a5d4c8b87b8c1ff0ffed307', 'update_admin_club_user', '更新系统用户', 'active_mq', 'ID:DESKTOP-JEORO4F-56686-1699709372467-6:3:1:1:2', 'ccda218ff73047c4a655c4d14ffb3c5a', '{\"plan\":\"update_admin_club_user\",\"tables\":[{\"code\":\"update_admin_club_user\",\"unique\":[\"82\"]}],\"createTime\":\"2023-11-11 21:30:33\",\"src\":\"admin\",\"msgId\":\"ccda218ff73047c4a655c4d14ffb3c5a\"}', 'admin', 'club', '{\"update club_user set user_id = ?, username = ?, real_name = ?, password = ?, dept_code = ?, user_status = ?, create_time = ?, update_time = ?, sync_time = ? where user_id = ?;\":[[82,\"student\",\"学生\",\"8d969eef6ecad3c29a3a629280e686cf0c3f5d5a86aff3ca12020c923adc6c92\",\"csb\",1,\"2023-09-15 22:21:33\",\"2023-11-11 21:30:33\",\"2023-11-11 21:30:33\",82]],\"insert into pub_callback(uuid,msg_id,sync_uuid,src_project,dest_project,db_name,msg_content,create_time,repeat_count,status,remark) values (?,?,?,?,?,?,?,?,?,?,?);\":[[\"92a15ca2f58e4d648ffa8b0202a77f48\",\"ccda218ff73047c4a655c4d14ffb3c5a\",\"0b1d0d8a4a7545bea5462adedc055c96\",\"admin\",\"club\",\"club_dev\",\"{\\\"plan\\\":\\\"update_admin_club_user\\\",\\\"tables\\\":[{\\\"code\\\":\\\"update_admin_club_user\\\",\\\"unique\\\":[\\\"82\\\"]}],\\\"createTime\\\":\\\"2023-11-11 21:30:33\\\",\\\"src\\\":\\\"admin\\\",\\\"msgId\\\":\\\"ccda218ff73047c4a655c4d14ffb3c5a\\\"}\",\"2023-11-11 21:30:33\",0,\"wait\",\"更新用户回调\"]],\"影响行数\":[0,1]}', '2023-11-11 21:30:33', '2023-11-11 21:30:34', 'success', '', 1, NULL, b'1');
INSERT INTO `sync_result` VALUES ('0c38045e7c494a278e2712f6b82b67cb', '0bde11510a5d4c8b87b8c1ff0ffed307', 'update_admin_club_user', '更新系统用户', 'active_mq', 'ID:DESKTOP-JEORO4F-55889-1699708425969-6:6:1:1:1', '63abe6bfc20345e9ad038bfba6d64a98', '{\"plan\":\"update_admin_club_user\",\"tables\":[{\"code\":\"update_admin_club_user\",\"unique\":[\"81\"]}],\"createTime\":\"2023-11-11 21:16:08\",\"src\":\"admin\",\"msgId\":\"63abe6bfc20345e9ad038bfba6d64a98\"}', 'admin', 'club', NULL, '2023-11-11 21:16:08', '2023-11-11 21:16:35', 'fail', '未知异常,tableCode:pub_callback,msg:{\"plan\":\"update_admin_club_user\",\"tables\":[{\"code\":\"update_admin_club_user\",\"unique\":[\"81\"]}],\"createTime\":\"2023-11-11 21:16:08\",\"src\":\"admin\",\"msgId\":\"63abe6bfc20345e9ad038bfba6d64a98\"},目标库:club:club_dev,error:org.springframework.jdbc.BadSqlGrammarException: PreparedStatementCallback; bad SQL grammar [insert into pub_callback(uuid,msg_id,sync_uuid,src_project,dest_project,db_name,msg_content,create_time,repeat_count,status,remark) values (?,?,?,?,?,?,?,?,?,?,?);]; nested exception is java.sql.BatchUpdateException: Unknown column \'msg_id\' in \'field list\'', 6, NULL, b'1');
INSERT INTO `sync_result` VALUES ('0d0163d53a1c447ba27c67a5e19ec1bd', '0bde11510a5d4c8b87b8c1ff0ffed307', 'update_admin_club_user', '更新系统用户', 'active_mq', 'ID:DESKTOP-JEORO4F-58423-1699788552975-6:9:1:1:1', 'a8927ad8554043ebaacd4bdcdc431f58', '{\"plan\":\"update_admin_club_user\",\"tables\":[{\"code\":\"update_admin_club_user\",\"unique\":[\"81\"]}],\"createTime\":\"2023-11-12 19:32:37\",\"src\":\"admin\",\"msgId\":\"a8927ad8554043ebaacd4bdcdc431f58\"}', 'admin', 'club', '{\"update club_user set user_id = ?, username = ?, real_name = ?, password = ?, dept_code = ?, user_status = ?, create_time = ?, update_time = ?, sync_time = ? where user_id = ?;\":[[81,\"teacher\",\"章老师\",\"8d969eef6ecad3c29a3a629280e686cf0c3f5d5a86aff3ca12020c923adc6c92\",\"jyb\",1,\"2023-09-15 22:19:29\",\"2023-11-12 19:32:38\",\"2023-11-12 19:32:38\",81]],\"insert into pub_callback(uuid,msg_id,sync_uuid,src_project,dest_project,db_name,msg_content,create_time,repeat_count,status,remark) values (?,?,?,?,?,?,?,?,?,?,?);\":[[\"b437cbb4312a446ab2490fe8aa28e8cd\",\"a8927ad8554043ebaacd4bdcdc431f58\",\"0d0163d53a1c447ba27c67a5e19ec1bd\",\"admin\",\"club\",\"club_dev\",\"{\\\"plan\\\":\\\"update_admin_club_user\\\",\\\"tables\\\":[{\\\"code\\\":\\\"update_admin_club_user\\\",\\\"unique\\\":[\\\"81\\\"]}],\\\"createTime\\\":\\\"2023-11-12 19:32:37\\\",\\\"src\\\":\\\"admin\\\",\\\"msgId\\\":\\\"a8927ad8554043ebaacd4bdcdc431f58\\\"}\",\"2023-11-12 19:32:38\",0,\"wait\",\"更新用户回调\"]],\"影响行数\":[1,1]}', '2023-11-12 19:32:37', '2023-11-12 19:32:38', 'success', '', 1, NULL, b'1');
INSERT INTO `sync_result` VALUES ('0e6194b93b914fbeb69ee309f63b56bb', NULL, NULL, NULL, 'active_mq', 'ID:DESKTOP-JEORO4F-57318-1699710101300-6:3:1:1:1', 'a1fa35b3a4f84e469b739db9825170bc', '{\"plan\":\"update_admin_club_user\",\"tables\":[{\"code\":\"update_admin_club_user\",\"unique\":[\"81\"]}],\"createTime\":\"2023-11-11 21:42:00\",\"src\":\"admin\",\"msgId\":\"a1fa35b3a4f84e469b739db9825170bc\"}', NULL, NULL, NULL, '2023-11-11 21:42:00', '2023-11-11 21:42:11', 'success', '同步计划不存在,{\"plan\":\"update_admin_club_user\",\"tables\":[{\"code\":\"update_admin_club_user\",\"unique\":[\"81\"]}],\"createTime\":\"2023-11-11 21:42:00\",\"src\":\"admin\",\"msgId\":\"a1fa35b3a4f84e469b739db9825170bc\"}', 3, '系统标记成功', b'1');
INSERT INTO `sync_result` VALUES ('136ed44ef6c94caca2229091a5d8a944', '0bde11510a5d4c8b87b8c1ff0ffed307', 'update_admin_club_user', '更新系统用户', 'active_mq', 'ID:DESKTOP-JEORO4F-57223-1699710000158-6:2:1:1:1', '345f7568977b46c890ada6373b7cdec8', '{\"plan\":\"update_admin_club_user\",\"tables\":[{\"code\":\"update_admin_club_user\",\"unique\":[\"82\"]}],\"createTime\":\"2023-11-11 21:40:08\",\"src\":\"admin\",\"msgId\":\"345f7568977b46c890ada6373b7cdec8\"}', 'admin', 'club', '{\"update club_user set user_id = ?, username = ?, real_name = ?, password = ?, dept_code = ?, user_status = ?, create_time = ?, update_time = ?, sync_time = ? where user_id = ?;\":[[82,\"student\",\"学生\",\"8d969eef6ecad3c29a3a629280e686cf0c3f5d5a86aff3ca12020c923adc6c92\",\"csb\",1,\"2023-09-15 22:21:33\",\"2023-11-11 21:40:08\",\"2023-11-11 21:41:20\",82]],\"insert into pub_callback(uuid,msg_id,sync_uuid,src_project,dest_project,db_name,msg_content,create_time,repeat_count,status,remark) values (?,?,?,?,?,?,?,?,?,?,?);\":[[\"cf0eba38c2d5427bb076d1bc1508b1b5\",\"345f7568977b46c890ada6373b7cdec8\",\"136ed44ef6c94caca2229091a5d8a944\",\"admin\",\"club\",\"club_dev\",\"{\\\"plan\\\":\\\"update_admin_club_user\\\",\\\"tables\\\":[{\\\"code\\\":\\\"update_admin_club_user\\\",\\\"unique\\\":[\\\"82\\\"]}],\\\"createTime\\\":\\\"2023-11-11 21:40:08\\\",\\\"src\\\":\\\"admin\\\",\\\"msgId\\\":\\\"345f7568977b46c890ada6373b7cdec8\\\"}\",\"2023-11-11 21:41:20\",0,\"wait\",\"更新用户回调\"]],\"影响行数\":[0,1]}', '2023-11-11 21:40:08', '2023-11-11 21:41:20', 'success', '', 1, NULL, b'0');
INSERT INTO `sync_result` VALUES ('14a65a48eeba400a8902b2ea6eaba9b2', '0bde11510a5d4c8b87b8c1ff0ffed307', 'update_admin_club_user', '更新系统用户', 'active_mq', 'ID:DESKTOP-JEORO4F-57611-1699710448054-6:3:1:1:1', 'efc4f9a5d08b48d89009c1da66ec5e22', '{\"plan\":\"update_admin_club_user\",\"tables\":[{\"code\":\"update_admin_club_user\",\"unique\":[\"81\"]}],\"createTime\":\"2023-11-11 21:50:07\",\"src\":\"admin\",\"msgId\":\"efc4f9a5d08b48d89009c1da66ec5e22\"}', 'admin', 'club', '{\"update club_user set user_id = ?, username = ?, real_name = ?, password = ?, dept_code = ?, user_status = ?, create_time = ?, update_time = ?, sync_time = ? where user_id = ?;\":[[81,\"teacher\",\"章老师\",\"8d969eef6ecad3c29a3a629280e686cf0c3f5d5a86aff3ca12020c923adc6c92\",\"jyb\",1,\"2023-09-15 22:19:29\",\"2023-11-11 21:50:07\",\"2023-11-11 21:50:07\",81]],\"insert into pub_callback(uuid,msg_id,sync_uuid,src_project,dest_project,db_name,msg_content,create_time,repeat_count,status,remark) values (?,?,?,?,?,?,?,?,?,?,?);\":[[\"d2621cd45b744b65bcb2d42dbe218a4f\",\"efc4f9a5d08b48d89009c1da66ec5e22\",\"14a65a48eeba400a8902b2ea6eaba9b2\",\"admin\",\"club\",\"club_dev\",\"{\\\"plan\\\":\\\"update_admin_club_user\\\",\\\"tables\\\":[{\\\"code\\\":\\\"update_admin_club_user\\\",\\\"unique\\\":[\\\"81\\\"]}],\\\"createTime\\\":\\\"2023-11-11 21:50:07\\\",\\\"src\\\":\\\"admin\\\",\\\"msgId\\\":\\\"efc4f9a5d08b48d89009c1da66ec5e22\\\"}\",\"2023-11-11 21:50:07\",0,\"wait\",\"更新用户回调\"]],\"影响行数\":[0,1]}', '2023-11-11 21:50:07', '2023-11-11 21:50:07', 'success', '', 1, NULL, b'1');
INSERT INTO `sync_result` VALUES ('16e4c3179b734a9abecd1238b3823b8e', '0bde11510a5d4c8b87b8c1ff0ffed307', 'update_admin_club_user', '更新系统用户', 'active_mq', 'ID:DESKTOP-JEORO4F-58423-1699788552975-6:7:1:1:1', '08c64c39952b4923b887a8b022dca50e', '{\"plan\":\"update_admin_club_user\",\"tables\":[{\"code\":\"update_admin_club_user\",\"unique\":[\"81\"]}],\"createTime\":\"2023-11-12 19:32:34\",\"src\":\"admin\",\"msgId\":\"08c64c39952b4923b887a8b022dca50e\"}', 'admin', 'club', '{\"update club_user set user_id = ?, username = ?, real_name = ?, password = ?, dept_code = ?, user_status = ?, create_time = ?, update_time = ?, sync_time = ? where user_id = ?;\":[[81,\"teacher\",\"章老师\",\"8d969eef6ecad3c29a3a629280e686cf0c3f5d5a86aff3ca12020c923adc6c92\",\"jyb\",1,\"2023-09-15 22:19:29\",\"2023-11-12 19:32:34\",\"2023-11-12 19:32:34\",81]],\"insert into pub_callback(uuid,msg_id,sync_uuid,src_project,dest_project,db_name,msg_content,create_time,repeat_count,status,remark) values (?,?,?,?,?,?,?,?,?,?,?);\":[[\"1592f356540b46d7bf8d8c67b0000bda\",\"08c64c39952b4923b887a8b022dca50e\",\"16e4c3179b734a9abecd1238b3823b8e\",\"admin\",\"club\",\"club_dev\",\"{\\\"plan\\\":\\\"update_admin_club_user\\\",\\\"tables\\\":[{\\\"code\\\":\\\"update_admin_club_user\\\",\\\"unique\\\":[\\\"81\\\"]}],\\\"createTime\\\":\\\"2023-11-12 19:32:34\\\",\\\"src\\\":\\\"admin\\\",\\\"msgId\\\":\\\"08c64c39952b4923b887a8b022dca50e\\\"}\",\"2023-11-12 19:32:34\",0,\"wait\",\"更新用户回调\"]],\"影响行数\":[1,1]}', '2023-11-12 19:32:34', '2023-11-12 19:32:34', 'success', '', 1, NULL, b'1');
INSERT INTO `sync_result` VALUES ('1892ff3206c8454e82f3ba2b4bb7dcc5', '0bde11510a5d4c8b87b8c1ff0ffed307', 'update_admin_club_user', '更新系统用户', 'active_mq', 'ID:DESKTOP-JEORO4F-57318-1699710101300-6:6:1:1:2', '6c8e5ef5d38943ca9d87ac9017e1c369', '{\"plan\":\"update_admin_club_user\",\"tables\":[{\"code\":\"update_admin_club_user\",\"unique\":[\"61\"]}],\"createTime\":\"2023-11-11 21:42:47\",\"src\":\"admin\",\"msgId\":\"6c8e5ef5d38943ca9d87ac9017e1c369\"}', 'admin', 'club', '{\"update club_user set user_id = ?, username = ?, real_name = ?, password = ?, dept_code = ?, user_status = ?, create_time = ?, update_time = ?, sync_time = ? where user_id = ?;\":[[61,\"admin\",\"管理员\",\"8d969eef6ecad3c29a3a629280e686cf0c3f5d5a86aff3ca12020c923adc6c92\",\"yfb\",1,\"2022-05-01 23:27:25\",\"2023-11-11 21:42:47\",\"2023-11-11 21:42:47\",61]],\"insert into pub_callback(uuid,msg_id,sync_uuid,src_project,dest_project,db_name,msg_content,create_time,repeat_count,status,remark) values (?,?,?,?,?,?,?,?,?,?,?);\":[[\"1a40e9774afb4dc2834f950265967210\",\"6c8e5ef5d38943ca9d87ac9017e1c369\",\"1892ff3206c8454e82f3ba2b4bb7dcc5\",\"admin\",\"club\",\"club_dev\",\"{\\\"plan\\\":\\\"update_admin_club_user\\\",\\\"tables\\\":[{\\\"code\\\":\\\"update_admin_club_user\\\",\\\"unique\\\":[\\\"61\\\"]}],\\\"createTime\\\":\\\"2023-11-11 21:42:47\\\",\\\"src\\\":\\\"admin\\\",\\\"msgId\\\":\\\"6c8e5ef5d38943ca9d87ac9017e1c369\\\"}\",\"2023-11-11 21:42:47\",0,\"wait\",\"更新用户回调\"]],\"影响行数\":[1,1]}', '2023-11-11 21:42:47', '2023-11-11 21:42:48', 'success', '', 1, NULL, b'1');
INSERT INTO `sync_result` VALUES ('196931b5b47945c899ce157416ae1435', NULL, NULL, NULL, 'active_mq', 'ID:DESKTOP-JEORO4F-51586-1700289289753-1:1:1:1:1', 'cda0faf78156460fbf76b9c0e26c0cc8', '{\"plan\":\"update_club_admin_user\",\"tables\":[{\"code\":\"update_club_admin_user\",\"unique\":[\"1\"]}],\"createTime\":\"2023-11-18 14:34:48\",\"src\":\"club\",\"msgId\":\"cda0faf78156460fbf76b9c0e26c0cc8\"}', NULL, NULL, NULL, '2023-11-18 14:34:48', '2023-11-18 14:35:00', 'fail', '同步计划不存在,{\"plan\":\"update_club_admin_user\",\"tables\":[{\"code\":\"update_club_admin_user\",\"unique\":[\"1\"]}],\"createTime\":\"2023-11-18 14:34:48\",\"src\":\"club\",\"msgId\":\"cda0faf78156460fbf76b9c0e26c0cc8\"}', 3, NULL, b'1');
INSERT INTO `sync_result` VALUES ('1a58cada2ea044049bece481d8c084fb', '0bde11510a5d4c8b87b8c1ff0ffed307', 'update_admin_club_user', '更新系统用户', 'active_mq', 'ID:DESKTOP-JEORO4F-55889-1699708425969-6:5:1:1:1', '4d83480e63274a768926c4b9d6dcfb5d', '{\"plan\":\"update_admin_club_user\",\"tables\":[{\"code\":\"update_admin_club_user\",\"unique\":[\"82\"]}],\"createTime\":\"2023-11-11 21:16:06\",\"src\":\"admin\",\"msgId\":\"4d83480e63274a768926c4b9d6dcfb5d\"}', 'admin', 'club', NULL, '2023-11-11 21:16:06', '2023-11-11 21:16:18', 'success', '未知异常,tableCode:pub_callback,msg:{\"plan\":\"update_admin_club_user\",\"tables\":[{\"code\":\"update_admin_club_user\",\"unique\":[\"82\"]}],\"createTime\":\"2023-11-11 21:16:06\",\"src\":\"admin\",\"msgId\":\"4d83480e63274a768926c4b9d6dcfb5d\"},目标库:club:club_dev,error:org.springframework.jdbc.BadSqlGrammarException: PreparedStatementCallback; bad SQL grammar [insert into pub_callback(uuid,msg_id,sync_uuid,src_project,dest_project,db_name,msg_content,create_time,repeat_count,status,remark) values (?,?,?,?,?,?,?,?,?,?,?);]; nested exception is java.sql.BatchUpdateException: Unknown column \'msg_id\' in \'field list\'', 3, '系统标记成功', b'1');
INSERT INTO `sync_result` VALUES ('1d6a0d3c0f854159b26f5d50e926bddb', '0bde11510a5d4c8b87b8c1ff0ffed307', 'update_admin_club_user', '更新系统用户', 'active_mq', 'ID:DESKTOP-JEORO4F-55889-1699708425969-6:5:1:1:1', '4d83480e63274a768926c4b9d6dcfb5d', '{\"plan\":\"update_admin_club_user\",\"tables\":[{\"code\":\"update_admin_club_user\",\"unique\":[\"82\"]}],\"createTime\":\"2023-11-11 21:16:06\",\"src\":\"admin\",\"msgId\":\"4d83480e63274a768926c4b9d6dcfb5d\"}', 'admin', 'club', NULL, '2023-11-11 21:16:06', '2023-11-11 21:16:28', 'success', '未知异常,tableCode:pub_callback,msg:{\"plan\":\"update_admin_club_user\",\"tables\":[{\"code\":\"update_admin_club_user\",\"unique\":[\"82\"]}],\"createTime\":\"2023-11-11 21:16:06\",\"src\":\"admin\",\"msgId\":\"4d83480e63274a768926c4b9d6dcfb5d\"},目标库:club:club_dev,error:org.springframework.jdbc.BadSqlGrammarException: PreparedStatementCallback; bad SQL grammar [insert into pub_callback(uuid,msg_id,sync_uuid,src_project,dest_project,db_name,msg_content,create_time,repeat_count,status,remark) values (?,?,?,?,?,?,?,?,?,?,?);]; nested exception is java.sql.BatchUpdateException: Unknown column \'msg_id\' in \'field list\'', 5, '系统标记成功', b'1');
INSERT INTO `sync_result` VALUES ('1d769b57a3604e0fa1e232fe27efdbb4', '0bde11510a5d4c8b87b8c1ff0ffed307', 'update_admin_club_user', '更新系统用户', 'active_mq', 'ID:DESKTOP-JEORO4F-58861-1715950805196-6:2:1:1:1', '98bbb06eff22405081eadb1e61d28f67', '{\"plan\":\"update_admin_club_user\",\"tables\":[{\"code\":\"update_admin_club_user\",\"unique\":[\"82\"]}],\"createTime\":\"2024-05-17 21:00:40\",\"src\":\"admin\",\"msgId\":\"98bbb06eff22405081eadb1e61d28f67\"}', 'admin', 'club', NULL, '2024-05-17 21:00:40', '2024-05-17 21:01:02', 'fail', '未知异常,tableCode:update_admin_club_user,msg:null,目标库:null,error:org.springframework.jdbc.BadSqlGrammarException: PreparedStatementCallback; bad SQL grammar [update club_user set user_id = ?, username = ?, real_name = ?, password = ?, dept_code = ?, user_status = ?, create_time = ?, update_time = ?, sync_time = ? where user_id = ?;]; nested exception is java.sql.BatchUpdateException: Unknown column \'real_name\' in \'field list\'', 5, NULL, b'1');
INSERT INTO `sync_result` VALUES ('1e2c1a32671d4515ac36cc9793dd4e8a', '0bde11510a5d4c8b87b8c1ff0ffed307', 'update_admin_club_user', '更新系统用户', 'active_mq', 'ID:DESKTOP-JEORO4F-56686-1699709372467-6:2:1:1:1', 'b907d2067f354ae781f9dbed58a5d635', '{\"plan\":\"update_admin_club_user\",\"tables\":[{\"code\":\"update_admin_club_user\",\"unique\":[\"81\"]}],\"createTime\":\"2023-11-11 21:30:18\",\"src\":\"admin\",\"msgId\":\"b907d2067f354ae781f9dbed58a5d635\"}', 'admin', 'club', '{\"update club_user set user_id = ?, username = ?, real_name = ?, password = ?, dept_code = ?, user_status = ?, create_time = ?, update_time = ?, sync_time = ? where user_id = ?;\":[[81,\"teacher\",\"章老师\",\"8d969eef6ecad3c29a3a629280e686cf0c3f5d5a86aff3ca12020c923adc6c92\",\"jyb\",1,\"2023-09-15 22:19:29\",\"2023-11-11 21:30:18\",\"2023-11-11 21:30:19\",81]],\"insert into pub_callback(uuid,msg_id,sync_uuid,src_project,dest_project,db_name,msg_content,create_time,repeat_count,status,remark) values (?,?,?,?,?,?,?,?,?,?,?);\":[[\"608030500c14493c888dd629c43d7ef3\",\"b907d2067f354ae781f9dbed58a5d635\",\"1e2c1a32671d4515ac36cc9793dd4e8a\",\"admin\",\"club\",\"club_dev\",\"{\\\"plan\\\":\\\"update_admin_club_user\\\",\\\"tables\\\":[{\\\"code\\\":\\\"update_admin_club_user\\\",\\\"unique\\\":[\\\"81\\\"]}],\\\"createTime\\\":\\\"2023-11-11 21:30:18\\\",\\\"src\\\":\\\"admin\\\",\\\"msgId\\\":\\\"b907d2067f354ae781f9dbed58a5d635\\\"}\",\"2023-11-11 21:30:19\",0,\"wait\",\"更新用户回调\"]],\"影响行数\":[0,1]}', '2023-11-11 21:30:18', '2023-11-11 21:30:19', 'success', '', 1, NULL, b'1');
INSERT INTO `sync_result` VALUES ('1f1e9859080d46108a8a2b7cf9b9cb3d', '0bde11510a5d4c8b87b8c1ff0ffed307', 'update_admin_club_user', '更新系统用户', 'active_mq', 'ID:DESKTOP-JEORO4F-56686-1699709372467-6:5:1:1:1', '38ce4301a4dd402481b3bf6ff7791b31', '{\"plan\":\"update_admin_club_user\",\"tables\":[{\"code\":\"update_admin_club_user\",\"unique\":[\"81\"]}],\"createTime\":\"2023-11-11 21:30:23\",\"src\":\"admin\",\"msgId\":\"38ce4301a4dd402481b3bf6ff7791b31\"}', 'admin', 'club', '{\"update club_user set user_id = ?, username = ?, real_name = ?, password = ?, dept_code = ?, user_status = ?, create_time = ?, update_time = ?, sync_time = ? where user_id = ?;\":[[81,\"teacher\",\"章老师\",\"8d969eef6ecad3c29a3a629280e686cf0c3f5d5a86aff3ca12020c923adc6c92\",\"jyb\",1,\"2023-09-15 22:19:29\",\"2023-11-11 21:30:23\",\"2023-11-11 21:30:23\",81]],\"insert into pub_callback(uuid,msg_id,sync_uuid,src_project,dest_project,db_name,msg_content,create_time,repeat_count,status,remark) values (?,?,?,?,?,?,?,?,?,?,?);\":[[\"beb0d734619647a0a9b3a76ff72bd41f\",\"38ce4301a4dd402481b3bf6ff7791b31\",\"1f1e9859080d46108a8a2b7cf9b9cb3d\",\"admin\",\"club\",\"club_dev\",\"{\\\"plan\\\":\\\"update_admin_club_user\\\",\\\"tables\\\":[{\\\"code\\\":\\\"update_admin_club_user\\\",\\\"unique\\\":[\\\"81\\\"]}],\\\"createTime\\\":\\\"2023-11-11 21:30:23\\\",\\\"src\\\":\\\"admin\\\",\\\"msgId\\\":\\\"38ce4301a4dd402481b3bf6ff7791b31\\\"}\",\"2023-11-11 21:30:23\",0,\"wait\",\"更新用户回调\"]],\"影响行数\":[0,1]}', '2023-11-11 21:30:23', '2023-11-11 21:30:23', 'success', '', 1, NULL, b'1');
INSERT INTO `sync_result` VALUES ('1f31e0fee7474bf997eeabe0e9da1a15', '0bde11510a5d4c8b87b8c1ff0ffed307', 'update_admin_club_user', '更新系统用户', 'active_mq', 'ID:DESKTOP-JEORO4F-56477-1699709136213-6:3:1:1:1', 'a76b462f98d74d19b54a0b87914b5ac0', '{\"plan\":\"update_admin_club_user\",\"tables\":[{\"code\":\"update_admin_club_user\",\"unique\":[\"82\"]}],\"createTime\":\"2023-11-11 21:26:29\",\"src\":\"admin\",\"msgId\":\"a76b462f98d74d19b54a0b87914b5ac0\"}', 'admin', 'club', '{\"update club_user set user_id = ?, username = ?, real_name = ?, password = ?, dept_code = ?, user_status = ?, create_time = ?, update_time = ?, sync_time = ? where user_id = ?;\":[[82,\"student\",\"学生\",\"8d969eef6ecad3c29a3a629280e686cf0c3f5d5a86aff3ca12020c923adc6c92\",\"csb\",1,\"2023-09-15 22:21:33\",\"2023-11-11 21:26:30\",\"2023-11-11 21:26:30\",82]],\"insert into pub_callback(uuid,msg_id,sync_uuid,src_project,dest_project,db_name,msg_content,create_time,repeat_count,status,remark) values (?,?,?,?,?,?,?,?,?,?,?);\":[[\"ee47347bfd43440bb8e4cc680e70da94\",\"a76b462f98d74d19b54a0b87914b5ac0\",\"1f31e0fee7474bf997eeabe0e9da1a15\",\"admin\",\"club\",\"club_dev\",\"{\\\"plan\\\":\\\"update_admin_club_user\\\",\\\"tables\\\":[{\\\"code\\\":\\\"update_admin_club_user\\\",\\\"unique\\\":[\\\"82\\\"]}],\\\"createTime\\\":\\\"2023-11-11 21:26:29\\\",\\\"src\\\":\\\"admin\\\",\\\"msgId\\\":\\\"a76b462f98d74d19b54a0b87914b5ac0\\\"}\",\"2023-11-11 21:26:30\",0,\"wait\",\"更新用户回调\"]],\"影响行数\":[0,1]}', '2023-11-11 21:26:29', '2023-11-11 21:26:30', 'success', '', 1, NULL, b'1');
INSERT INTO `sync_result` VALUES ('1f4aecda9cf44fbf904b5f992eb332a8', '0bde11510a5d4c8b87b8c1ff0ffed307', 'update_admin_club_user', '更新系统用户', 'active_mq', 'ID:DESKTOP-JEORO4F-57318-1699710101300-6:11:1:1:1', '84079d68d90f4b33bfccc66c4dacb432', '{\"plan\":\"update_admin_club_user\",\"tables\":[{\"code\":\"update_admin_club_user\",\"unique\":[\"82\"]}],\"createTime\":\"2023-11-11 21:42:43\",\"src\":\"admin\",\"msgId\":\"84079d68d90f4b33bfccc66c4dacb432\"}', 'admin', 'club', '{\"update club_user set user_id = ?, username = ?, real_name = ?, password = ?, dept_code = ?, user_status = ?, create_time = ?, update_time = ?, sync_time = ? where user_id = ?;\":[[82,\"student\",\"学生\",\"8d969eef6ecad3c29a3a629280e686cf0c3f5d5a86aff3ca12020c923adc6c92\",\"csb\",1,\"2023-09-15 22:21:33\",\"2023-11-11 21:42:44\",\"2023-11-11 21:42:43\",82]],\"insert into pub_callback(uuid,msg_id,sync_uuid,src_project,dest_project,db_name,msg_content,create_time,repeat_count,status,remark) values (?,?,?,?,?,?,?,?,?,?,?);\":[[\"0d0b43be4a954843813dd5be1aed674c\",\"84079d68d90f4b33bfccc66c4dacb432\",\"1f4aecda9cf44fbf904b5f992eb332a8\",\"admin\",\"club\",\"club_dev\",\"{\\\"plan\\\":\\\"update_admin_club_user\\\",\\\"tables\\\":[{\\\"code\\\":\\\"update_admin_club_user\\\",\\\"unique\\\":[\\\"82\\\"]}],\\\"createTime\\\":\\\"2023-11-11 21:42:43\\\",\\\"src\\\":\\\"admin\\\",\\\"msgId\\\":\\\"84079d68d90f4b33bfccc66c4dacb432\\\"}\",\"2023-11-11 21:42:43\",0,\"wait\",\"更新用户回调\"]],\"影响行数\":[0,1]}', '2023-11-11 21:42:43', '2023-11-11 21:42:44', 'success', '', 1, NULL, b'1');
INSERT INTO `sync_result` VALUES ('1f84e930b3ab458789f1dd9d0c690a13', '0bde11510a5d4c8b87b8c1ff0ffed307', 'update_admin_club_user', '更新系统用户', 'active_mq', 'ID:DESKTOP-JEORO4F-56686-1699709372467-6:6:1:1:1', 'd7e00b0e387c4826bd2d62b4923f84bf', '{\"plan\":\"update_admin_club_user\",\"tables\":[{\"code\":\"update_admin_club_user\",\"unique\":[\"81\"]}],\"createTime\":\"2023-11-11 21:30:24\",\"src\":\"admin\",\"msgId\":\"d7e00b0e387c4826bd2d62b4923f84bf\"}', 'admin', 'club', '{\"update club_user set user_id = ?, username = ?, real_name = ?, password = ?, dept_code = ?, user_status = ?, create_time = ?, update_time = ?, sync_time = ? where user_id = ?;\":[[81,\"teacher\",\"章老师\",\"8d969eef6ecad3c29a3a629280e686cf0c3f5d5a86aff3ca12020c923adc6c92\",\"jyb\",1,\"2023-09-15 22:19:29\",\"2023-11-11 21:30:25\",\"2023-11-11 21:30:25\",81]],\"insert into pub_callback(uuid,msg_id,sync_uuid,src_project,dest_project,db_name,msg_content,create_time,repeat_count,status,remark) values (?,?,?,?,?,?,?,?,?,?,?);\":[[\"8bc344b075124822bb9cca3bd9f419b5\",\"d7e00b0e387c4826bd2d62b4923f84bf\",\"1f84e930b3ab458789f1dd9d0c690a13\",\"admin\",\"club\",\"club_dev\",\"{\\\"plan\\\":\\\"update_admin_club_user\\\",\\\"tables\\\":[{\\\"code\\\":\\\"update_admin_club_user\\\",\\\"unique\\\":[\\\"81\\\"]}],\\\"createTime\\\":\\\"2023-11-11 21:30:24\\\",\\\"src\\\":\\\"admin\\\",\\\"msgId\\\":\\\"d7e00b0e387c4826bd2d62b4923f84bf\\\"}\",\"2023-11-11 21:30:25\",0,\"wait\",\"更新用户回调\"]],\"影响行数\":[0,1]}', '2023-11-11 21:30:24', '2023-11-11 21:30:25', 'success', '', 1, NULL, b'1');
INSERT INTO `sync_result` VALUES ('1fb8b4d1cf96413e93e14d00cb642706', '0bde11510a5d4c8b87b8c1ff0ffed307', 'update_admin_club_user', '更新系统用户', 'active_mq', 'ID:DESKTOP-JEORO4F-55889-1699708425969-6:2:1:1:1', '73eacf03b2304bac9c202eab3ac96962', '{\"plan\":\"update_admin_club_user\",\"tables\":[{\"code\":\"update_admin_club_user\",\"unique\":[\"81\"]}],\"createTime\":\"2023-11-11 21:14:08\",\"src\":\"admin\",\"msgId\":\"73eacf03b2304bac9c202eab3ac96962\"}', 'admin', 'club', '{\"update club_user set user_id = ?, username = ?, real_name = ?, password = ?, dept_code = ?, user_status = ?, create_time = ?, update_time = ?, sync_time = ? where user_id = ?;\":[[81,\"teacher\",\"章老师\",\"8d969eef6ecad3c29a3a629280e686cf0c3f5d5a86aff3ca12020c923adc6c92\",\"jyb\",1,\"2023-09-15 22:19:29\",\"2023-11-11 21:14:09\",\"2023-11-11 21:14:09\",81]],\"影响行数\":[0]}', '2023-11-11 21:14:08', '2023-11-11 21:14:10', 'success', '', 1, NULL, b'1');
INSERT INTO `sync_result` VALUES ('20482eeaf71a4337801ca48735a3b66b', '0bde11510a5d4c8b87b8c1ff0ffed307', 'update_admin_club_user', '更新系统用户', 'active_mq', 'ID:DESKTOP-JEORO4F-55782-1699708257140-6:2:1:1:1', '24e4a9c9ec2d49f9bbc0f85c4ea2fd15', '{\"plan\":\"update_admin_club_user\",\"tables\":[{\"code\":\"update_admin_club_user\",\"unique\":[\"61\"]}],\"createTime\":\"2023-11-11 21:12:11\",\"src\":\"admin\",\"msgId\":\"24e4a9c9ec2d49f9bbc0f85c4ea2fd15\"}', 'admin', 'club', '{\"update club_user set user_id = ?, username = ?, real_name = ?, password = ?, dept_code = ?, user_status = ?, create_time = ?, update_time = ?, sync_time = ? where user_id = ?;\":[[61,\"admin\",\"管理员\",\"8d969eef6ecad3c29a3a629280e686cf0c3f5d5a86aff3ca12020c923adc6c92\",\"yfb\",1,\"2022-05-01 23:27:25\",\"2023-11-10 16:12:23\",\"2023-11-11 21:12:15\",61]],\"影响行数\":[1]}', '2023-11-11 21:12:11', '2023-11-11 21:12:15', 'success', '', 1, NULL, b'1');
INSERT INTO `sync_result` VALUES ('2607825edeb34495969cdee0b9ceae9b', '0bde11510a5d4c8b87b8c1ff0ffed307', 'update_admin_club_user', '更新系统用户', 'active_mq', 'ID:DESKTOP-JEORO4F-57611-1699710448054-6:4:1:1:1', '0f43885764ba44578312590516606a28', '{\"plan\":\"update_admin_club_user\",\"tables\":[{\"code\":\"update_admin_club_user\",\"unique\":[\"61\"]}],\"createTime\":\"2023-11-11 21:50:08\",\"src\":\"admin\",\"msgId\":\"0f43885764ba44578312590516606a28\"}', 'admin', 'club', '{\"update club_user set user_id = ?, username = ?, real_name = ?, password = ?, dept_code = ?, user_status = ?, create_time = ?, update_time = ?, sync_time = ? where user_id = ?;\":[[61,\"admin\",\"管理员\",\"8d969eef6ecad3c29a3a629280e686cf0c3f5d5a86aff3ca12020c923adc6c92\",\"yfb\",1,\"2022-05-01 23:27:25\",\"2023-11-11 21:50:09\",\"2023-11-11 21:50:09\",61]],\"insert into pub_callback(uuid,msg_id,sync_uuid,src_project,dest_project,db_name,msg_content,create_time,repeat_count,status,remark) values (?,?,?,?,?,?,?,?,?,?,?);\":[[\"965d81de298149dfb5408831df8b037b\",\"0f43885764ba44578312590516606a28\",\"2607825edeb34495969cdee0b9ceae9b\",\"admin\",\"club\",\"club_dev\",\"{\\\"plan\\\":\\\"update_admin_club_user\\\",\\\"tables\\\":[{\\\"code\\\":\\\"update_admin_club_user\\\",\\\"unique\\\":[\\\"61\\\"]}],\\\"createTime\\\":\\\"2023-11-11 21:50:08\\\",\\\"src\\\":\\\"admin\\\",\\\"msgId\\\":\\\"0f43885764ba44578312590516606a28\\\"}\",\"2023-11-11 21:50:09\",0,\"wait\",\"更新用户回调\"]],\"影响行数\":[1,1]}', '2023-11-11 21:50:08', '2023-11-11 21:50:09', 'success', '', 1, NULL, b'1');
INSERT INTO `sync_result` VALUES ('273ba35657ed4bdb88a2919c2cf2b862', '0bde11510a5d4c8b87b8c1ff0ffed307', 'update_admin_club_user', '更新系统用户', 'active_mq', 'ID:DESKTOP-JEORO4F-56686-1699709372467-6:8:1:1:1', 'ebe123b40661428799fbeb3d402355df', '{\"plan\":\"update_admin_club_user\",\"tables\":[{\"code\":\"update_admin_club_user\",\"unique\":[\"81\"]}],\"createTime\":\"2023-11-11 21:30:27\",\"src\":\"admin\",\"msgId\":\"ebe123b40661428799fbeb3d402355df\"}', 'admin', 'club', '{\"update club_user set user_id = ?, username = ?, real_name = ?, password = ?, dept_code = ?, user_status = ?, create_time = ?, update_time = ?, sync_time = ? where user_id = ?;\":[[81,\"teacher\",\"章老师\",\"8d969eef6ecad3c29a3a629280e686cf0c3f5d5a86aff3ca12020c923adc6c92\",\"jyb\",1,\"2023-09-15 22:19:29\",\"2023-11-11 21:30:28\",\"2023-11-11 21:30:28\",81]],\"insert into pub_callback(uuid,msg_id,sync_uuid,src_project,dest_project,db_name,msg_content,create_time,repeat_count,status,remark) values (?,?,?,?,?,?,?,?,?,?,?);\":[[\"ce6628ad283e4ae2be101dc57ff81145\",\"ebe123b40661428799fbeb3d402355df\",\"273ba35657ed4bdb88a2919c2cf2b862\",\"admin\",\"club\",\"club_dev\",\"{\\\"plan\\\":\\\"update_admin_club_user\\\",\\\"tables\\\":[{\\\"code\\\":\\\"update_admin_club_user\\\",\\\"unique\\\":[\\\"81\\\"]}],\\\"createTime\\\":\\\"2023-11-11 21:30:27\\\",\\\"src\\\":\\\"admin\\\",\\\"msgId\\\":\\\"ebe123b40661428799fbeb3d402355df\\\"}\",\"2023-11-11 21:30:28\",0,\"wait\",\"更新用户回调\"]],\"影响行数\":[0,1]}', '2023-11-11 21:30:27', '2023-11-11 21:30:28', 'success', '', 1, NULL, b'1');
INSERT INTO `sync_result` VALUES ('2a6abb3d893045c08207a225049bfc05', '0bde11510a5d4c8b87b8c1ff0ffed307', 'update_admin_club_user', '更新系统用户', 'active_mq', 'ID:DESKTOP-JEORO4F-50727-1700287883870-6:4:1:1:1', 'aec7de1a18284072b2215ee05aa68ea0', '{\"plan\":\"update_admin_club_user\",\"tables\":[{\"code\":\"update_admin_club_user\",\"unique\":[\"61\"]}],\"createTime\":\"2023-11-18 14:17:06\",\"src\":\"admin\",\"msgId\":\"aec7de1a18284072b2215ee05aa68ea0\"}', 'admin', 'club', '{\"update club_user set user_id = ?, username = ?, real_name = ?, password = ?, dept_code = ?, user_status = ?, create_time = ?, update_time = ?, sync_time = ? where user_id = ?;\":[[61,\"admin\",\"管理员\",\"8d969eef6ecad3c29a3a629280e686cf0c3f5d5a86aff3ca12020c923adc6c92\",\"yfb\",1,\"2022-05-01 23:27:25\",\"2023-11-18 14:17:07\",\"2023-11-18 14:17:07\",61]],\"insert into pub_callback(uuid,msg_id,sync_uuid,src_project,dest_project,db_name,msg_content,create_time,repeat_count,status,remark) values (?,?,?,?,?,?,?,?,?,?,?);\":[[\"0079855e2b504ddab0916615d8bc304b\",\"aec7de1a18284072b2215ee05aa68ea0\",\"2a6abb3d893045c08207a225049bfc05\",\"admin\",\"club\",\"club_dev\",\"{\\\"plan\\\":\\\"update_admin_club_user\\\",\\\"tables\\\":[{\\\"code\\\":\\\"update_admin_club_user\\\",\\\"unique\\\":[\\\"61\\\"]}],\\\"createTime\\\":\\\"2023-11-18 14:17:06\\\",\\\"src\\\":\\\"admin\\\",\\\"msgId\\\":\\\"aec7de1a18284072b2215ee05aa68ea0\\\"}\",\"2023-11-18 14:17:07\",0,\"wait\",\"更新用户回调\"]],\"影响行数\":[1,1]}', '2023-11-18 14:17:06', '2023-11-18 14:17:08', 'success', '', 1, NULL, b'1');
INSERT INTO `sync_result` VALUES ('2ab12d2deb75460eae70b2ff5ba0bc62', '0bde11510a5d4c8b87b8c1ff0ffed307', 'update_admin_club_user', '更新系统用户', 'active_mq', 'ID:DESKTOP-JEORO4F-55889-1699708425969-6:4:1:1:1', 'b2ebd98975a143f887190cf7be831004', '{\"plan\":\"update_admin_club_user\",\"tables\":[{\"code\":\"update_admin_club_user\",\"unique\":[\"61\"]}],\"createTime\":\"2023-11-11 21:14:12\",\"src\":\"admin\",\"msgId\":\"b2ebd98975a143f887190cf7be831004\"}', 'admin', 'club', '{\"update club_user set user_id = ?, username = ?, real_name = ?, password = ?, dept_code = ?, user_status = ?, create_time = ?, update_time = ?, sync_time = ? where user_id = ?;\":[[61,\"admin\",\"管理员\",\"8d969eef6ecad3c29a3a629280e686cf0c3f5d5a86aff3ca12020c923adc6c92\",\"yfb\",1,\"2022-05-01 23:27:25\",\"2023-11-11 21:14:12\",\"2023-11-11 21:14:12\",61]],\"影响行数\":[1]}', '2023-11-11 21:14:12', '2023-11-11 21:14:13', 'success', '', 1, NULL, b'1');
INSERT INTO `sync_result` VALUES ('2e0dd727441548fc89dde6d429fcc9ff', '0bde11510a5d4c8b87b8c1ff0ffed307', 'update_admin_club_user', '更新系统用户', 'active_mq', 'ID:DESKTOP-JEORO4F-56686-1699709372467-6:3:1:1:1', '3023c6f4b1c9469098af008cf59ade33', '{\"plan\":\"update_admin_club_user\",\"tables\":[{\"code\":\"update_admin_club_user\",\"unique\":[\"61\"]}],\"createTime\":\"2023-11-11 21:30:19\",\"src\":\"admin\",\"msgId\":\"3023c6f4b1c9469098af008cf59ade33\"}', 'admin', 'club', '{\"update club_user set user_id = ?, username = ?, real_name = ?, password = ?, dept_code = ?, user_status = ?, create_time = ?, update_time = ?, sync_time = ? where user_id = ?;\":[[61,\"admin\",\"管理员\",\"8d969eef6ecad3c29a3a629280e686cf0c3f5d5a86aff3ca12020c923adc6c92\",\"yfb\",1,\"2022-05-01 23:27:25\",\"2023-11-11 21:30:20\",\"2023-11-11 21:30:20\",61]],\"insert into pub_callback(uuid,msg_id,sync_uuid,src_project,dest_project,db_name,msg_content,create_time,repeat_count,status,remark) values (?,?,?,?,?,?,?,?,?,?,?);\":[[\"781c60301ef540b0bc6020ecbe18970d\",\"3023c6f4b1c9469098af008cf59ade33\",\"2e0dd727441548fc89dde6d429fcc9ff\",\"admin\",\"club\",\"club_dev\",\"{\\\"plan\\\":\\\"update_admin_club_user\\\",\\\"tables\\\":[{\\\"code\\\":\\\"update_admin_club_user\\\",\\\"unique\\\":[\\\"61\\\"]}],\\\"createTime\\\":\\\"2023-11-11 21:30:19\\\",\\\"src\\\":\\\"admin\\\",\\\"msgId\\\":\\\"3023c6f4b1c9469098af008cf59ade33\\\"}\",\"2023-11-11 21:30:20\",0,\"wait\",\"更新用户回调\"]],\"影响行数\":[1,1]}', '2023-11-11 21:30:19', '2023-11-11 21:30:20', 'success', '', 1, NULL, b'1');
INSERT INTO `sync_result` VALUES ('3184a37e2485401a95aeb686d51ff964', '0bde11510a5d4c8b87b8c1ff0ffed307', 'update_admin_club_user', '更新系统用户', 'active_mq', 'ID:DESKTOP-JEORO4F-57611-1699710448054-6:5:1:1:1', '246b242b47fd4b8bbb31b7c308e2c4cb', '{\"plan\":\"update_admin_club_user\",\"tables\":[{\"code\":\"update_admin_club_user\",\"unique\":[\"81\"]}],\"createTime\":\"2023-11-11 21:50:10\",\"src\":\"admin\",\"msgId\":\"246b242b47fd4b8bbb31b7c308e2c4cb\"}', 'admin', 'club', '{\"update club_user set user_id = ?, username = ?, real_name = ?, password = ?, dept_code = ?, user_status = ?, create_time = ?, update_time = ?, sync_time = ? where user_id = ?;\":[[81,\"teacher\",\"章老师\",\"8d969eef6ecad3c29a3a629280e686cf0c3f5d5a86aff3ca12020c923adc6c92\",\"jyb\",1,\"2023-09-15 22:19:29\",\"2023-11-11 21:50:10\",\"2023-11-11 21:50:10\",81]],\"insert into pub_callback(uuid,msg_id,sync_uuid,src_project,dest_project,db_name,msg_content,create_time,repeat_count,status,remark) values (?,?,?,?,?,?,?,?,?,?,?);\":[[\"c47634c1eeda43a0a9f14dddd8953fbb\",\"246b242b47fd4b8bbb31b7c308e2c4cb\",\"3184a37e2485401a95aeb686d51ff964\",\"admin\",\"club\",\"club_dev\",\"{\\\"plan\\\":\\\"update_admin_club_user\\\",\\\"tables\\\":[{\\\"code\\\":\\\"update_admin_club_user\\\",\\\"unique\\\":[\\\"81\\\"]}],\\\"createTime\\\":\\\"2023-11-11 21:50:10\\\",\\\"src\\\":\\\"admin\\\",\\\"msgId\\\":\\\"246b242b47fd4b8bbb31b7c308e2c4cb\\\"}\",\"2023-11-11 21:50:10\",0,\"wait\",\"更新用户回调\"]],\"影响行数\":[0,1]}', '2023-11-11 21:50:10', '2023-11-11 21:50:10', 'success', '', 1, NULL, b'1');
INSERT INTO `sync_result` VALUES ('36062818f7a54c0aab727c76fa153ed5', '0bde11510a5d4c8b87b8c1ff0ffed307', 'update_admin_club_user', '更新系统用户', 'active_mq', 'ID:DESKTOP-JEORO4F-57611-1699710448054-6:11:1:1:1', '7892c5bce59243ad853a693bb28886e4', '{\"plan\":\"update_admin_club_user\",\"tables\":[{\"code\":\"update_admin_club_user\",\"unique\":[\"81\"]}],\"createTime\":\"2023-11-11 21:53:10\",\"src\":\"admin\",\"msgId\":\"7892c5bce59243ad853a693bb28886e4\"}', 'admin', 'club', '{\"update club_user set user_id = ?, username = ?, real_name = ?, password = ?, dept_code = ?, user_status = ?, create_time = ?, update_time = ?, sync_time = ? where user_id = ?;\":[[81,\"teacher\",\"章老师\",\"8d969eef6ecad3c29a3a629280e686cf0c3f5d5a86aff3ca12020c923adc6c92\",\"jyb\",1,\"2023-09-15 22:19:29\",\"2023-11-11 21:53:10\",\"2023-11-11 21:53:10\",81]],\"insert into pub_callback(uuid,msg_id,sync_uuid,src_project,dest_project,db_name,msg_content,create_time,repeat_count,status,remark) values (?,?,?,?,?,?,?,?,?,?,?);\":[[\"82a4af1306064a2c96d32f30b40a1078\",\"7892c5bce59243ad853a693bb28886e4\",\"36062818f7a54c0aab727c76fa153ed5\",\"admin\",\"club\",\"club_dev\",\"{\\\"plan\\\":\\\"update_admin_club_user\\\",\\\"tables\\\":[{\\\"code\\\":\\\"update_admin_club_user\\\",\\\"unique\\\":[\\\"81\\\"]}],\\\"createTime\\\":\\\"2023-11-11 21:53:10\\\",\\\"src\\\":\\\"admin\\\",\\\"msgId\\\":\\\"7892c5bce59243ad853a693bb28886e4\\\"}\",\"2023-11-11 21:53:10\",0,\"wait\",\"更新用户回调\"]],\"影响行数\":[1,1]}', '2023-11-11 21:53:10', '2023-11-11 21:53:11', 'success', '', 1, NULL, b'1');
INSERT INTO `sync_result` VALUES ('39f6faee0300425780e986ccb76d43cf', '0bde11510a5d4c8b87b8c1ff0ffed307', 'update_admin_club_user', '更新系统用户', 'active_mq', 'ID:DESKTOP-JEORO4F-55424-1699708040110-6:2:1:1:1', '1fa29c291dce483da167720649eccd89', '{\"plan\":\"update_admin_club_user\",\"tables\":[{\"code\":\"update_admin_club_user\",\"unique\":[\"1\"]}],\"createTime\":\"2023-11-11 21:07:33\",\"src\":\"admin\",\"msgId\":\"1fa29c291dce483da167720649eccd89\"}', 'admin', 'club', NULL, '2023-11-11 21:07:33', '2023-11-11 21:07:34', 'fail', 'update_admin_club_user中源表数据不存在', 1, NULL, b'1');
INSERT INTO `sync_result` VALUES ('3c97d1372d024fdf8a02c665c9f348a5', '0bde11510a5d4c8b87b8c1ff0ffed307', 'update_admin_club_user', '更新系统用户', 'active_mq', 'ID:DESKTOP-JEORO4F-58861-1715950805196-6:2:1:1:1', '98bbb06eff22405081eadb1e61d28f67', '{\"plan\":\"update_admin_club_user\",\"tables\":[{\"code\":\"update_admin_club_user\",\"unique\":[\"82\"]}],\"createTime\":\"2024-05-17 21:00:40\",\"src\":\"admin\",\"msgId\":\"98bbb06eff22405081eadb1e61d28f67\"}', 'admin', 'club', NULL, '2024-05-17 21:00:40', '2024-05-17 21:00:56', 'fail', '未知异常,tableCode:update_admin_club_user,msg:null,目标库:null,error:org.springframework.jdbc.BadSqlGrammarException: PreparedStatementCallback; bad SQL grammar [update club_user set user_id = ?, username = ?, real_name = ?, password = ?, dept_code = ?, user_status = ?, create_time = ?, update_time = ?, sync_time = ? where user_id = ?;]; nested exception is java.sql.BatchUpdateException: Unknown column \'real_name\' in \'field list\'', 4, NULL, b'1');
INSERT INTO `sync_result` VALUES ('41a2e238392b4622b5b3545ffb475720', '0bde11510a5d4c8b87b8c1ff0ffed307', 'update_admin_club_user', '更新系统用户', 'active_mq', 'ID:DESKTOP-JEORO4F-55424-1699708040110-6:2:1:1:1', '1fa29c291dce483da167720649eccd89', '{\"plan\":\"update_admin_club_user\",\"tables\":[{\"code\":\"update_admin_club_user\",\"unique\":[\"1\"]}],\"createTime\":\"2023-11-11 21:07:33\",\"src\":\"admin\",\"msgId\":\"1fa29c291dce483da167720649eccd89\"}', 'admin', 'club', NULL, '2023-11-11 21:07:33', '2023-11-11 21:07:40', 'fail', 'update_admin_club_user中源表数据不存在', 2, NULL, b'1');
INSERT INTO `sync_result` VALUES ('4422eabe135e429784dcac724eb682f7', '0bde11510a5d4c8b87b8c1ff0ffed307', 'update_admin_club_user', '更新系统用户', 'active_mq', 'ID:DESKTOP-JEORO4F-57611-1699710448054-6:8:1:1:1', 'c63818fa260a40359f8bb66a84bc987b', '{\"plan\":\"update_admin_club_user\",\"tables\":[{\"code\":\"update_admin_club_user\",\"unique\":[\"82\"]}],\"createTime\":\"2023-11-11 21:50:14\",\"src\":\"admin\",\"msgId\":\"c63818fa260a40359f8bb66a84bc987b\"}', 'admin', 'club', '{\"update club_user set user_id = ?, username = ?, real_name = ?, password = ?, dept_code = ?, user_status = ?, create_time = ?, update_time = ?, sync_time = ? where user_id = ?;\":[[82,\"student\",\"学生\",\"8d969eef6ecad3c29a3a629280e686cf0c3f5d5a86aff3ca12020c923adc6c92\",\"csb\",1,\"2023-09-15 22:21:33\",\"2023-11-11 21:50:15\",\"2023-11-11 21:50:15\",82]],\"insert into pub_callback(uuid,msg_id,sync_uuid,src_project,dest_project,db_name,msg_content,create_time,repeat_count,status,remark) values (?,?,?,?,?,?,?,?,?,?,?);\":[[\"41f1a9e671e64b589ce3838cc6a5855f\",\"c63818fa260a40359f8bb66a84bc987b\",\"4422eabe135e429784dcac724eb682f7\",\"admin\",\"club\",\"club_dev\",\"{\\\"plan\\\":\\\"update_admin_club_user\\\",\\\"tables\\\":[{\\\"code\\\":\\\"update_admin_club_user\\\",\\\"unique\\\":[\\\"82\\\"]}],\\\"createTime\\\":\\\"2023-11-11 21:50:14\\\",\\\"src\\\":\\\"admin\\\",\\\"msgId\\\":\\\"c63818fa260a40359f8bb66a84bc987b\\\"}\",\"2023-11-11 21:50:15\",0,\"wait\",\"更新用户回调\"]],\"影响行数\":[0,1]}', '2023-11-11 21:50:14', '2023-11-11 21:50:15', 'success', '', 1, NULL, b'1');
INSERT INTO `sync_result` VALUES ('44979ecd529f46a486533683a20bcfe9', NULL, NULL, NULL, 'active_mq', 'ID:DESKTOP-JEORO4F-57318-1699710101300-6:3:1:1:1', 'a1fa35b3a4f84e469b739db9825170bc', '{\"plan\":\"update_admin_club_user\",\"tables\":[{\"code\":\"update_admin_club_user\",\"unique\":[\"81\"]}],\"createTime\":\"2023-11-11 21:42:00\",\"src\":\"admin\",\"msgId\":\"a1fa35b3a4f84e469b739db9825170bc\"}', NULL, NULL, NULL, '2023-11-11 21:42:00', '2023-11-11 21:42:06', 'success', '同步计划不存在,{\"plan\":\"update_admin_club_user\",\"tables\":[{\"code\":\"update_admin_club_user\",\"unique\":[\"81\"]}],\"createTime\":\"2023-11-11 21:42:00\",\"src\":\"admin\",\"msgId\":\"a1fa35b3a4f84e469b739db9825170bc\"}', 2, '系统标记成功', b'1');
INSERT INTO `sync_result` VALUES ('4591fb34d4c44f3a9b447adae952a981', '0bde11510a5d4c8b87b8c1ff0ffed307', 'update_admin_club_user', '更新系统用户', 'active_mq', 'ID:DESKTOP-JEORO4F-56477-1699709136213-6:2:1:1:1', '7f93ac828fe34347ae96d03fb9ecd627', '{\"plan\":\"update_admin_club_user\",\"tables\":[{\"code\":\"update_admin_club_user\",\"unique\":[\"82\"]}],\"createTime\":\"2023-11-11 21:25:57\",\"src\":\"admin\",\"msgId\":\"7f93ac828fe34347ae96d03fb9ecd627\"}', 'admin', 'club', '{\"update club_user set user_id = ?, username = ?, real_name = ?, password = ?, dept_code = ?, user_status = ?, create_time = ?, update_time = ?, sync_time = ? where user_id = ?;\":[[82,\"student\",\"学生\",\"8d969eef6ecad3c29a3a629280e686cf0c3f5d5a86aff3ca12020c923adc6c92\",\"csb\",1,\"2023-09-15 22:21:33\",\"2023-11-11 21:25:57\",\"2023-11-11 21:25:57\",82]],\"insert into pub_callback(uuid,msg_id,sync_uuid,src_project,dest_project,db_name,msg_content,create_time,repeat_count,status,remark) values (?,?,?,?,?,?,?,?,?,?,?);\":[[\"00f1b7964b72438bbfa74965df304f0c\",\"7f93ac828fe34347ae96d03fb9ecd627\",\"4591fb34d4c44f3a9b447adae952a981\",\"admin\",\"club\",\"club_dev\",\"{\\\"plan\\\":\\\"update_admin_club_user\\\",\\\"tables\\\":[{\\\"code\\\":\\\"update_admin_club_user\\\",\\\"unique\\\":[\\\"82\\\"]}],\\\"createTime\\\":\\\"2023-11-11 21:25:57\\\",\\\"src\\\":\\\"admin\\\",\\\"msgId\\\":\\\"7f93ac828fe34347ae96d03fb9ecd627\\\"}\",\"2023-11-11 21:25:57\",0,\"wait\",\"更新用户回调\"]],\"影响行数\":[0,1]}', '2023-11-11 21:25:57', '2023-11-11 21:25:58', 'success', '', 1, NULL, b'1');
INSERT INTO `sync_result` VALUES ('468d3da7bec245808f53c4032d019b1f', '0bde11510a5d4c8b87b8c1ff0ffed307', 'update_admin_club_user', '更新系统用户', 'active_mq', 'ID:DESKTOP-JEORO4F-55889-1699708425969-6:6:1:1:1', '63abe6bfc20345e9ad038bfba6d64a98', '{\"plan\":\"update_admin_club_user\",\"tables\":[{\"code\":\"update_admin_club_user\",\"unique\":[\"81\"]}],\"createTime\":\"2023-11-11 21:16:08\",\"src\":\"admin\",\"msgId\":\"63abe6bfc20345e9ad038bfba6d64a98\"}', 'admin', 'club', NULL, '2023-11-11 21:16:08', '2023-11-11 21:16:40', 'fail', '未知异常,tableCode:pub_callback,msg:{\"plan\":\"update_admin_club_user\",\"tables\":[{\"code\":\"update_admin_club_user\",\"unique\":[\"81\"]}],\"createTime\":\"2023-11-11 21:16:08\",\"src\":\"admin\",\"msgId\":\"63abe6bfc20345e9ad038bfba6d64a98\"},目标库:club:club_dev,error:org.springframework.jdbc.BadSqlGrammarException: PreparedStatementCallback; bad SQL grammar [insert into pub_callback(uuid,msg_id,sync_uuid,src_project,dest_project,db_name,msg_content,create_time,repeat_count,status,remark) values (?,?,?,?,?,?,?,?,?,?,?);]; nested exception is java.sql.BatchUpdateException: Unknown column \'msg_id\' in \'field list\'', 7, NULL, b'1');
INSERT INTO `sync_result` VALUES ('46df3948e0074587a11df3ba9bfd78d5', '0bde11510a5d4c8b87b8c1ff0ffed307', 'update_admin_club_user', '更新系统用户', 'active_mq', 'ID:DESKTOP-JEORO4F-57318-1699710101300-6:2:1:1:1', 'aee65b9e14f9428d93f71f7f166e9abf', '{\"plan\":\"update_admin_club_user\",\"tables\":[{\"code\":\"update_admin_club_user\",\"unique\":[\"82\"]}],\"createTime\":\"2023-11-11 21:41:58\",\"src\":\"admin\",\"msgId\":\"aee65b9e14f9428d93f71f7f166e9abf\"}', 'admin', 'club', '{\"update club_user set user_id = ?, username = ?, real_name = ?, password = ?, dept_code = ?, user_status = ?, create_time = ?, update_time = ?, sync_time = ? where user_id = ?;\":[[82,\"student\",\"学生\",\"8d969eef6ecad3c29a3a629280e686cf0c3f5d5a86aff3ca12020c923adc6c92\",\"csb\",1,\"2023-09-15 22:21:33\",\"2023-11-11 21:41:59\",\"2023-11-11 21:42:14\",82]],\"insert into pub_callback(uuid,msg_id,sync_uuid,src_project,dest_project,db_name,msg_content,create_time,repeat_count,status,remark) values (?,?,?,?,?,?,?,?,?,?,?);\":[[\"dfac5d8314e741c7a265ccf159481788\",\"aee65b9e14f9428d93f71f7f166e9abf\",\"46df3948e0074587a11df3ba9bfd78d5\",\"admin\",\"club\",\"club_dev\",\"{\\\"plan\\\":\\\"update_admin_club_user\\\",\\\"tables\\\":[{\\\"code\\\":\\\"update_admin_club_user\\\",\\\"unique\\\":[\\\"82\\\"]}],\\\"createTime\\\":\\\"2023-11-11 21:41:58\\\",\\\"src\\\":\\\"admin\\\",\\\"msgId\\\":\\\"aee65b9e14f9428d93f71f7f166e9abf\\\"}\",\"2023-11-11 21:42:14\",0,\"wait\",\"更新用户回调\"]],\"影响行数\":[0,1]}', '2023-11-11 21:41:58', '2023-11-11 21:42:14', 'success', '', 4, NULL, b'1');
INSERT INTO `sync_result` VALUES ('475e3ea4f28f40c48b9b3b71fff68e86', '0bde11510a5d4c8b87b8c1ff0ffed307', 'update_admin_club_user', '更新系统用户', 'active_mq', 'ID:DESKTOP-JEORO4F-56580-1699709320337-6:2:1:1:1', '7ef7ff99bb5949f8a3801ab9f0cff3e5', '{\"plan\":\"update_admin_club_user\",\"tables\":[{\"code\":\"update_admin_club_user\",\"unique\":[\"82\"]}],\"createTime\":\"2023-11-11 21:28:48\",\"src\":\"admin\",\"msgId\":\"7ef7ff99bb5949f8a3801ab9f0cff3e5\"}', 'admin', 'club', '{\"update club_user set user_id = ?, username = ?, real_name = ?, password = ?, dept_code = ?, user_status = ?, create_time = ?, update_time = ?, sync_time = ? where user_id = ?;\":[[82,\"student\",\"学生\",\"8d969eef6ecad3c29a3a629280e686cf0c3f5d5a86aff3ca12020c923adc6c92\",\"csb\",1,\"2023-09-15 22:21:33\",\"2023-11-11 21:28:48\",\"2023-11-11 21:28:48\",82]],\"insert into pub_callback(uuid,msg_id,sync_uuid,src_project,dest_project,db_name,msg_content,create_time,repeat_count,status,remark) values (?,?,?,?,?,?,?,?,?,?,?);\":[[\"5d4cced431104cb39b2e9ed57e55e579\",\"7ef7ff99bb5949f8a3801ab9f0cff3e5\",\"475e3ea4f28f40c48b9b3b71fff68e86\",\"admin\",\"club\",\"club_dev\",\"{\\\"plan\\\":\\\"update_admin_club_user\\\",\\\"tables\\\":[{\\\"code\\\":\\\"update_admin_club_user\\\",\\\"unique\\\":[\\\"82\\\"]}],\\\"createTime\\\":\\\"2023-11-11 21:28:48\\\",\\\"src\\\":\\\"admin\\\",\\\"msgId\\\":\\\"7ef7ff99bb5949f8a3801ab9f0cff3e5\\\"}\",\"2023-11-11 21:28:48\",0,\"wait\",\"更新用户回调\"]],\"影响行数\":[0,1]}', '2023-11-11 21:28:48', '2023-11-11 21:28:49', 'success', '', 1, NULL, b'1');
INSERT INTO `sync_result` VALUES ('4871e57d3cf24c0f8ef077c7ccb94169', '0bde11510a5d4c8b87b8c1ff0ffed307', 'update_admin_club_user', '更新系统用户', 'active_mq', 'ID:DESKTOP-JEORO4F-55889-1699708425969-6:5:1:1:1', '4d83480e63274a768926c4b9d6dcfb5d', '{\"plan\":\"update_admin_club_user\",\"tables\":[{\"code\":\"update_admin_club_user\",\"unique\":[\"82\"]}],\"createTime\":\"2023-11-11 21:16:06\",\"src\":\"admin\",\"msgId\":\"4d83480e63274a768926c4b9d6dcfb5d\"}', 'admin', 'club', NULL, '2023-11-11 21:16:06', '2023-11-11 21:16:43', 'success', '未知异常,tableCode:pub_callback,msg:{\"plan\":\"update_admin_club_user\",\"tables\":[{\"code\":\"update_admin_club_user\",\"unique\":[\"82\"]}],\"createTime\":\"2023-11-11 21:16:06\",\"src\":\"admin\",\"msgId\":\"4d83480e63274a768926c4b9d6dcfb5d\"},目标库:club:club_dev,error:org.springframework.jdbc.BadSqlGrammarException: PreparedStatementCallback; bad SQL grammar [insert into pub_callback(uuid,msg_id,sync_uuid,src_project,dest_project,db_name,msg_content,create_time,repeat_count,status,remark) values (?,?,?,?,?,?,?,?,?,?,?);]; nested exception is java.sql.BatchUpdateException: Unknown column \'msg_id\' in \'field list\'', 8, '系统标记成功', b'1');
INSERT INTO `sync_result` VALUES ('4b5aec664fd34ed09a832be11e342943', '0bde11510a5d4c8b87b8c1ff0ffed307', 'update_admin_club_user', '更新系统用户', 'active_mq', 'ID:DESKTOP-JEORO4F-55889-1699708425969-6:5:1:1:1', '4d83480e63274a768926c4b9d6dcfb5d', '{\"plan\":\"update_admin_club_user\",\"tables\":[{\"code\":\"update_admin_club_user\",\"unique\":[\"82\"]}],\"createTime\":\"2023-11-11 21:16:06\",\"src\":\"admin\",\"msgId\":\"4d83480e63274a768926c4b9d6dcfb5d\"}', 'admin', 'club', NULL, '2023-11-11 21:16:06', '2023-11-11 21:16:32', 'success', '未知异常,tableCode:pub_callback,msg:{\"plan\":\"update_admin_club_user\",\"tables\":[{\"code\":\"update_admin_club_user\",\"unique\":[\"82\"]}],\"createTime\":\"2023-11-11 21:16:06\",\"src\":\"admin\",\"msgId\":\"4d83480e63274a768926c4b9d6dcfb5d\"},目标库:club:club_dev,error:org.springframework.jdbc.BadSqlGrammarException: PreparedStatementCallback; bad SQL grammar [insert into pub_callback(uuid,msg_id,sync_uuid,src_project,dest_project,db_name,msg_content,create_time,repeat_count,status,remark) values (?,?,?,?,?,?,?,?,?,?,?);]; nested exception is java.sql.BatchUpdateException: Unknown column \'msg_id\' in \'field list\'', 6, '系统标记成功', b'1');
INSERT INTO `sync_result` VALUES ('4c202a5873344e3b911d6c49f70a7ea2', '0bde11510a5d4c8b87b8c1ff0ffed307', 'update_admin_club_user', '更新系统用户', 'active_mq', 'ID:DESKTOP-JEORO4F-55889-1699708425969-6:5:1:1:1', '4d83480e63274a768926c4b9d6dcfb5d', '{\"plan\":\"update_admin_club_user\",\"tables\":[{\"code\":\"update_admin_club_user\",\"unique\":[\"82\"]}],\"createTime\":\"2023-11-11 21:16:06\",\"src\":\"admin\",\"msgId\":\"4d83480e63274a768926c4b9d6dcfb5d\"}', 'admin', 'club', NULL, '2023-11-11 21:16:06', '2023-11-11 21:16:07', 'success', '未知异常,tableCode:pub_callback,msg:{\"plan\":\"update_admin_club_user\",\"tables\":[{\"code\":\"update_admin_club_user\",\"unique\":[\"82\"]}],\"createTime\":\"2023-11-11 21:16:06\",\"src\":\"admin\",\"msgId\":\"4d83480e63274a768926c4b9d6dcfb5d\"},目标库:club:club_dev,error:org.springframework.jdbc.BadSqlGrammarException: PreparedStatementCallback; bad SQL grammar [insert into pub_callback(uuid,msg_id,sync_uuid,src_project,dest_project,db_name,msg_content,create_time,repeat_count,status,remark) values (?,?,?,?,?,?,?,?,?,?,?);]; nested exception is java.sql.BatchUpdateException: Unknown column \'msg_id\' in \'field list\'', 1, '系统标记成功', b'1');
INSERT INTO `sync_result` VALUES ('4d29c276fb9a4c05aa85371459bd0766', '0bde11510a5d4c8b87b8c1ff0ffed307', 'update_admin_club_user', '更新系统用户', 'active_mq', 'ID:DESKTOP-JEORO4F-58423-1699788552975-6:10:1:1:1', '61f58dda4507442e8cb010467bae24c3', '{\"plan\":\"update_admin_club_user\",\"tables\":[{\"code\":\"update_admin_club_user\",\"unique\":[\"82\"]}],\"createTime\":\"2023-11-12 19:32:41\",\"src\":\"admin\",\"msgId\":\"61f58dda4507442e8cb010467bae24c3\"}', 'admin', 'club', '{\"update club_user set user_id = ?, username = ?, real_name = ?, password = ?, dept_code = ?, user_status = ?, create_time = ?, update_time = ?, sync_time = ? where user_id = ?;\":[[82,\"student\",\"学生\",\"8d969eef6ecad3c29a3a629280e686cf0c3f5d5a86aff3ca12020c923adc6c92\",\"csb\",1,\"2023-09-15 22:21:33\",\"2023-11-12 19:32:41\",\"2023-11-12 19:32:41\",82]],\"insert into pub_callback(uuid,msg_id,sync_uuid,src_project,dest_project,db_name,msg_content,create_time,repeat_count,status,remark) values (?,?,?,?,?,?,?,?,?,?,?);\":[[\"651373679a9f4405bb8f325502af3150\",\"61f58dda4507442e8cb010467bae24c3\",\"4d29c276fb9a4c05aa85371459bd0766\",\"admin\",\"club\",\"club_dev\",\"{\\\"plan\\\":\\\"update_admin_club_user\\\",\\\"tables\\\":[{\\\"code\\\":\\\"update_admin_club_user\\\",\\\"unique\\\":[\\\"82\\\"]}],\\\"createTime\\\":\\\"2023-11-12 19:32:41\\\",\\\"src\\\":\\\"admin\\\",\\\"msgId\\\":\\\"61f58dda4507442e8cb010467bae24c3\\\"}\",\"2023-11-12 19:32:41\",0,\"wait\",\"更新用户回调\"]],\"影响行数\":[1,1]}', '2023-11-12 19:32:41', '2023-11-12 19:32:42', 'success', '', 1, NULL, b'1');
INSERT INTO `sync_result` VALUES ('4dae91b9b58a483ba5c344659c23dfa8', '0bde11510a5d4c8b87b8c1ff0ffed307', 'update_admin_club_user', '更新系统用户', 'active_mq', 'ID:DESKTOP-JEORO4F-56686-1699709372467-6:2:1:1:2', 'bdf4b0a2e50041b9b104d0811ca527d9', '{\"plan\":\"update_admin_club_user\",\"tables\":[{\"code\":\"update_admin_club_user\",\"unique\":[\"81\"]}],\"createTime\":\"2023-11-11 21:30:31\",\"src\":\"admin\",\"msgId\":\"bdf4b0a2e50041b9b104d0811ca527d9\"}', 'admin', 'club', '{\"update club_user set user_id = ?, username = ?, real_name = ?, password = ?, dept_code = ?, user_status = ?, create_time = ?, update_time = ?, sync_time = ? where user_id = ?;\":[[81,\"teacher\",\"章老师\",\"8d969eef6ecad3c29a3a629280e686cf0c3f5d5a86aff3ca12020c923adc6c92\",\"jyb\",1,\"2023-09-15 22:19:29\",\"2023-11-11 21:30:32\",\"2023-11-11 21:30:32\",81]],\"insert into pub_callback(uuid,msg_id,sync_uuid,src_project,dest_project,db_name,msg_content,create_time,repeat_count,status,remark) values (?,?,?,?,?,?,?,?,?,?,?);\":[[\"f09d47a059dd44248e8142b76db3c88b\",\"bdf4b0a2e50041b9b104d0811ca527d9\",\"4dae91b9b58a483ba5c344659c23dfa8\",\"admin\",\"club\",\"club_dev\",\"{\\\"plan\\\":\\\"update_admin_club_user\\\",\\\"tables\\\":[{\\\"code\\\":\\\"update_admin_club_user\\\",\\\"unique\\\":[\\\"81\\\"]}],\\\"createTime\\\":\\\"2023-11-11 21:30:31\\\",\\\"src\\\":\\\"admin\\\",\\\"msgId\\\":\\\"bdf4b0a2e50041b9b104d0811ca527d9\\\"}\",\"2023-11-11 21:30:32\",0,\"wait\",\"更新用户回调\"]],\"影响行数\":[0,1]}', '2023-11-11 21:30:31', '2023-11-11 21:30:33', 'success', '', 1, NULL, b'1');
INSERT INTO `sync_result` VALUES ('4f45c4865a134da0b27da8df035be31d', '0bde11510a5d4c8b87b8c1ff0ffed307', 'update_admin_club_user', '更新系统用户', 'active_mq', 'ID:DESKTOP-JEORO4F-57318-1699710101300-6:5:1:1:2', 'e9c367a7d8494489b8df96080028465c', '{\"plan\":\"update_admin_club_user\",\"tables\":[{\"code\":\"update_admin_club_user\",\"unique\":[\"81\"]}],\"createTime\":\"2023-11-11 21:42:45\",\"src\":\"admin\",\"msgId\":\"e9c367a7d8494489b8df96080028465c\"}', 'admin', 'club', '{\"update club_user set user_id = ?, username = ?, real_name = ?, password = ?, dept_code = ?, user_status = ?, create_time = ?, update_time = ?, sync_time = ? where user_id = ?;\":[[81,\"teacher\",\"章老师\",\"8d969eef6ecad3c29a3a629280e686cf0c3f5d5a86aff3ca12020c923adc6c92\",\"jyb\",1,\"2023-09-15 22:19:29\",\"2023-11-11 21:42:45\",\"2023-11-11 21:42:45\",81]],\"insert into pub_callback(uuid,msg_id,sync_uuid,src_project,dest_project,db_name,msg_content,create_time,repeat_count,status,remark) values (?,?,?,?,?,?,?,?,?,?,?);\":[[\"78dc067348b24817aed8bcbb36d1f12b\",\"e9c367a7d8494489b8df96080028465c\",\"4f45c4865a134da0b27da8df035be31d\",\"admin\",\"club\",\"club_dev\",\"{\\\"plan\\\":\\\"update_admin_club_user\\\",\\\"tables\\\":[{\\\"code\\\":\\\"update_admin_club_user\\\",\\\"unique\\\":[\\\"81\\\"]}],\\\"createTime\\\":\\\"2023-11-11 21:42:45\\\",\\\"src\\\":\\\"admin\\\",\\\"msgId\\\":\\\"e9c367a7d8494489b8df96080028465c\\\"}\",\"2023-11-11 21:42:45\",0,\"wait\",\"更新用户回调\"]],\"影响行数\":[0,1]}', '2023-11-11 21:42:45', '2023-11-11 21:42:46', 'success', '', 1, NULL, b'1');
INSERT INTO `sync_result` VALUES ('501fd00df7bb4b74a63a04d9148dd35a', '0bde11510a5d4c8b87b8c1ff0ffed307', 'update_admin_club_user', '更新系统用户', 'active_mq', 'ID:DESKTOP-JEORO4F-60825-1699790987182-6:9:1:1:1', '7ff9a7d2a8c64cd1a3bcfbb7e0236dd1', '{\"plan\":\"update_admin_club_user\",\"tables\":[{\"code\":\"update_admin_club_user\",\"unique\":[\"81\"]}],\"createTime\":\"2023-11-12 20:10:16\",\"src\":\"admin\",\"msgId\":\"7ff9a7d2a8c64cd1a3bcfbb7e0236dd1\"}', 'admin', 'club', '{\"update club_user set user_id = ?, username = ?, real_name = ?, password = ?, dept_code = ?, user_status = ?, create_time = ?, update_time = ?, sync_time = ? where user_id = ?;\":[[81,\"teacher\",\"章老师\",\"8d969eef6ecad3c29a3a629280e686cf0c3f5d5a86aff3ca12020c923adc6c92\",\"jyb\",1,\"2023-09-15 22:19:29\",\"2023-11-12 20:10:17\",\"2023-11-12 20:10:17\",81]],\"insert into pub_callback(uuid,msg_id,sync_uuid,src_project,dest_project,db_name,msg_content,create_time,repeat_count,status,remark) values (?,?,?,?,?,?,?,?,?,?,?);\":[[\"aa080a56a91343e68849888aec5afcf4\",\"7ff9a7d2a8c64cd1a3bcfbb7e0236dd1\",\"501fd00df7bb4b74a63a04d9148dd35a\",\"admin\",\"club\",\"club_dev\",\"{\\\"plan\\\":\\\"update_admin_club_user\\\",\\\"tables\\\":[{\\\"code\\\":\\\"update_admin_club_user\\\",\\\"unique\\\":[\\\"81\\\"]}],\\\"createTime\\\":\\\"2023-11-12 20:10:16\\\",\\\"src\\\":\\\"admin\\\",\\\"msgId\\\":\\\"7ff9a7d2a8c64cd1a3bcfbb7e0236dd1\\\"}\",\"2023-11-12 20:10:17\",0,\"wait\",\"更新用户回调\"]],\"影响行数\":[1,1]}', '2023-11-12 20:10:16', '2023-11-12 20:10:17', 'success', '', 1, NULL, b'1');
INSERT INTO `sync_result` VALUES ('50710bcf84c449a48a02d07e8ed8fabf', '0bde11510a5d4c8b87b8c1ff0ffed307', 'update_admin_club_user', '更新系统用户', 'active_mq', 'ID:DESKTOP-JEORO4F-58861-1715950805196-6:2:1:1:1', '98bbb06eff22405081eadb1e61d28f67', '{\"plan\":\"update_admin_club_user\",\"tables\":[{\"code\":\"update_admin_club_user\",\"unique\":[\"82\"]}],\"createTime\":\"2024-05-17 21:00:40\",\"src\":\"admin\",\"msgId\":\"98bbb06eff22405081eadb1e61d28f67\"}', 'admin', 'club', NULL, '2024-05-17 21:00:40', '2024-05-17 21:01:17', 'fail', '未知异常,tableCode:update_admin_club_user,msg:null,目标库:null,error:org.springframework.jdbc.BadSqlGrammarException: PreparedStatementCallback; bad SQL grammar [update club_user set user_id = ?, username = ?, real_name = ?, password = ?, dept_code = ?, user_status = ?, create_time = ?, update_time = ?, sync_time = ? where user_id = ?;]; nested exception is java.sql.BatchUpdateException: Unknown column \'real_name\' in \'field list\'', 8, NULL, b'1');
INSERT INTO `sync_result` VALUES ('54018e90e1e7408a9ebca63287b65d95', NULL, NULL, NULL, 'active_mq', 'ID:DESKTOP-JEORO4F-57318-1699710101300-6:3:1:1:1', 'a1fa35b3a4f84e469b739db9825170bc', '{\"plan\":\"update_admin_club_user\",\"tables\":[{\"code\":\"update_admin_club_user\",\"unique\":[\"81\"]}],\"createTime\":\"2023-11-11 21:42:00\",\"src\":\"admin\",\"msgId\":\"a1fa35b3a4f84e469b739db9825170bc\"}', NULL, NULL, NULL, '2023-11-11 21:42:00', '2023-11-11 21:42:01', 'success', '同步计划不存在,{\"plan\":\"update_admin_club_user\",\"tables\":[{\"code\":\"update_admin_club_user\",\"unique\":[\"81\"]}],\"createTime\":\"2023-11-11 21:42:00\",\"src\":\"admin\",\"msgId\":\"a1fa35b3a4f84e469b739db9825170bc\"}', 1, '系统标记成功', b'1');
INSERT INTO `sync_result` VALUES ('5424e72e9bd84413bd60d627db427106', '0bde11510a5d4c8b87b8c1ff0ffed307', 'update_admin_club_user', '更新系统用户', 'active_mq', 'ID:DESKTOP-JEORO4F-57318-1699710101300-6:10:1:1:1', '778032cddbdb43dba8a3c34e9a00dc03', '{\"plan\":\"update_admin_club_user\",\"tables\":[{\"code\":\"update_admin_club_user\",\"unique\":[\"81\"]}],\"createTime\":\"2023-11-11 21:42:42\",\"src\":\"admin\",\"msgId\":\"778032cddbdb43dba8a3c34e9a00dc03\"}', 'admin', 'club', '{\"update club_user set user_id = ?, username = ?, real_name = ?, password = ?, dept_code = ?, user_status = ?, create_time = ?, update_time = ?, sync_time = ? where user_id = ?;\":[[81,\"teacher\",\"章老师\",\"8d969eef6ecad3c29a3a629280e686cf0c3f5d5a86aff3ca12020c923adc6c92\",\"jyb\",1,\"2023-09-15 22:19:29\",\"2023-11-11 21:42:42\",\"2023-11-11 21:42:42\",81]],\"insert into pub_callback(uuid,msg_id,sync_uuid,src_project,dest_project,db_name,msg_content,create_time,repeat_count,status,remark) values (?,?,?,?,?,?,?,?,?,?,?);\":[[\"e78fc14d12bc4c1e822ccd60add719f9\",\"778032cddbdb43dba8a3c34e9a00dc03\",\"5424e72e9bd84413bd60d627db427106\",\"admin\",\"club\",\"club_dev\",\"{\\\"plan\\\":\\\"update_admin_club_user\\\",\\\"tables\\\":[{\\\"code\\\":\\\"update_admin_club_user\\\",\\\"unique\\\":[\\\"81\\\"]}],\\\"createTime\\\":\\\"2023-11-11 21:42:42\\\",\\\"src\\\":\\\"admin\\\",\\\"msgId\\\":\\\"778032cddbdb43dba8a3c34e9a00dc03\\\"}\",\"2023-11-11 21:42:42\",0,\"wait\",\"更新用户回调\"]],\"影响行数\":[0,1]}', '2023-11-11 21:42:42', '2023-11-11 21:42:43', 'success', '', 1, NULL, b'1');
INSERT INTO `sync_result` VALUES ('5452270480e348ab98ef94f3e312071c', '0bde11510a5d4c8b87b8c1ff0ffed307', 'update_admin_club_user', '更新系统用户', 'active_mq', 'ID:DESKTOP-JEORO4F-57004-1699709655617-6:3:1:1:1', '54fca1f539294245bed49c2abc3d58ed', '{\"plan\":\"update_admin_club_user\",\"tables\":[{\"code\":\"update_admin_club_user\",\"unique\":[\"61\"]}],\"createTime\":\"2023-11-11 21:34:37\",\"src\":\"admin\",\"msgId\":\"54fca1f539294245bed49c2abc3d58ed\"}', 'admin', 'club', '{\"update club_user set user_id = ?, username = ?, real_name = ?, password = ?, dept_code = ?, user_status = ?, create_time = ?, update_time = ?, sync_time = ? where user_id = ?;\":[[61,\"admin\",\"管理员\",\"8d969eef6ecad3c29a3a629280e686cf0c3f5d5a86aff3ca12020c923adc6c92\",\"yfb\",1,\"2022-05-01 23:27:25\",\"2023-11-11 21:34:37\",\"2023-11-11 21:34:37\",61]],\"insert into pub_callback(uuid,msg_id,sync_uuid,src_project,dest_project,db_name,msg_content,create_time,repeat_count,status,remark) values (?,?,?,?,?,?,?,?,?,?,?);\":[[\"08093e2bd49843b9a34fd1faa9140135\",\"54fca1f539294245bed49c2abc3d58ed\",\"5452270480e348ab98ef94f3e312071c\",\"admin\",\"club\",\"club_dev\",\"{\\\"plan\\\":\\\"update_admin_club_user\\\",\\\"tables\\\":[{\\\"code\\\":\\\"update_admin_club_user\\\",\\\"unique\\\":[\\\"61\\\"]}],\\\"createTime\\\":\\\"2023-11-11 21:34:37\\\",\\\"src\\\":\\\"admin\\\",\\\"msgId\\\":\\\"54fca1f539294245bed49c2abc3d58ed\\\"}\",\"2023-11-11 21:34:37\",0,\"wait\",\"更新用户回调\"]],\"影响行数\":[1,1]}', '2023-11-11 21:34:37', '2023-11-11 21:34:38', 'success', '', 1, NULL, b'1');
INSERT INTO `sync_result` VALUES ('54921b08c5544fbf9cd87b75302cb6db', NULL, NULL, NULL, 'active_mq', 'ID:DESKTOP-JEORO4F-51586-1700289289753-1:1:1:1:1', 'cda0faf78156460fbf76b9c0e26c0cc8', '{\"plan\":\"update_club_admin_user\",\"tables\":[{\"code\":\"update_club_admin_user\",\"unique\":[\"1\"]}],\"createTime\":\"2023-11-18 14:34:48\",\"src\":\"club\",\"msgId\":\"cda0faf78156460fbf76b9c0e26c0cc8\"}', NULL, NULL, NULL, '2023-11-18 14:34:48', '2023-11-18 14:35:04', 'fail', '同步计划不存在,{\"plan\":\"update_club_admin_user\",\"tables\":[{\"code\":\"update_club_admin_user\",\"unique\":[\"1\"]}],\"createTime\":\"2023-11-18 14:34:48\",\"src\":\"club\",\"msgId\":\"cda0faf78156460fbf76b9c0e26c0cc8\"}', 4, NULL, b'1');
INSERT INTO `sync_result` VALUES ('56548c8f3d164f65bc356243369fc71a', '0bde11510a5d4c8b87b8c1ff0ffed307', 'update_admin_club_user', '更新系统用户', 'active_mq', 'ID:DESKTOP-JEORO4F-58861-1715950805196-6:2:1:1:1', '98bbb06eff22405081eadb1e61d28f67', '{\"plan\":\"update_admin_club_user\",\"tables\":[{\"code\":\"update_admin_club_user\",\"unique\":[\"82\"]}],\"createTime\":\"2024-05-17 21:00:40\",\"src\":\"admin\",\"msgId\":\"98bbb06eff22405081eadb1e61d28f67\"}', 'admin', 'club', NULL, '2024-05-17 21:00:40', '2024-05-17 21:01:07', 'fail', '未知异常,tableCode:update_admin_club_user,msg:null,目标库:null,error:org.springframework.jdbc.BadSqlGrammarException: PreparedStatementCallback; bad SQL grammar [update club_user set user_id = ?, username = ?, real_name = ?, password = ?, dept_code = ?, user_status = ?, create_time = ?, update_time = ?, sync_time = ? where user_id = ?;]; nested exception is java.sql.BatchUpdateException: Unknown column \'real_name\' in \'field list\'', 6, NULL, b'1');
INSERT INTO `sync_result` VALUES ('56fe00eff7a84dd995ffe0613fa76e51', '0bde11510a5d4c8b87b8c1ff0ffed307', 'update_admin_club_user', '更新系统用户', 'active_mq', 'ID:DESKTOP-JEORO4F-60825-1699790987182-6:7:1:1:1', '5adb6015fd7e48a3b250435fc54de075', '{\"plan\":\"update_admin_club_user\",\"tables\":[{\"code\":\"update_admin_club_user\",\"unique\":[\"61\"]}],\"createTime\":\"2023-11-12 20:10:13\",\"src\":\"admin\",\"msgId\":\"5adb6015fd7e48a3b250435fc54de075\"}', 'admin', 'club', '{\"update club_user set user_id = ?, username = ?, real_name = ?, password = ?, dept_code = ?, user_status = ?, create_time = ?, update_time = ?, sync_time = ? where user_id = ?;\":[[61,\"admin\",\"管理员\",\"8d969eef6ecad3c29a3a629280e686cf0c3f5d5a86aff3ca12020c923adc6c92\",\"yfb\",1,\"2022-05-01 23:27:25\",\"2023-11-12 20:10:14\",\"2023-11-12 20:10:14\",61]],\"insert into pub_callback(uuid,msg_id,sync_uuid,src_project,dest_project,db_name,msg_content,create_time,repeat_count,status,remark) values (?,?,?,?,?,?,?,?,?,?,?);\":[[\"7b39a7371ed142e6ab6230ce8a555a73\",\"5adb6015fd7e48a3b250435fc54de075\",\"56fe00eff7a84dd995ffe0613fa76e51\",\"admin\",\"club\",\"club_dev\",\"{\\\"plan\\\":\\\"update_admin_club_user\\\",\\\"tables\\\":[{\\\"code\\\":\\\"update_admin_club_user\\\",\\\"unique\\\":[\\\"61\\\"]}],\\\"createTime\\\":\\\"2023-11-12 20:10:13\\\",\\\"src\\\":\\\"admin\\\",\\\"msgId\\\":\\\"5adb6015fd7e48a3b250435fc54de075\\\"}\",\"2023-11-12 20:10:14\",0,\"wait\",\"更新用户回调\"]],\"影响行数\":[1,1]}', '2023-11-12 20:10:13', '2023-11-12 20:10:14', 'success', '', 1, NULL, b'1');
INSERT INTO `sync_result` VALUES ('5834082733384c02a42f761e3b49963e', '0bde11510a5d4c8b87b8c1ff0ffed307', 'update_admin_club_user', '更新系统用户', 'active_mq', 'ID:DESKTOP-JEORO4F-50727-1700287883870-6:2:1:1:1', '45d4305654284ea1b8bf55514b6afe67', '{\"plan\":\"update_admin_club_user\",\"tables\":[{\"code\":\"update_admin_club_user\",\"unique\":[\"82\"]}],\"createTime\":\"2023-11-18 14:17:02\",\"src\":\"admin\",\"msgId\":\"45d4305654284ea1b8bf55514b6afe67\"}', 'admin', 'club', '{\"update club_user set user_id = ?, username = ?, real_name = ?, password = ?, dept_code = ?, user_status = ?, create_time = ?, update_time = ?, sync_time = ? where user_id = ?;\":[[82,\"student\",\"学生\",\"8d969eef6ecad3c29a3a629280e686cf0c3f5d5a86aff3ca12020c923adc6c92\",\"csb\",1,\"2023-09-15 22:21:33\",\"2023-11-18 14:17:02\",\"2023-11-18 14:17:03\",82]],\"insert into pub_callback(uuid,msg_id,sync_uuid,src_project,dest_project,db_name,msg_content,create_time,repeat_count,status,remark) values (?,?,?,?,?,?,?,?,?,?,?);\":[[\"1c8cec6e3fcc42779c898de3a4842ddc\",\"45d4305654284ea1b8bf55514b6afe67\",\"5834082733384c02a42f761e3b49963e\",\"admin\",\"club\",\"club_dev\",\"{\\\"plan\\\":\\\"update_admin_club_user\\\",\\\"tables\\\":[{\\\"code\\\":\\\"update_admin_club_user\\\",\\\"unique\\\":[\\\"82\\\"]}],\\\"createTime\\\":\\\"2023-11-18 14:17:02\\\",\\\"src\\\":\\\"admin\\\",\\\"msgId\\\":\\\"45d4305654284ea1b8bf55514b6afe67\\\"}\",\"2023-11-18 14:17:03\",0,\"wait\",\"更新用户回调\"]],\"影响行数\":[1,1]}', '2023-11-18 14:17:02', '2023-11-18 14:17:04', 'success', '', 1, NULL, b'1');
INSERT INTO `sync_result` VALUES ('5a0c681f944b434683d95e339add1022', NULL, NULL, NULL, 'active_mq', 'ID:DESKTOP-JEORO4F-51586-1700289289753-1:1:1:1:1', 'cda0faf78156460fbf76b9c0e26c0cc8', '{\"plan\":\"update_club_admin_user\",\"tables\":[{\"code\":\"update_club_admin_user\",\"unique\":[\"1\"]}],\"createTime\":\"2023-11-18 14:34:48\",\"src\":\"club\",\"msgId\":\"cda0faf78156460fbf76b9c0e26c0cc8\"}', NULL, NULL, NULL, '2023-11-18 14:34:48', '2023-11-18 14:35:25', 'fail', '同步计划不存在,{\"plan\":\"update_club_admin_user\",\"tables\":[{\"code\":\"update_club_admin_user\",\"unique\":[\"1\"]}],\"createTime\":\"2023-11-18 14:34:48\",\"src\":\"club\",\"msgId\":\"cda0faf78156460fbf76b9c0e26c0cc8\"}', 8, NULL, b'1');
INSERT INTO `sync_result` VALUES ('5d01bb858bdd4d6db681056ad0870369', '0bde11510a5d4c8b87b8c1ff0ffed307', 'update_admin_club_user', '更新系统用户', 'handle', 'ID:DESKTOP-JEORO4F-55889-1699708425969-6:7:1:1:1', '3a4263aae7e940479188f7409cddd85a', '{\"plan\":\"update_admin_club_user\",\"tables\":[{\"code\":\"update_admin_club_user\",\"unique\":[\"61\"]}],\"createTime\":\"2023-11-11 21:16:10\",\"src\":\"admin\",\"msgId\":\"3a4263aae7e940479188f7409cddd85a\"}', 'admin', 'club', NULL, '2023-11-11 21:16:10', '2023-11-11 21:18:08', 'success', '未知异常,tableCode:pub_callback,msg:{\"plan\":\"update_admin_club_user\",\"tables\":[{\"code\":\"update_admin_club_user\",\"unique\":[\"61\"]}],\"createTime\":\"2023-11-11 21:16:10\",\"src\":\"admin\",\"msgId\":\"3a4263aae7e940479188f7409cddd85a\"},目标库:club:club_dev,error:org.springframework.jdbc.BadSqlGrammarException: PreparedStatementCallback; bad SQL grammar [insert into pub_callback(uuid,msg_id,sync_uuid,src_project,dest_project,db_name,msg_content,create_time,repeat_count,status,remark) values (?,?,?,?,?,?,?,?,?,?,?);]; nested exception is java.sql.BatchUpdateException: Unknown column \'msg_id\' in \'field list\'', 9, '系统标记成功', b'1');
INSERT INTO `sync_result` VALUES ('63b7e1aa3b5841ebb239c9d3d9eca2c6', '0bde11510a5d4c8b87b8c1ff0ffed307', 'update_admin_club_user', '更新系统用户', 'active_mq', 'ID:DESKTOP-JEORO4F-56686-1699709372467-6:7:1:1:1', '800ffbda7ee54dbc8e06941c5529cda9', '{\"plan\":\"update_admin_club_user\",\"tables\":[{\"code\":\"update_admin_club_user\",\"unique\":[\"61\"]}],\"createTime\":\"2023-11-11 21:30:26\",\"src\":\"admin\",\"msgId\":\"800ffbda7ee54dbc8e06941c5529cda9\"}', 'admin', 'club', '{\"update club_user set user_id = ?, username = ?, real_name = ?, password = ?, dept_code = ?, user_status = ?, create_time = ?, update_time = ?, sync_time = ? where user_id = ?;\":[[61,\"admin\",\"管理员\",\"8d969eef6ecad3c29a3a629280e686cf0c3f5d5a86aff3ca12020c923adc6c92\",\"yfb\",1,\"2022-05-01 23:27:25\",\"2023-11-11 21:30:26\",\"2023-11-11 21:30:26\",61]],\"insert into pub_callback(uuid,msg_id,sync_uuid,src_project,dest_project,db_name,msg_content,create_time,repeat_count,status,remark) values (?,?,?,?,?,?,?,?,?,?,?);\":[[\"b96df2025fb9425c9c4dc7ad441b78ae\",\"800ffbda7ee54dbc8e06941c5529cda9\",\"63b7e1aa3b5841ebb239c9d3d9eca2c6\",\"admin\",\"club\",\"club_dev\",\"{\\\"plan\\\":\\\"update_admin_club_user\\\",\\\"tables\\\":[{\\\"code\\\":\\\"update_admin_club_user\\\",\\\"unique\\\":[\\\"61\\\"]}],\\\"createTime\\\":\\\"2023-11-11 21:30:26\\\",\\\"src\\\":\\\"admin\\\",\\\"msgId\\\":\\\"800ffbda7ee54dbc8e06941c5529cda9\\\"}\",\"2023-11-11 21:30:26\",0,\"wait\",\"更新用户回调\"]],\"影响行数\":[1,1]}', '2023-11-11 21:30:26', '2023-11-11 21:30:26', 'success', '', 1, NULL, b'1');
INSERT INTO `sync_result` VALUES ('678eed4bff8c42439d8729cfcaa82ca9', '0bde11510a5d4c8b87b8c1ff0ffed307', 'update_admin_club_user', '更新系统用户', 'active_mq', 'ID:DESKTOP-JEORO4F-57611-1699710448054-6:10:1:1:1', '62aac8037c2446e589ebc8bc8c5954dc', '{\"plan\":\"update_admin_club_user\",\"tables\":[{\"code\":\"update_admin_club_user\",\"unique\":[\"82\"]}],\"createTime\":\"2023-11-11 21:53:08\",\"src\":\"admin\",\"msgId\":\"62aac8037c2446e589ebc8bc8c5954dc\"}', 'admin', 'club', '{\"update club_user set user_id = ?, username = ?, real_name = ?, password = ?, dept_code = ?, user_status = ?, create_time = ?, update_time = ?, sync_time = ? where user_id = ?;\":[[82,\"student\",\"学生\",\"8d969eef6ecad3c29a3a629280e686cf0c3f5d5a86aff3ca12020c923adc6c92\",\"csb\",1,\"2023-09-15 22:21:33\",\"2023-11-11 21:53:08\",\"2023-11-11 21:53:08\",82]],\"insert into pub_callback(uuid,msg_id,sync_uuid,src_project,dest_project,db_name,msg_content,create_time,repeat_count,status,remark) values (?,?,?,?,?,?,?,?,?,?,?);\":[[\"8feb2e69320a407fbc04cccab654d79c\",\"62aac8037c2446e589ebc8bc8c5954dc\",\"678eed4bff8c42439d8729cfcaa82ca9\",\"admin\",\"club\",\"club_dev\",\"{\\\"plan\\\":\\\"update_admin_club_user\\\",\\\"tables\\\":[{\\\"code\\\":\\\"update_admin_club_user\\\",\\\"unique\\\":[\\\"82\\\"]}],\\\"createTime\\\":\\\"2023-11-11 21:53:08\\\",\\\"src\\\":\\\"admin\\\",\\\"msgId\\\":\\\"62aac8037c2446e589ebc8bc8c5954dc\\\"}\",\"2023-11-11 21:53:08\",0,\"wait\",\"更新用户回调\"]],\"影响行数\":[1,1]}', '2023-11-11 21:53:08', '2023-11-11 21:53:09', 'success', '', 1, NULL, b'1');
INSERT INTO `sync_result` VALUES ('6c7a3723f6a04e61aea3b8db908eceb6', NULL, NULL, NULL, 'active_mq', 'ID:DESKTOP-JEORO4F-57318-1699710101300-6:2:1:1:1', 'aee65b9e14f9428d93f71f7f166e9abf', '{\"plan\":\"update_admin_club_user\",\"tables\":[{\"code\":\"update_admin_club_user\",\"unique\":[\"82\"]}],\"createTime\":\"2023-11-11 21:41:58\",\"src\":\"admin\",\"msgId\":\"aee65b9e14f9428d93f71f7f166e9abf\"}', NULL, NULL, NULL, '2023-11-11 21:41:58', '2023-11-11 21:42:04', 'success', '同步计划不存在,{\"plan\":\"update_admin_club_user\",\"tables\":[{\"code\":\"update_admin_club_user\",\"unique\":[\"82\"]}],\"createTime\":\"2023-11-11 21:41:58\",\"src\":\"admin\",\"msgId\":\"aee65b9e14f9428d93f71f7f166e9abf\"}', 2, '系统标记成功', b'1');
INSERT INTO `sync_result` VALUES ('6ddbad93a22d4e5bbd21f99dfbd3a57e', '0bde11510a5d4c8b87b8c1ff0ffed307', 'update_admin_club_user', '更新系统用户', 'active_mq', 'ID:DESKTOP-JEORO4F-58423-1699788552975-6:5:1:1:1', '1176a8f74c6442da87a578899b212981', '{\"plan\":\"update_admin_club_user\",\"tables\":[{\"code\":\"update_admin_club_user\",\"unique\":[\"82\"]}],\"createTime\":\"2023-11-12 19:30:36\",\"src\":\"admin\",\"msgId\":\"1176a8f74c6442da87a578899b212981\"}', 'admin', 'club', '{\"update club_user set user_id = ?, username = ?, real_name = ?, password = ?, dept_code = ?, user_status = ?, create_time = ?, update_time = ?, sync_time = ? where user_id = ?;\":[[82,\"student\",\"学生\",\"8d969eef6ecad3c29a3a629280e686cf0c3f5d5a86aff3ca12020c923adc6c92\",\"csb\",1,\"2023-09-15 22:21:33\",\"2023-11-12 19:30:36\",\"2023-11-12 19:30:37\",82]],\"insert into pub_callback(uuid,msg_id,sync_uuid,src_project,dest_project,db_name,msg_content,create_time,repeat_count,status,remark) values (?,?,?,?,?,?,?,?,?,?,?);\":[[\"cd8dd77193ad4ae784a1d3fcf535338f\",\"1176a8f74c6442da87a578899b212981\",\"6ddbad93a22d4e5bbd21f99dfbd3a57e\",\"admin\",\"club\",\"club_dev\",\"{\\\"plan\\\":\\\"update_admin_club_user\\\",\\\"tables\\\":[{\\\"code\\\":\\\"update_admin_club_user\\\",\\\"unique\\\":[\\\"82\\\"]}],\\\"createTime\\\":\\\"2023-11-12 19:30:36\\\",\\\"src\\\":\\\"admin\\\",\\\"msgId\\\":\\\"1176a8f74c6442da87a578899b212981\\\"}\",\"2023-11-12 19:30:37\",0,\"wait\",\"更新用户回调\"]],\"影响行数\":[1,1]}', '2023-11-12 19:30:36', '2023-11-12 19:30:37', 'success', '', 1, NULL, b'1');
INSERT INTO `sync_result` VALUES ('6f07d040bba84b28bd3f6910a3102852', '0bde11510a5d4c8b87b8c1ff0ffed307', 'update_admin_club_user', '更新系统用户', 'active_mq', 'ID:DESKTOP-JEORO4F-55889-1699708425969-6:7:1:1:1', '3a4263aae7e940479188f7409cddd85a', '{\"plan\":\"update_admin_club_user\",\"tables\":[{\"code\":\"update_admin_club_user\",\"unique\":[\"61\"]}],\"createTime\":\"2023-11-11 21:16:10\",\"src\":\"admin\",\"msgId\":\"3a4263aae7e940479188f7409cddd85a\"}', 'admin', 'club', NULL, '2023-11-11 21:16:10', '2023-11-11 21:16:37', 'success', '未知异常,tableCode:pub_callback,msg:{\"plan\":\"update_admin_club_user\",\"tables\":[{\"code\":\"update_admin_club_user\",\"unique\":[\"61\"]}],\"createTime\":\"2023-11-11 21:16:10\",\"src\":\"admin\",\"msgId\":\"3a4263aae7e940479188f7409cddd85a\"},目标库:club:club_dev,error:org.springframework.jdbc.BadSqlGrammarException: PreparedStatementCallback; bad SQL grammar [insert into pub_callback(uuid,msg_id,sync_uuid,src_project,dest_project,db_name,msg_content,create_time,repeat_count,status,remark) values (?,?,?,?,?,?,?,?,?,?,?);]; nested exception is java.sql.BatchUpdateException: Unknown column \'msg_id\' in \'field list\'', 6, '系统标记成功', b'1');
INSERT INTO `sync_result` VALUES ('6fd1b57aebfb4b3d9778cee92a095895', '0bde11510a5d4c8b87b8c1ff0ffed307', 'update_admin_club_user', '更新系统用户', 'active_mq', 'ID:DESKTOP-JEORO4F-55424-1699708040110-6:2:1:1:1', '1fa29c291dce483da167720649eccd89', '{\"plan\":\"update_admin_club_user\",\"tables\":[{\"code\":\"update_admin_club_user\",\"unique\":[\"1\"]}],\"createTime\":\"2023-11-11 21:07:33\",\"src\":\"admin\",\"msgId\":\"1fa29c291dce483da167720649eccd89\"}', 'admin', 'club', NULL, '2023-11-11 21:07:33', '2023-11-11 21:08:10', 'fail', 'update_admin_club_user中源表数据不存在', 8, NULL, b'1');
INSERT INTO `sync_result` VALUES ('713d2cca99f440f9855bd07a0ea72599', '0bde11510a5d4c8b87b8c1ff0ffed307', 'update_admin_club_user', '更新系统用户', 'active_mq', 'ID:DESKTOP-JEORO4F-55889-1699708425969-6:7:1:1:1', '3a4263aae7e940479188f7409cddd85a', '{\"plan\":\"update_admin_club_user\",\"tables\":[{\"code\":\"update_admin_club_user\",\"unique\":[\"61\"]}],\"createTime\":\"2023-11-11 21:16:10\",\"src\":\"admin\",\"msgId\":\"3a4263aae7e940479188f7409cddd85a\"}', 'admin', 'club', NULL, '2023-11-11 21:16:10', '2023-11-11 21:16:48', 'success', '未知异常,tableCode:pub_callback,msg:{\"plan\":\"update_admin_club_user\",\"tables\":[{\"code\":\"update_admin_club_user\",\"unique\":[\"61\"]}],\"createTime\":\"2023-11-11 21:16:10\",\"src\":\"admin\",\"msgId\":\"3a4263aae7e940479188f7409cddd85a\"},目标库:club:club_dev,error:org.springframework.jdbc.BadSqlGrammarException: PreparedStatementCallback; bad SQL grammar [insert into pub_callback(uuid,msg_id,sync_uuid,src_project,dest_project,db_name,msg_content,create_time,repeat_count,status,remark) values (?,?,?,?,?,?,?,?,?,?,?);]; nested exception is java.sql.BatchUpdateException: Unknown column \'msg_id\' in \'field list\'', 8, '系统标记成功', b'1');
INSERT INTO `sync_result` VALUES ('736c69122942430880b57973b1320393', '0bde11510a5d4c8b87b8c1ff0ffed307', 'update_admin_club_user', '更新系统用户', 'active_mq', 'ID:DESKTOP-JEORO4F-57611-1699710448054-6:12:1:1:1', 'c8efe38fcef44dccbdf32ef465b9d102', '{\"plan\":\"update_admin_club_user\",\"tables\":[{\"code\":\"update_admin_club_user\",\"unique\":[\"61\"]}],\"createTime\":\"2023-11-11 21:53:11\",\"src\":\"admin\",\"msgId\":\"c8efe38fcef44dccbdf32ef465b9d102\"}', 'admin', 'club', '{\"update club_user set user_id = ?, username = ?, real_name = ?, password = ?, dept_code = ?, user_status = ?, create_time = ?, update_time = ?, sync_time = ? where user_id = ?;\":[[61,\"admin\",\"管理员\",\"8d969eef6ecad3c29a3a629280e686cf0c3f5d5a86aff3ca12020c923adc6c92\",\"yfb\",1,\"2022-05-01 23:27:25\",\"2023-11-11 21:53:12\",\"2023-11-11 21:53:11\",61]],\"insert into pub_callback(uuid,msg_id,sync_uuid,src_project,dest_project,db_name,msg_content,create_time,repeat_count,status,remark) values (?,?,?,?,?,?,?,?,?,?,?);\":[[\"246d3239f85d45d2bc7dd169f6c90cce\",\"c8efe38fcef44dccbdf32ef465b9d102\",\"736c69122942430880b57973b1320393\",\"admin\",\"club\",\"club_dev\",\"{\\\"plan\\\":\\\"update_admin_club_user\\\",\\\"tables\\\":[{\\\"code\\\":\\\"update_admin_club_user\\\",\\\"unique\\\":[\\\"61\\\"]}],\\\"createTime\\\":\\\"2023-11-11 21:53:11\\\",\\\"src\\\":\\\"admin\\\",\\\"msgId\\\":\\\"c8efe38fcef44dccbdf32ef465b9d102\\\"}\",\"2023-11-11 21:53:11\",0,\"wait\",\"更新用户回调\"]],\"影响行数\":[1,1]}', '2023-11-11 21:53:11', '2023-11-11 21:53:12', 'success', '', 1, NULL, b'1');
INSERT INTO `sync_result` VALUES ('73ccd5e89b434dbc98a0388a436e7a31', '0bde11510a5d4c8b87b8c1ff0ffed307', 'update_admin_club_user', '更新系统用户', 'handle', 'ID:DESKTOP-JEORO4F-55889-1699708425969-6:5:1:1:1', '4d83480e63274a768926c4b9d6dcfb5d', '{\"plan\":\"update_admin_club_user\",\"tables\":[{\"code\":\"update_admin_club_user\",\"unique\":[\"82\"]}],\"createTime\":\"2023-11-11 21:16:06\",\"src\":\"admin\",\"msgId\":\"4d83480e63274a768926c4b9d6dcfb5d\"}', 'admin', 'club', '{\"update club_user set user_id = ?, username = ?, real_name = ?, password = ?, dept_code = ?, user_status = ?, create_time = ?, update_time = ?, sync_time = ? where user_id = ?;\":[[82,\"student\",\"学生\",\"8d969eef6ecad3c29a3a629280e686cf0c3f5d5a86aff3ca12020c923adc6c92\",\"csb\",1,\"2023-09-15 22:21:33\",\"2023-11-11 21:16:07\",\"2023-11-11 21:19:46\",82]],\"insert into pub_callback(uuid,msg_id,sync_uuid,src_project,dest_project,db_name,msg_content,create_time,repeat_count,status,remark) values (?,?,?,?,?,?,?,?,?,?,?);\":[[\"ae071af19b4a491b97a88cb75add1735\",\"4d83480e63274a768926c4b9d6dcfb5d\",\"73ccd5e89b434dbc98a0388a436e7a31\",\"admin\",\"club\",\"club_dev\",\"{\\\"plan\\\":\\\"update_admin_club_user\\\",\\\"tables\\\":[{\\\"code\\\":\\\"update_admin_club_user\\\",\\\"unique\\\":[\\\"82\\\"]}],\\\"createTime\\\":\\\"2023-11-11 21:16:06\\\",\\\"src\\\":\\\"admin\\\",\\\"msgId\\\":\\\"4d83480e63274a768926c4b9d6dcfb5d\\\"}\",\"2023-11-11 21:19:46\",0,\"wait\",\"更新用户回调\"]],\"影响行数\":[0,1]}', '2023-11-11 21:16:06', '2023-11-11 21:19:47', 'success', '', 9, NULL, b'1');
INSERT INTO `sync_result` VALUES ('7544cacafc5942769a7841beb2859968', '0bde11510a5d4c8b87b8c1ff0ffed307', 'update_admin_club_user', '更新系统用户', 'active_mq', 'ID:DESKTOP-JEORO4F-57004-1699709655617-6:5:1:1:1', 'e70959071397464c88964a972aede299', '{\"plan\":\"update_admin_club_user\",\"tables\":[{\"code\":\"update_admin_club_user\",\"unique\":[\"81\"]}],\"createTime\":\"2023-11-11 21:34:40\",\"src\":\"admin\",\"msgId\":\"e70959071397464c88964a972aede299\"}', 'admin', 'club', '{\"update club_user set user_id = ?, username = ?, real_name = ?, password = ?, dept_code = ?, user_status = ?, create_time = ?, update_time = ?, sync_time = ? where user_id = ?;\":[[81,\"teacher\",\"章老师\",\"8d969eef6ecad3c29a3a629280e686cf0c3f5d5a86aff3ca12020c923adc6c92\",\"jyb\",1,\"2023-09-15 22:19:29\",\"2023-11-11 21:34:41\",\"2023-11-11 21:34:41\",81]],\"insert into pub_callback(uuid,msg_id,sync_uuid,src_project,dest_project,db_name,msg_content,create_time,repeat_count,status,remark) values (?,?,?,?,?,?,?,?,?,?,?);\":[[\"35e9b7a39fc2421eaa4a0e238781e16d\",\"e70959071397464c88964a972aede299\",\"7544cacafc5942769a7841beb2859968\",\"admin\",\"club\",\"club_dev\",\"{\\\"plan\\\":\\\"update_admin_club_user\\\",\\\"tables\\\":[{\\\"code\\\":\\\"update_admin_club_user\\\",\\\"unique\\\":[\\\"81\\\"]}],\\\"createTime\\\":\\\"2023-11-11 21:34:40\\\",\\\"src\\\":\\\"admin\\\",\\\"msgId\\\":\\\"e70959071397464c88964a972aede299\\\"}\",\"2023-11-11 21:34:41\",0,\"wait\",\"更新用户回调\"]],\"影响行数\":[0,1]}', '2023-11-11 21:34:40', '2023-11-11 21:34:42', 'success', '', 1, NULL, b'1');
INSERT INTO `sync_result` VALUES ('76646c2b520f463a9adb940d35db29b4', '0bde11510a5d4c8b87b8c1ff0ffed307', 'update_admin_club_user', '更新系统用户', 'active_mq', 'ID:DESKTOP-JEORO4F-55889-1699708425969-6:6:1:1:1', '63abe6bfc20345e9ad038bfba6d64a98', '{\"plan\":\"update_admin_club_user\",\"tables\":[{\"code\":\"update_admin_club_user\",\"unique\":[\"81\"]}],\"createTime\":\"2023-11-11 21:16:08\",\"src\":\"admin\",\"msgId\":\"63abe6bfc20345e9ad038bfba6d64a98\"}', 'admin', 'club', NULL, '2023-11-11 21:16:08', '2023-11-11 21:16:45', 'fail', '未知异常,tableCode:pub_callback,msg:{\"plan\":\"update_admin_club_user\",\"tables\":[{\"code\":\"update_admin_club_user\",\"unique\":[\"81\"]}],\"createTime\":\"2023-11-11 21:16:08\",\"src\":\"admin\",\"msgId\":\"63abe6bfc20345e9ad038bfba6d64a98\"},目标库:club:club_dev,error:org.springframework.jdbc.BadSqlGrammarException: PreparedStatementCallback; bad SQL grammar [insert into pub_callback(uuid,msg_id,sync_uuid,src_project,dest_project,db_name,msg_content,create_time,repeat_count,status,remark) values (?,?,?,?,?,?,?,?,?,?,?);]; nested exception is java.sql.BatchUpdateException: Unknown column \'msg_id\' in \'field list\'', 8, NULL, b'1');
INSERT INTO `sync_result` VALUES ('771bcc356c084d01a022b1046cfb41d2', '0bde11510a5d4c8b87b8c1ff0ffed307', 'update_admin_club_user', '更新系统用户', 'handle', 'ID:DESKTOP-JEORO4F-55889-1699708425969-6:7:1:1:1', '3a4263aae7e940479188f7409cddd85a', '{\"plan\":\"update_admin_club_user\",\"tables\":[{\"code\":\"update_admin_club_user\",\"unique\":[\"61\"]}],\"createTime\":\"2023-11-11 21:16:10\",\"src\":\"admin\",\"msgId\":\"3a4263aae7e940479188f7409cddd85a\"}', 'admin', 'club', '{\"update club_user set user_id = ?, username = ?, real_name = ?, password = ?, dept_code = ?, user_status = ?, create_time = ?, update_time = ?, sync_time = ? where user_id = ?;\":[[61,\"admin\",\"管理员\",\"8d969eef6ecad3c29a3a629280e686cf0c3f5d5a86aff3ca12020c923adc6c92\",\"yfb\",1,\"2022-05-01 23:27:25\",\"2023-11-11 21:16:11\",\"2023-11-11 21:19:24\",61]],\"insert into pub_callback(uuid,msg_id,sync_uuid,src_project,dest_project,db_name,msg_content,create_time,repeat_count,status,remark) values (?,?,?,?,?,?,?,?,?,?,?);\":[[\"a23941ab3c0646819916628d096de8b9\",\"3a4263aae7e940479188f7409cddd85a\",\"771bcc356c084d01a022b1046cfb41d2\",\"admin\",\"club\",\"club_dev\",\"{\\\"plan\\\":\\\"update_admin_club_user\\\",\\\"tables\\\":[{\\\"code\\\":\\\"update_admin_club_user\\\",\\\"unique\\\":[\\\"61\\\"]}],\\\"createTime\\\":\\\"2023-11-11 21:16:10\\\",\\\"src\\\":\\\"admin\\\",\\\"msgId\\\":\\\"3a4263aae7e940479188f7409cddd85a\\\"}\",\"2023-11-11 21:19:24\",0,\"wait\",\"更新用户回调\"]],\"影响行数\":[1,1]}', '2023-11-11 21:16:10', '2023-11-11 21:19:24', 'success', '', 10, NULL, b'1');
INSERT INTO `sync_result` VALUES ('7ac6ab4c5eb648e1ac238d5414fc5227', '0bde11510a5d4c8b87b8c1ff0ffed307', 'update_admin_club_user', '更新系统用户', 'active_mq', 'ID:DESKTOP-JEORO4F-57318-1699710101300-6:5:1:1:1', '64ec2a06cadd44bb989f7e392eae8cdc', '{\"plan\":\"update_admin_club_user\",\"tables\":[{\"code\":\"update_admin_club_user\",\"unique\":[\"81\"]}],\"createTime\":\"2023-11-11 21:42:30\",\"src\":\"admin\",\"msgId\":\"64ec2a06cadd44bb989f7e392eae8cdc\"}', 'admin', 'club', '{\"update club_user set user_id = ?, username = ?, real_name = ?, password = ?, dept_code = ?, user_status = ?, create_time = ?, update_time = ?, sync_time = ? where user_id = ?;\":[[81,\"teacher\",\"章老师\",\"8d969eef6ecad3c29a3a629280e686cf0c3f5d5a86aff3ca12020c923adc6c92\",\"jyb\",1,\"2023-09-15 22:19:29\",\"2023-11-11 21:42:30\",\"2023-11-11 21:42:30\",81]],\"insert into pub_callback(uuid,msg_id,sync_uuid,src_project,dest_project,db_name,msg_content,create_time,repeat_count,status,remark) values (?,?,?,?,?,?,?,?,?,?,?);\":[[\"916260562b354e0da987b68f11f48f8a\",\"64ec2a06cadd44bb989f7e392eae8cdc\",\"7ac6ab4c5eb648e1ac238d5414fc5227\",\"admin\",\"club\",\"club_dev\",\"{\\\"plan\\\":\\\"update_admin_club_user\\\",\\\"tables\\\":[{\\\"code\\\":\\\"update_admin_club_user\\\",\\\"unique\\\":[\\\"81\\\"]}],\\\"createTime\\\":\\\"2023-11-11 21:42:30\\\",\\\"src\\\":\\\"admin\\\",\\\"msgId\\\":\\\"64ec2a06cadd44bb989f7e392eae8cdc\\\"}\",\"2023-11-11 21:42:30\",0,\"wait\",\"更新用户回调\"]],\"影响行数\":[0,1]}', '2023-11-11 21:42:30', '2023-11-11 21:42:31', 'success', '', 1, NULL, b'1');
INSERT INTO `sync_result` VALUES ('7b7bde7a625d4ab68bf7915a60cb00d6', '0bde11510a5d4c8b87b8c1ff0ffed307', 'update_admin_club_user', '更新系统用户', 'active_mq', 'ID:DESKTOP-JEORO4F-57611-1699710448054-6:5:1:1:2', 'b8ded6fb82f94b1daec34faaf63fa599', '{\"plan\":\"update_admin_club_user\",\"tables\":[{\"code\":\"update_admin_club_user\",\"unique\":[\"82\"]}],\"createTime\":\"2023-11-11 21:50:25\",\"src\":\"admin\",\"msgId\":\"b8ded6fb82f94b1daec34faaf63fa599\"}', 'admin', 'club', '{\"update club_user set user_id = ?, username = ?, real_name = ?, password = ?, dept_code = ?, user_status = ?, create_time = ?, update_time = ?, sync_time = ? where user_id = ?;\":[[82,\"student\",\"学生\",\"8d969eef6ecad3c29a3a629280e686cf0c3f5d5a86aff3ca12020c923adc6c92\",\"csb\",1,\"2023-09-15 22:21:33\",\"2023-11-11 21:50:26\",\"2023-11-11 21:50:26\",82]],\"insert into pub_callback(uuid,msg_id,sync_uuid,src_project,dest_project,db_name,msg_content,create_time,repeat_count,status,remark) values (?,?,?,?,?,?,?,?,?,?,?);\":[[\"26156033df644e44a01ce267cc721bf2\",\"b8ded6fb82f94b1daec34faaf63fa599\",\"7b7bde7a625d4ab68bf7915a60cb00d6\",\"admin\",\"club\",\"club_dev\",\"{\\\"plan\\\":\\\"update_admin_club_user\\\",\\\"tables\\\":[{\\\"code\\\":\\\"update_admin_club_user\\\",\\\"unique\\\":[\\\"82\\\"]}],\\\"createTime\\\":\\\"2023-11-11 21:50:25\\\",\\\"src\\\":\\\"admin\\\",\\\"msgId\\\":\\\"b8ded6fb82f94b1daec34faaf63fa599\\\"}\",\"2023-11-11 21:50:26\",0,\"wait\",\"更新用户回调\"]],\"影响行数\":[0,1]}', '2023-11-11 21:50:25', '2023-11-11 21:50:26', 'success', '', 1, NULL, b'1');
INSERT INTO `sync_result` VALUES ('7b8216859a654e2ca769c57b39a3b5fb', '0bde11510a5d4c8b87b8c1ff0ffed307', 'update_admin_club_user', '更新系统用户', 'active_mq', 'ID:DESKTOP-JEORO4F-57611-1699710448054-6:4:1:1:2', '472fb4ceb3574a899e3b788fb52185f0', '{\"plan\":\"update_admin_club_user\",\"tables\":[{\"code\":\"update_admin_club_user\",\"unique\":[\"81\"]}],\"createTime\":\"2023-11-11 21:50:23\",\"src\":\"admin\",\"msgId\":\"472fb4ceb3574a899e3b788fb52185f0\"}', 'admin', 'club', '{\"update club_user set user_id = ?, username = ?, real_name = ?, password = ?, dept_code = ?, user_status = ?, create_time = ?, update_time = ?, sync_time = ? where user_id = ?;\":[[81,\"teacher\",\"章老师\",\"8d969eef6ecad3c29a3a629280e686cf0c3f5d5a86aff3ca12020c923adc6c92\",\"jyb\",1,\"2023-09-15 22:19:29\",\"2023-11-11 21:50:23\",\"2023-11-11 21:50:23\",81]],\"insert into pub_callback(uuid,msg_id,sync_uuid,src_project,dest_project,db_name,msg_content,create_time,repeat_count,status,remark) values (?,?,?,?,?,?,?,?,?,?,?);\":[[\"1498e3eda42446eb9e20581bd69d977b\",\"472fb4ceb3574a899e3b788fb52185f0\",\"7b8216859a654e2ca769c57b39a3b5fb\",\"admin\",\"club\",\"club_dev\",\"{\\\"plan\\\":\\\"update_admin_club_user\\\",\\\"tables\\\":[{\\\"code\\\":\\\"update_admin_club_user\\\",\\\"unique\\\":[\\\"81\\\"]}],\\\"createTime\\\":\\\"2023-11-11 21:50:23\\\",\\\"src\\\":\\\"admin\\\",\\\"msgId\\\":\\\"472fb4ceb3574a899e3b788fb52185f0\\\"}\",\"2023-11-11 21:50:23\",0,\"wait\",\"更新用户回调\"]],\"影响行数\":[0,1]}', '2023-11-11 21:50:23', '2023-11-11 21:50:23', 'success', '', 1, NULL, b'1');
INSERT INTO `sync_result` VALUES ('7d1bc4ab78cb45d2bff31653a5cf1e06', NULL, NULL, NULL, 'active_mq', 'ID:DESKTOP-JEORO4F-51586-1700289289753-1:1:1:1:1', 'cda0faf78156460fbf76b9c0e26c0cc8', '{\"plan\":\"update_club_admin_user\",\"tables\":[{\"code\":\"update_club_admin_user\",\"unique\":[\"1\"]}],\"createTime\":\"2023-11-18 14:34:48\",\"src\":\"club\",\"msgId\":\"cda0faf78156460fbf76b9c0e26c0cc8\"}', NULL, NULL, NULL, '2023-11-18 14:34:48', '2023-11-18 14:34:55', 'fail', '同步计划不存在,{\"plan\":\"update_club_admin_user\",\"tables\":[{\"code\":\"update_club_admin_user\",\"unique\":[\"1\"]}],\"createTime\":\"2023-11-18 14:34:48\",\"src\":\"club\",\"msgId\":\"cda0faf78156460fbf76b9c0e26c0cc8\"}', 2, NULL, b'1');
INSERT INTO `sync_result` VALUES ('7d6545fe72074e92a18ebbeade5fd841', '0bde11510a5d4c8b87b8c1ff0ffed307', 'update_admin_club_user', '更新系统用户', 'active_mq', 'ID:DESKTOP-JEORO4F-55889-1699708425969-6:7:1:1:1', '3a4263aae7e940479188f7409cddd85a', '{\"plan\":\"update_admin_club_user\",\"tables\":[{\"code\":\"update_admin_club_user\",\"unique\":[\"61\"]}],\"createTime\":\"2023-11-11 21:16:10\",\"src\":\"admin\",\"msgId\":\"3a4263aae7e940479188f7409cddd85a\"}', 'admin', 'club', NULL, '2023-11-11 21:16:10', '2023-11-11 21:16:42', 'success', '未知异常,tableCode:pub_callback,msg:{\"plan\":\"update_admin_club_user\",\"tables\":[{\"code\":\"update_admin_club_user\",\"unique\":[\"61\"]}],\"createTime\":\"2023-11-11 21:16:10\",\"src\":\"admin\",\"msgId\":\"3a4263aae7e940479188f7409cddd85a\"},目标库:club:club_dev,error:org.springframework.jdbc.BadSqlGrammarException: PreparedStatementCallback; bad SQL grammar [insert into pub_callback(uuid,msg_id,sync_uuid,src_project,dest_project,db_name,msg_content,create_time,repeat_count,status,remark) values (?,?,?,?,?,?,?,?,?,?,?);]; nested exception is java.sql.BatchUpdateException: Unknown column \'msg_id\' in \'field list\'', 7, '系统标记成功', b'1');
INSERT INTO `sync_result` VALUES ('7e13eedacd634720ba18b65058ed2733', '0bde11510a5d4c8b87b8c1ff0ffed307', 'update_admin_club_user', '更新系统用户', 'handle', 'ID:DESKTOP-JEORO4F-58861-1715950805196-6:2:1:1:1', '98bbb06eff22405081eadb1e61d28f67', '{\"plan\":\"update_admin_club_user\",\"tables\":[{\"code\":\"update_admin_club_user\",\"unique\":[\"82\"]}],\"createTime\":\"2024-05-17 21:00:40\",\"src\":\"admin\",\"msgId\":\"98bbb06eff22405081eadb1e61d28f67\"}', 'admin', 'club', NULL, '2024-05-17 21:00:40', '2024-05-17 21:01:38', 'fail', '未知异常,tableCode:update_admin_club_user,msg:null,目标库:null,error:org.springframework.jdbc.BadSqlGrammarException: PreparedStatementCallback; bad SQL grammar [update club_user set user_id = ?, username = ?, real_name = ?, password = ?, dept_code = ?, user_status = ?, create_time = ?, update_time = ?, sync_time = ? where user_id = ?;]; nested exception is java.sql.BatchUpdateException: Unknown column \'real_name\' in \'field list\'', 9, NULL, b'1');
INSERT INTO `sync_result` VALUES ('7e7f1a53d2e0494484b5ade05f3393d0', '0bde11510a5d4c8b87b8c1ff0ffed307', 'update_admin_club_user', '更新系统用户', 'active_mq', 'ID:DESKTOP-JEORO4F-57611-1699710448054-6:3:1:1:2', '22b9d9d51cce4b0392c854cac63187ef', '{\"plan\":\"update_admin_club_user\",\"tables\":[{\"code\":\"update_admin_club_user\",\"unique\":[\"61\"]}],\"createTime\":\"2023-11-11 21:50:21\",\"src\":\"admin\",\"msgId\":\"22b9d9d51cce4b0392c854cac63187ef\"}', 'admin', 'club', '{\"update club_user set user_id = ?, username = ?, real_name = ?, password = ?, dept_code = ?, user_status = ?, create_time = ?, update_time = ?, sync_time = ? where user_id = ?;\":[[61,\"admin\",\"管理员\",\"8d969eef6ecad3c29a3a629280e686cf0c3f5d5a86aff3ca12020c923adc6c92\",\"yfb\",1,\"2022-05-01 23:27:25\",\"2023-11-11 21:50:22\",\"2023-11-11 21:50:22\",61]],\"insert into pub_callback(uuid,msg_id,sync_uuid,src_project,dest_project,db_name,msg_content,create_time,repeat_count,status,remark) values (?,?,?,?,?,?,?,?,?,?,?);\":[[\"408714dcfb35424d9697281dc6c26c33\",\"22b9d9d51cce4b0392c854cac63187ef\",\"7e7f1a53d2e0494484b5ade05f3393d0\",\"admin\",\"club\",\"club_dev\",\"{\\\"plan\\\":\\\"update_admin_club_user\\\",\\\"tables\\\":[{\\\"code\\\":\\\"update_admin_club_user\\\",\\\"unique\\\":[\\\"61\\\"]}],\\\"createTime\\\":\\\"2023-11-11 21:50:21\\\",\\\"src\\\":\\\"admin\\\",\\\"msgId\\\":\\\"22b9d9d51cce4b0392c854cac63187ef\\\"}\",\"2023-11-11 21:50:22\",0,\"wait\",\"更新用户回调\"]],\"影响行数\":[1,1]}', '2023-11-11 21:50:21', '2023-11-11 21:50:22', 'success', '', 1, NULL, b'1');
INSERT INTO `sync_result` VALUES ('7f3c422a4eeb4b31b528b2237d592943', '0bde11510a5d4c8b87b8c1ff0ffed307', 'update_admin_club_user', '更新系统用户', 'active_mq', 'ID:DESKTOP-JEORO4F-55889-1699708425969-6:5:1:1:1', '4d83480e63274a768926c4b9d6dcfb5d', '{\"plan\":\"update_admin_club_user\",\"tables\":[{\"code\":\"update_admin_club_user\",\"unique\":[\"82\"]}],\"createTime\":\"2023-11-11 21:16:06\",\"src\":\"admin\",\"msgId\":\"4d83480e63274a768926c4b9d6dcfb5d\"}', 'admin', 'club', NULL, '2023-11-11 21:16:06', '2023-11-11 21:16:38', 'success', '未知异常,tableCode:pub_callback,msg:{\"plan\":\"update_admin_club_user\",\"tables\":[{\"code\":\"update_admin_club_user\",\"unique\":[\"82\"]}],\"createTime\":\"2023-11-11 21:16:06\",\"src\":\"admin\",\"msgId\":\"4d83480e63274a768926c4b9d6dcfb5d\"},目标库:club:club_dev,error:org.springframework.jdbc.BadSqlGrammarException: PreparedStatementCallback; bad SQL grammar [insert into pub_callback(uuid,msg_id,sync_uuid,src_project,dest_project,db_name,msg_content,create_time,repeat_count,status,remark) values (?,?,?,?,?,?,?,?,?,?,?);]; nested exception is java.sql.BatchUpdateException: Unknown column \'msg_id\' in \'field list\'', 7, '系统标记成功', b'1');
INSERT INTO `sync_result` VALUES ('7fb2608303554c86b4c10f503241ffeb', '0bde11510a5d4c8b87b8c1ff0ffed307', 'update_admin_club_user', '更新系统用户', 'active_mq', 'ID:DESKTOP-JEORO4F-55889-1699708425969-6:3:1:1:1', '3157527dce16471db2534a4985e205dd', '{\"plan\":\"update_admin_club_user\",\"tables\":[{\"code\":\"update_admin_club_user\",\"unique\":[\"82\"]}],\"createTime\":\"2023-11-11 21:14:11\",\"src\":\"admin\",\"msgId\":\"3157527dce16471db2534a4985e205dd\"}', 'admin', 'club', '{\"update club_user set user_id = ?, username = ?, real_name = ?, password = ?, dept_code = ?, user_status = ?, create_time = ?, update_time = ?, sync_time = ? where user_id = ?;\":[[82,\"student\",\"学生\",\"8d969eef6ecad3c29a3a629280e686cf0c3f5d5a86aff3ca12020c923adc6c92\",\"csb\",1,\"2023-09-15 22:21:33\",\"2023-11-11 21:14:11\",\"2023-11-11 21:14:11\",82]],\"影响行数\":[0]}', '2023-11-11 21:14:11', '2023-11-11 21:14:12', 'success', '', 1, NULL, b'1');
INSERT INTO `sync_result` VALUES ('81f9f5c237064ccda8e851e19d2dce0a', '0bde11510a5d4c8b87b8c1ff0ffed307', 'update_admin_club_user', '更新系统用户', 'active_mq', 'ID:DESKTOP-JEORO4F-57318-1699710101300-6:4:1:1:1', '673f17bec5b943d1908b5616e22ababa', '{\"plan\":\"update_admin_club_user\",\"tables\":[{\"code\":\"update_admin_club_user\",\"unique\":[\"82\"]}],\"createTime\":\"2023-11-11 21:42:28\",\"src\":\"admin\",\"msgId\":\"673f17bec5b943d1908b5616e22ababa\"}', 'admin', 'club', '{\"update club_user set user_id = ?, username = ?, real_name = ?, password = ?, dept_code = ?, user_status = ?, create_time = ?, update_time = ?, sync_time = ? where user_id = ?;\":[[82,\"student\",\"学生\",\"8d969eef6ecad3c29a3a629280e686cf0c3f5d5a86aff3ca12020c923adc6c92\",\"csb\",1,\"2023-09-15 22:21:33\",\"2023-11-11 21:42:28\",\"2023-11-11 21:42:28\",82]],\"insert into pub_callback(uuid,msg_id,sync_uuid,src_project,dest_project,db_name,msg_content,create_time,repeat_count,status,remark) values (?,?,?,?,?,?,?,?,?,?,?);\":[[\"a6e498608be24962bf0530f05cf817ad\",\"673f17bec5b943d1908b5616e22ababa\",\"81f9f5c237064ccda8e851e19d2dce0a\",\"admin\",\"club\",\"club_dev\",\"{\\\"plan\\\":\\\"update_admin_club_user\\\",\\\"tables\\\":[{\\\"code\\\":\\\"update_admin_club_user\\\",\\\"unique\\\":[\\\"82\\\"]}],\\\"createTime\\\":\\\"2023-11-11 21:42:28\\\",\\\"src\\\":\\\"admin\\\",\\\"msgId\\\":\\\"673f17bec5b943d1908b5616e22ababa\\\"}\",\"2023-11-11 21:42:28\",0,\"wait\",\"更新用户回调\"]],\"影响行数\":[0,1]}', '2023-11-11 21:42:28', '2023-11-11 21:42:29', 'success', '', 1, NULL, b'1');
INSERT INTO `sync_result` VALUES ('83a3f3c98a694eae91d3e2a59eacb628', '0bde11510a5d4c8b87b8c1ff0ffed307', 'update_admin_club_user', '更新系统用户', 'active_mq', 'ID:DESKTOP-JEORO4F-60825-1699790987182-6:5:1:1:1', '44fff536b0484539b9b8ddef510162cc', '{\"plan\":\"update_admin_club_user\",\"tables\":[{\"code\":\"update_admin_club_user\",\"unique\":[\"81\"]}],\"createTime\":\"2023-11-12 20:10:08\",\"src\":\"admin\",\"msgId\":\"44fff536b0484539b9b8ddef510162cc\"}', 'admin', 'club', '{\"update club_user set user_id = ?, username = ?, real_name = ?, password = ?, dept_code = ?, user_status = ?, create_time = ?, update_time = ?, sync_time = ? where user_id = ?;\":[[81,\"teacher\",\"章老师\",\"8d969eef6ecad3c29a3a629280e686cf0c3f5d5a86aff3ca12020c923adc6c92\",\"jyb\",1,\"2023-09-15 22:19:29\",\"2023-11-12 20:10:08\",\"2023-11-12 20:10:09\",81]],\"insert into pub_callback(uuid,msg_id,sync_uuid,src_project,dest_project,db_name,msg_content,create_time,repeat_count,status,remark) values (?,?,?,?,?,?,?,?,?,?,?);\":[[\"4f900e11f1b242248f166b76d00e8ab0\",\"44fff536b0484539b9b8ddef510162cc\",\"83a3f3c98a694eae91d3e2a59eacb628\",\"admin\",\"club\",\"club_dev\",\"{\\\"plan\\\":\\\"update_admin_club_user\\\",\\\"tables\\\":[{\\\"code\\\":\\\"update_admin_club_user\\\",\\\"unique\\\":[\\\"81\\\"]}],\\\"createTime\\\":\\\"2023-11-12 20:10:08\\\",\\\"src\\\":\\\"admin\\\",\\\"msgId\\\":\\\"44fff536b0484539b9b8ddef510162cc\\\"}\",\"2023-11-12 20:10:09\",0,\"wait\",\"更新用户回调\"]],\"影响行数\":[1,1]}', '2023-11-12 20:10:08', '2023-11-12 20:10:09', 'success', '', 1, NULL, b'1');
INSERT INTO `sync_result` VALUES ('8707df16377442e28ff9c050a4691ac5', '0bde11510a5d4c8b87b8c1ff0ffed307', 'update_admin_club_user', '更新系统用户', 'active_mq', 'ID:DESKTOP-JEORO4F-56388-1699709073213-6:4:1:1:1', 'a7ba5def4de0415f8f19a70e2d1d9718', '{\"plan\":\"update_admin_club_user\",\"tables\":[{\"code\":\"update_admin_club_user\",\"unique\":[\"61\"]}],\"createTime\":\"2023-11-11 21:24:44\",\"src\":\"admin\",\"msgId\":\"a7ba5def4de0415f8f19a70e2d1d9718\"}', 'admin', 'club', '{\"update club_user set user_id = ?, username = ?, real_name = ?, password = ?, dept_code = ?, user_status = ?, create_time = ?, update_time = ?, sync_time = ? where user_id = ?;\":[[61,\"admin\",\"管理员\",\"8d969eef6ecad3c29a3a629280e686cf0c3f5d5a86aff3ca12020c923adc6c92\",\"yfb\",1,\"2022-05-01 23:27:25\",\"2023-11-11 21:24:44\",\"2023-11-11 21:24:45\",61]],\"insert into pub_callback(uuid,msg_id,sync_uuid,src_project,dest_project,db_name,msg_content,create_time,repeat_count,status,remark) values (?,?,?,?,?,?,?,?,?,?,?);\":[[\"2109383fe7e74ece94684bd3659dcbdf\",\"a7ba5def4de0415f8f19a70e2d1d9718\",\"8707df16377442e28ff9c050a4691ac5\",\"admin\",\"club\",\"club_dev\",\"{\\\"plan\\\":\\\"update_admin_club_user\\\",\\\"tables\\\":[{\\\"code\\\":\\\"update_admin_club_user\\\",\\\"unique\\\":[\\\"61\\\"]}],\\\"createTime\\\":\\\"2023-11-11 21:24:44\\\",\\\"src\\\":\\\"admin\\\",\\\"msgId\\\":\\\"a7ba5def4de0415f8f19a70e2d1d9718\\\"}\",\"2023-11-11 21:24:45\",0,\"wait\",\"更新用户回调\"]],\"影响行数\":[1,1]}', '2023-11-11 21:24:44', '2023-11-11 21:24:45', 'success', '', 1, NULL, b'1');
INSERT INTO `sync_result` VALUES ('897d59d1b0354e31a357d08037a82568', '0bde11510a5d4c8b87b8c1ff0ffed307', 'update_admin_club_user', '更新系统用户', 'active_mq', 'ID:DESKTOP-JEORO4F-56686-1699709372467-6:7:1:1:2', '150161fa47794de69aa8dd22ab7abc91', '{\"plan\":\"update_admin_club_user\",\"tables\":[{\"code\":\"update_admin_club_user\",\"unique\":[\"82\"]}],\"createTime\":\"2023-11-11 21:30:39\",\"src\":\"admin\",\"msgId\":\"150161fa47794de69aa8dd22ab7abc91\"}', 'admin', 'club', '{\"update club_user set user_id = ?, username = ?, real_name = ?, password = ?, dept_code = ?, user_status = ?, create_time = ?, update_time = ?, sync_time = ? where user_id = ?;\":[[82,\"student\",\"学生\",\"8d969eef6ecad3c29a3a629280e686cf0c3f5d5a86aff3ca12020c923adc6c92\",\"csb\",1,\"2023-09-15 22:21:33\",\"2023-11-11 21:30:39\",\"2023-11-11 21:30:39\",82]],\"insert into pub_callback(uuid,msg_id,sync_uuid,src_project,dest_project,db_name,msg_content,create_time,repeat_count,status,remark) values (?,?,?,?,?,?,?,?,?,?,?);\":[[\"566e54aa6c9047d8bb9a1798887c4f17\",\"150161fa47794de69aa8dd22ab7abc91\",\"897d59d1b0354e31a357d08037a82568\",\"admin\",\"club\",\"club_dev\",\"{\\\"plan\\\":\\\"update_admin_club_user\\\",\\\"tables\\\":[{\\\"code\\\":\\\"update_admin_club_user\\\",\\\"unique\\\":[\\\"82\\\"]}],\\\"createTime\\\":\\\"2023-11-11 21:30:39\\\",\\\"src\\\":\\\"admin\\\",\\\"msgId\\\":\\\"150161fa47794de69aa8dd22ab7abc91\\\"}\",\"2023-11-11 21:30:39\",0,\"wait\",\"更新用户回调\"]],\"影响行数\":[0,1]}', '2023-11-11 21:30:39', '2023-11-11 21:30:40', 'success', '', 1, NULL, b'1');
INSERT INTO `sync_result` VALUES ('8b14e4d9dc0c4757946c8c956a9bc655', '0bde11510a5d4c8b87b8c1ff0ffed307', 'update_admin_club_user', '更新系统用户', 'active_mq', 'ID:DESKTOP-JEORO4F-56686-1699709372467-6:6:1:1:2', '668c3eddc7cf4a4db3e62008d6c7a3a6', '{\"plan\":\"update_admin_club_user\",\"tables\":[{\"code\":\"update_admin_club_user\",\"unique\":[\"81\"]}],\"createTime\":\"2023-11-11 21:30:37\",\"src\":\"admin\",\"msgId\":\"668c3eddc7cf4a4db3e62008d6c7a3a6\"}', 'admin', 'club', '{\"update club_user set user_id = ?, username = ?, real_name = ?, password = ?, dept_code = ?, user_status = ?, create_time = ?, update_time = ?, sync_time = ? where user_id = ?;\":[[81,\"teacher\",\"章老师\",\"8d969eef6ecad3c29a3a629280e686cf0c3f5d5a86aff3ca12020c923adc6c92\",\"jyb\",1,\"2023-09-15 22:19:29\",\"2023-11-11 21:30:38\",\"2023-11-11 21:30:38\",81]],\"insert into pub_callback(uuid,msg_id,sync_uuid,src_project,dest_project,db_name,msg_content,create_time,repeat_count,status,remark) values (?,?,?,?,?,?,?,?,?,?,?);\":[[\"ac45de016eb4429b8f825f742745c451\",\"668c3eddc7cf4a4db3e62008d6c7a3a6\",\"8b14e4d9dc0c4757946c8c956a9bc655\",\"admin\",\"club\",\"club_dev\",\"{\\\"plan\\\":\\\"update_admin_club_user\\\",\\\"tables\\\":[{\\\"code\\\":\\\"update_admin_club_user\\\",\\\"unique\\\":[\\\"81\\\"]}],\\\"createTime\\\":\\\"2023-11-11 21:30:37\\\",\\\"src\\\":\\\"admin\\\",\\\"msgId\\\":\\\"668c3eddc7cf4a4db3e62008d6c7a3a6\\\"}\",\"2023-11-11 21:30:38\",0,\"wait\",\"更新用户回调\"]],\"影响行数\":[0,1]}', '2023-11-11 21:30:37', '2023-11-11 21:30:39', 'success', '', 1, NULL, b'1');
INSERT INTO `sync_result` VALUES ('8ecde8cadf164c509ecd7b482b400ac6', '0bde11510a5d4c8b87b8c1ff0ffed307', 'update_admin_club_user', '更新系统用户', 'active_mq', 'ID:DESKTOP-JEORO4F-60825-1699790987182-6:2:1:1:2', 'cdd5bf73b5a54c64af59a6a9b71975a0', '{\"plan\":\"update_admin_club_user\",\"tables\":[{\"code\":\"update_admin_club_user\",\"unique\":[\"61\"]}],\"createTime\":\"2023-11-12 20:10:18\",\"src\":\"admin\",\"msgId\":\"cdd5bf73b5a54c64af59a6a9b71975a0\"}', 'admin', 'club', '{\"update club_user set user_id = ?, username = ?, real_name = ?, password = ?, dept_code = ?, user_status = ?, create_time = ?, update_time = ?, sync_time = ? where user_id = ?;\":[[61,\"admin\",\"管理员\",\"8d969eef6ecad3c29a3a629280e686cf0c3f5d5a86aff3ca12020c923adc6c92\",\"yfb\",1,\"2022-05-01 23:27:25\",\"2023-11-12 20:10:18\",\"2023-11-12 20:10:19\",61]],\"insert into pub_callback(uuid,msg_id,sync_uuid,src_project,dest_project,db_name,msg_content,create_time,repeat_count,status,remark) values (?,?,?,?,?,?,?,?,?,?,?);\":[[\"9a20809cc335448fb51edbabb6af784a\",\"cdd5bf73b5a54c64af59a6a9b71975a0\",\"8ecde8cadf164c509ecd7b482b400ac6\",\"admin\",\"club\",\"club_dev\",\"{\\\"plan\\\":\\\"update_admin_club_user\\\",\\\"tables\\\":[{\\\"code\\\":\\\"update_admin_club_user\\\",\\\"unique\\\":[\\\"61\\\"]}],\\\"createTime\\\":\\\"2023-11-12 20:10:18\\\",\\\"src\\\":\\\"admin\\\",\\\"msgId\\\":\\\"cdd5bf73b5a54c64af59a6a9b71975a0\\\"}\",\"2023-11-12 20:10:19\",0,\"wait\",\"更新用户回调\"]],\"影响行数\":[1,1]}', '2023-11-12 20:10:18', '2023-11-12 20:10:19', 'success', '', 1, NULL, b'1');
INSERT INTO `sync_result` VALUES ('98ac7f8291364c12a10da03fd3a0f3b2', '0bde11510a5d4c8b87b8c1ff0ffed307', 'update_admin_club_user', '更新系统用户', 'active_mq', 'ID:DESKTOP-JEORO4F-57318-1699710101300-6:6:1:1:1', '98e02c56c7604f78b95a362af8a5d50d', '{\"plan\":\"update_admin_club_user\",\"tables\":[{\"code\":\"update_admin_club_user\",\"unique\":[\"61\"]}],\"createTime\":\"2023-11-11 21:42:31\",\"src\":\"admin\",\"msgId\":\"98e02c56c7604f78b95a362af8a5d50d\"}', 'admin', 'club', '{\"update club_user set user_id = ?, username = ?, real_name = ?, password = ?, dept_code = ?, user_status = ?, create_time = ?, update_time = ?, sync_time = ? where user_id = ?;\":[[61,\"admin\",\"管理员\",\"8d969eef6ecad3c29a3a629280e686cf0c3f5d5a86aff3ca12020c923adc6c92\",\"yfb\",1,\"2022-05-01 23:27:25\",\"2023-11-11 21:42:32\",\"2023-11-11 21:42:31\",61]],\"insert into pub_callback(uuid,msg_id,sync_uuid,src_project,dest_project,db_name,msg_content,create_time,repeat_count,status,remark) values (?,?,?,?,?,?,?,?,?,?,?);\":[[\"9638c120b12648aca624be69dc6726e1\",\"98e02c56c7604f78b95a362af8a5d50d\",\"98ac7f8291364c12a10da03fd3a0f3b2\",\"admin\",\"club\",\"club_dev\",\"{\\\"plan\\\":\\\"update_admin_club_user\\\",\\\"tables\\\":[{\\\"code\\\":\\\"update_admin_club_user\\\",\\\"unique\\\":[\\\"61\\\"]}],\\\"createTime\\\":\\\"2023-11-11 21:42:31\\\",\\\"src\\\":\\\"admin\\\",\\\"msgId\\\":\\\"98e02c56c7604f78b95a362af8a5d50d\\\"}\",\"2023-11-11 21:42:31\",0,\"wait\",\"更新用户回调\"]],\"影响行数\":[1,1]}', '2023-11-11 21:42:31', '2023-11-11 21:42:32', 'success', '', 1, NULL, b'1');
INSERT INTO `sync_result` VALUES ('99942d2cdcb240fb8889a3b26af73686', '0bde11510a5d4c8b87b8c1ff0ffed307', 'update_admin_club_user', '更新系统用户', 'active_mq', 'ID:DESKTOP-JEORO4F-57611-1699710448054-6:2:1:1:2', '6dd2db8a7f08430e94f3b2d08be7e356', '{\"plan\":\"update_admin_club_user\",\"tables\":[{\"code\":\"update_admin_club_user\",\"unique\":[\"81\"]}],\"createTime\":\"2023-11-11 21:50:19\",\"src\":\"admin\",\"msgId\":\"6dd2db8a7f08430e94f3b2d08be7e356\"}', 'admin', 'club', '{\"update club_user set user_id = ?, username = ?, real_name = ?, password = ?, dept_code = ?, user_status = ?, create_time = ?, update_time = ?, sync_time = ? where user_id = ?;\":[[81,\"teacher\",\"章老师\",\"8d969eef6ecad3c29a3a629280e686cf0c3f5d5a86aff3ca12020c923adc6c92\",\"jyb\",1,\"2023-09-15 22:19:29\",\"2023-11-11 21:50:20\",\"2023-11-11 21:50:20\",81]],\"insert into pub_callback(uuid,msg_id,sync_uuid,src_project,dest_project,db_name,msg_content,create_time,repeat_count,status,remark) values (?,?,?,?,?,?,?,?,?,?,?);\":[[\"c48cdaed3f544a459e5d3605c1cf5c47\",\"6dd2db8a7f08430e94f3b2d08be7e356\",\"99942d2cdcb240fb8889a3b26af73686\",\"admin\",\"club\",\"club_dev\",\"{\\\"plan\\\":\\\"update_admin_club_user\\\",\\\"tables\\\":[{\\\"code\\\":\\\"update_admin_club_user\\\",\\\"unique\\\":[\\\"81\\\"]}],\\\"createTime\\\":\\\"2023-11-11 21:50:19\\\",\\\"src\\\":\\\"admin\\\",\\\"msgId\\\":\\\"6dd2db8a7f08430e94f3b2d08be7e356\\\"}\",\"2023-11-11 21:50:20\",0,\"wait\",\"更新用户回调\"]],\"影响行数\":[0,1]}', '2023-11-11 21:50:19', '2023-11-11 21:50:20', 'success', '', 1, NULL, b'1');
INSERT INTO `sync_result` VALUES ('9c7aa706fd2a430ab154116985d05540', '0bde11510a5d4c8b87b8c1ff0ffed307', 'update_admin_club_user', '更新系统用户', 'active_mq', 'ID:DESKTOP-JEORO4F-55889-1699708425969-6:7:1:1:1', '3a4263aae7e940479188f7409cddd85a', '{\"plan\":\"update_admin_club_user\",\"tables\":[{\"code\":\"update_admin_club_user\",\"unique\":[\"61\"]}],\"createTime\":\"2023-11-11 21:16:10\",\"src\":\"admin\",\"msgId\":\"3a4263aae7e940479188f7409cddd85a\"}', 'admin', 'club', NULL, '2023-11-11 21:16:10', '2023-11-11 21:16:21', 'success', '未知异常,tableCode:pub_callback,msg:{\"plan\":\"update_admin_club_user\",\"tables\":[{\"code\":\"update_admin_club_user\",\"unique\":[\"61\"]}],\"createTime\":\"2023-11-11 21:16:10\",\"src\":\"admin\",\"msgId\":\"3a4263aae7e940479188f7409cddd85a\"},目标库:club:club_dev,error:org.springframework.jdbc.BadSqlGrammarException: PreparedStatementCallback; bad SQL grammar [insert into pub_callback(uuid,msg_id,sync_uuid,src_project,dest_project,db_name,msg_content,create_time,repeat_count,status,remark) values (?,?,?,?,?,?,?,?,?,?,?);]; nested exception is java.sql.BatchUpdateException: Unknown column \'msg_id\' in \'field list\'', 3, '系统标记成功', b'1');
INSERT INTO `sync_result` VALUES ('9cb043052d8e4bc4b5e5fa083ee4723b', '0bde11510a5d4c8b87b8c1ff0ffed307', 'update_admin_club_user', '更新系统用户', 'active_mq', 'ID:DESKTOP-JEORO4F-60825-1699790987182-6:3:1:1:2', 'ebbc37e24b414741867afa464d148ce9', '{\"plan\":\"update_admin_club_user\",\"tables\":[{\"code\":\"update_admin_club_user\",\"unique\":[\"82\"]}],\"createTime\":\"2023-11-12 20:10:19\",\"src\":\"admin\",\"msgId\":\"ebbc37e24b414741867afa464d148ce9\"}', 'admin', 'club', '{\"update club_user set user_id = ?, username = ?, real_name = ?, password = ?, dept_code = ?, user_status = ?, create_time = ?, update_time = ?, sync_time = ? where user_id = ?;\":[[82,\"student\",\"学生\",\"8d969eef6ecad3c29a3a629280e686cf0c3f5d5a86aff3ca12020c923adc6c92\",\"csb\",1,\"2023-09-15 22:21:33\",\"2023-11-12 20:10:20\",\"2023-11-12 20:10:20\",82]],\"insert into pub_callback(uuid,msg_id,sync_uuid,src_project,dest_project,db_name,msg_content,create_time,repeat_count,status,remark) values (?,?,?,?,?,?,?,?,?,?,?);\":[[\"3a113bb28f1f4e2295c5c8473198d931\",\"ebbc37e24b414741867afa464d148ce9\",\"9cb043052d8e4bc4b5e5fa083ee4723b\",\"admin\",\"club\",\"club_dev\",\"{\\\"plan\\\":\\\"update_admin_club_user\\\",\\\"tables\\\":[{\\\"code\\\":\\\"update_admin_club_user\\\",\\\"unique\\\":[\\\"82\\\"]}],\\\"createTime\\\":\\\"2023-11-12 20:10:19\\\",\\\"src\\\":\\\"admin\\\",\\\"msgId\\\":\\\"ebbc37e24b414741867afa464d148ce9\\\"}\",\"2023-11-12 20:10:20\",0,\"wait\",\"更新用户回调\"]],\"影响行数\":[1,1]}', '2023-11-12 20:10:19', '2023-11-12 20:10:20', 'success', '', 1, NULL, b'1');
INSERT INTO `sync_result` VALUES ('9db3111f79e5473491e2195d0a9fd075', '0bde11510a5d4c8b87b8c1ff0ffed307', 'update_admin_club_user', '更新系统用户', 'active_mq', 'ID:DESKTOP-JEORO4F-58423-1699788552975-6:13:1:1:1', 'a8061ede3f8f4ed583472568b5bfc7e8', '{\"plan\":\"update_admin_club_user\",\"tables\":[{\"code\":\"update_admin_club_user\",\"unique\":[\"81\"]}],\"createTime\":\"2023-11-12 19:49:17\",\"src\":\"admin\",\"msgId\":\"a8061ede3f8f4ed583472568b5bfc7e8\"}', 'admin', 'club', '{\"update club_user set user_id = ?, username = ?, real_name = ?, password = ?, dept_code = ?, user_status = ?, create_time = ?, update_time = ?, sync_time = ? where user_id = ?;\":[[81,\"teacher\",\"章老师\",\"8d969eef6ecad3c29a3a629280e686cf0c3f5d5a86aff3ca12020c923adc6c92\",\"jyb\",1,\"2023-09-15 22:19:29\",\"2023-11-12 19:49:18\",\"2023-11-12 19:49:17\",81]],\"insert into pub_callback(uuid,msg_id,sync_uuid,src_project,dest_project,db_name,msg_content,create_time,repeat_count,status,remark) values (?,?,?,?,?,?,?,?,?,?,?);\":[[\"46865644c15044fb93f3076a63f47486\",\"a8061ede3f8f4ed583472568b5bfc7e8\",\"9db3111f79e5473491e2195d0a9fd075\",\"admin\",\"club\",\"club_dev\",\"{\\\"plan\\\":\\\"update_admin_club_user\\\",\\\"tables\\\":[{\\\"code\\\":\\\"update_admin_club_user\\\",\\\"unique\\\":[\\\"81\\\"]}],\\\"createTime\\\":\\\"2023-11-12 19:49:17\\\",\\\"src\\\":\\\"admin\\\",\\\"msgId\\\":\\\"a8061ede3f8f4ed583472568b5bfc7e8\\\"}\",\"2023-11-12 19:49:17\",0,\"wait\",\"更新用户回调\"]],\"影响行数\":[1,1]}', '2023-11-12 19:49:17', '2023-11-12 19:49:18', 'success', '', 1, NULL, b'1');
INSERT INTO `sync_result` VALUES ('a0770051c01a4eaa90d0a5cd7b11161c', '0bde11510a5d4c8b87b8c1ff0ffed307', 'update_admin_club_user', '更新系统用户', 'active_mq', 'ID:DESKTOP-JEORO4F-55889-1699708425969-6:7:1:1:1', '3a4263aae7e940479188f7409cddd85a', '{\"plan\":\"update_admin_club_user\",\"tables\":[{\"code\":\"update_admin_club_user\",\"unique\":[\"61\"]}],\"createTime\":\"2023-11-11 21:16:10\",\"src\":\"admin\",\"msgId\":\"3a4263aae7e940479188f7409cddd85a\"}', 'admin', 'club', NULL, '2023-11-11 21:16:10', '2023-11-11 21:16:32', 'success', '未知异常,tableCode:pub_callback,msg:{\"plan\":\"update_admin_club_user\",\"tables\":[{\"code\":\"update_admin_club_user\",\"unique\":[\"61\"]}],\"createTime\":\"2023-11-11 21:16:10\",\"src\":\"admin\",\"msgId\":\"3a4263aae7e940479188f7409cddd85a\"},目标库:club:club_dev,error:org.springframework.jdbc.BadSqlGrammarException: PreparedStatementCallback; bad SQL grammar [insert into pub_callback(uuid,msg_id,sync_uuid,src_project,dest_project,db_name,msg_content,create_time,repeat_count,status,remark) values (?,?,?,?,?,?,?,?,?,?,?);]; nested exception is java.sql.BatchUpdateException: Unknown column \'msg_id\' in \'field list\'', 5, '系统标记成功', b'1');
INSERT INTO `sync_result` VALUES ('a09dada509714d4286bf2dee535bab40', '0bde11510a5d4c8b87b8c1ff0ffed307', 'update_admin_club_user', '更新系统用户', 'active_mq', 'ID:DESKTOP-JEORO4F-57004-1699709655617-6:6:1:1:1', '3ad1bd08009c4bb691f03614bbd70a60', '{\"plan\":\"update_admin_club_user\",\"tables\":[{\"code\":\"update_admin_club_user\",\"unique\":[\"82\"]}],\"createTime\":\"2023-11-11 21:34:43\",\"src\":\"admin\",\"msgId\":\"3ad1bd08009c4bb691f03614bbd70a60\"}', 'admin', 'club', '{\"update club_user set user_id = ?, username = ?, real_name = ?, password = ?, dept_code = ?, user_status = ?, create_time = ?, update_time = ?, sync_time = ? where user_id = ?;\":[[82,\"student\",\"学生\",\"8d969eef6ecad3c29a3a629280e686cf0c3f5d5a86aff3ca12020c923adc6c92\",\"csb\",1,\"2023-09-15 22:21:33\",\"2023-11-11 21:34:43\",\"2023-11-11 21:34:43\",82]],\"insert into pub_callback(uuid,msg_id,sync_uuid,src_project,dest_project,db_name,msg_content,create_time,repeat_count,status,remark) values (?,?,?,?,?,?,?,?,?,?,?);\":[[\"ffae94bfb0a643d5b69f0abaf627e8d1\",\"3ad1bd08009c4bb691f03614bbd70a60\",\"a09dada509714d4286bf2dee535bab40\",\"admin\",\"club\",\"club_dev\",\"{\\\"plan\\\":\\\"update_admin_club_user\\\",\\\"tables\\\":[{\\\"code\\\":\\\"update_admin_club_user\\\",\\\"unique\\\":[\\\"82\\\"]}],\\\"createTime\\\":\\\"2023-11-11 21:34:43\\\",\\\"src\\\":\\\"admin\\\",\\\"msgId\\\":\\\"3ad1bd08009c4bb691f03614bbd70a60\\\"}\",\"2023-11-11 21:34:43\",0,\"wait\",\"更新用户回调\"]],\"影响行数\":[0,1]}', '2023-11-11 21:34:43', '2023-11-11 21:34:44', 'success', '', 1, NULL, b'1');
INSERT INTO `sync_result` VALUES ('a1589b0763504ac0bc70ec16a52a6fbd', '0bde11510a5d4c8b87b8c1ff0ffed307', 'update_admin_club_user', '更新系统用户', 'active_mq', 'ID:DESKTOP-JEORO4F-60825-1699790987182-6:8:1:1:1', '8187f8f1051249eeb84a2381799ca5d3', '{\"plan\":\"update_admin_club_user\",\"tables\":[{\"code\":\"update_admin_club_user\",\"unique\":[\"81\"]}],\"createTime\":\"2023-11-12 20:10:15\",\"src\":\"admin\",\"msgId\":\"8187f8f1051249eeb84a2381799ca5d3\"}', 'admin', 'club', '{\"update club_user set user_id = ?, username = ?, real_name = ?, password = ?, dept_code = ?, user_status = ?, create_time = ?, update_time = ?, sync_time = ? where user_id = ?;\":[[81,\"teacher\",\"章老师\",\"8d969eef6ecad3c29a3a629280e686cf0c3f5d5a86aff3ca12020c923adc6c92\",\"jyb\",1,\"2023-09-15 22:19:29\",\"2023-11-12 20:10:15\",\"2023-11-12 20:10:16\",81]],\"insert into pub_callback(uuid,msg_id,sync_uuid,src_project,dest_project,db_name,msg_content,create_time,repeat_count,status,remark) values (?,?,?,?,?,?,?,?,?,?,?);\":[[\"25c173e604274793a09e519fb95eb88e\",\"8187f8f1051249eeb84a2381799ca5d3\",\"a1589b0763504ac0bc70ec16a52a6fbd\",\"admin\",\"club\",\"club_dev\",\"{\\\"plan\\\":\\\"update_admin_club_user\\\",\\\"tables\\\":[{\\\"code\\\":\\\"update_admin_club_user\\\",\\\"unique\\\":[\\\"81\\\"]}],\\\"createTime\\\":\\\"2023-11-12 20:10:15\\\",\\\"src\\\":\\\"admin\\\",\\\"msgId\\\":\\\"8187f8f1051249eeb84a2381799ca5d3\\\"}\",\"2023-11-12 20:10:16\",0,\"wait\",\"更新用户回调\"]],\"影响行数\":[1,1]}', '2023-11-12 20:10:15', '2023-11-12 20:10:16', 'success', '', 1, NULL, b'1');
INSERT INTO `sync_result` VALUES ('a2b7cdd6dda447f692f6b13f0ee8c52d', '0bde11510a5d4c8b87b8c1ff0ffed307', 'update_admin_club_user', '更新系统用户', 'active_mq', 'ID:DESKTOP-JEORO4F-58423-1699788552975-6:3:1:1:1', '390f5b811a6d49bc9ec7ba7ec259ab3a', '{\"plan\":\"update_admin_club_user\",\"tables\":[{\"code\":\"update_admin_club_user\",\"unique\":[\"81\"]}],\"createTime\":\"2023-11-12 19:30:11\",\"src\":\"admin\",\"msgId\":\"390f5b811a6d49bc9ec7ba7ec259ab3a\"}', 'admin', 'club', '{\"update club_user set user_id = ?, username = ?, real_name = ?, password = ?, dept_code = ?, user_status = ?, create_time = ?, update_time = ?, sync_time = ? where user_id = ?;\":[[81,\"teacher\",\"章老师\",\"8d969eef6ecad3c29a3a629280e686cf0c3f5d5a86aff3ca12020c923adc6c92\",\"jyb\",1,\"2023-09-15 22:19:29\",\"2023-11-12 19:30:11\",\"2023-11-12 19:30:12\",81]],\"insert into pub_callback(uuid,msg_id,sync_uuid,src_project,dest_project,db_name,msg_content,create_time,repeat_count,status,remark) values (?,?,?,?,?,?,?,?,?,?,?);\":[[\"a049d95ae98d48daa29d3b6717221641\",\"390f5b811a6d49bc9ec7ba7ec259ab3a\",\"a2b7cdd6dda447f692f6b13f0ee8c52d\",\"admin\",\"club\",\"club_dev\",\"{\\\"plan\\\":\\\"update_admin_club_user\\\",\\\"tables\\\":[{\\\"code\\\":\\\"update_admin_club_user\\\",\\\"unique\\\":[\\\"81\\\"]}],\\\"createTime\\\":\\\"2023-11-12 19:30:11\\\",\\\"src\\\":\\\"admin\\\",\\\"msgId\\\":\\\"390f5b811a6d49bc9ec7ba7ec259ab3a\\\"}\",\"2023-11-12 19:30:12\",0,\"wait\",\"更新用户回调\"]],\"影响行数\":[1,1]}', '2023-11-12 19:30:11', '2023-11-12 19:30:12', 'success', '', 1, NULL, b'1');
INSERT INTO `sync_result` VALUES ('a327b822903744bcaf970886cdaf610a', '0bde11510a5d4c8b87b8c1ff0ffed307', 'update_admin_club_user', '更新系统用户', 'active_mq', 'ID:DESKTOP-JEORO4F-55424-1699708040110-6:2:1:1:1', '1fa29c291dce483da167720649eccd89', '{\"plan\":\"update_admin_club_user\",\"tables\":[{\"code\":\"update_admin_club_user\",\"unique\":[\"1\"]}],\"createTime\":\"2023-11-11 21:07:33\",\"src\":\"admin\",\"msgId\":\"1fa29c291dce483da167720649eccd89\"}', 'admin', 'club', NULL, '2023-11-11 21:07:33', '2023-11-11 21:07:45', 'fail', 'update_admin_club_user中源表数据不存在', 3, NULL, b'1');
INSERT INTO `sync_result` VALUES ('a49d14b6ecbc4c5797e60c48cb886fb9', '0bde11510a5d4c8b87b8c1ff0ffed307', 'update_admin_club_user', '更新系统用户', 'active_mq', 'ID:DESKTOP-JEORO4F-60825-1699790987182-6:4:1:1:1', 'f5486a3d1c164b14b16ccfe5e8fab825', '{\"plan\":\"update_admin_club_user\",\"tables\":[{\"code\":\"update_admin_club_user\",\"unique\":[\"61\"]}],\"createTime\":\"2023-11-12 20:10:06\",\"src\":\"admin\",\"msgId\":\"f5486a3d1c164b14b16ccfe5e8fab825\"}', 'admin', 'club', '{\"update club_user set user_id = ?, username = ?, real_name = ?, password = ?, dept_code = ?, user_status = ?, create_time = ?, update_time = ?, sync_time = ? where user_id = ?;\":[[61,\"admin\",\"管理员\",\"8d969eef6ecad3c29a3a629280e686cf0c3f5d5a86aff3ca12020c923adc6c92\",\"yfb\",1,\"2022-05-01 23:27:25\",\"2023-11-12 20:10:07\",\"2023-11-12 20:10:07\",61]],\"insert into pub_callback(uuid,msg_id,sync_uuid,src_project,dest_project,db_name,msg_content,create_time,repeat_count,status,remark) values (?,?,?,?,?,?,?,?,?,?,?);\":[[\"2e0817573f0340b6ab44e10275e9e600\",\"f5486a3d1c164b14b16ccfe5e8fab825\",\"a49d14b6ecbc4c5797e60c48cb886fb9\",\"admin\",\"club\",\"club_dev\",\"{\\\"plan\\\":\\\"update_admin_club_user\\\",\\\"tables\\\":[{\\\"code\\\":\\\"update_admin_club_user\\\",\\\"unique\\\":[\\\"61\\\"]}],\\\"createTime\\\":\\\"2023-11-12 20:10:06\\\",\\\"src\\\":\\\"admin\\\",\\\"msgId\\\":\\\"f5486a3d1c164b14b16ccfe5e8fab825\\\"}\",\"2023-11-12 20:10:07\",0,\"wait\",\"更新用户回调\"]],\"影响行数\":[1,1]}', '2023-11-12 20:10:06', '2023-11-12 20:10:07', 'success', '', 1, NULL, b'1');
INSERT INTO `sync_result` VALUES ('a4e98ae62dbf446e9b57faf6a468862c', '0bde11510a5d4c8b87b8c1ff0ffed307', 'update_admin_club_user', '更新系统用户', 'active_mq', 'ID:DESKTOP-JEORO4F-57004-1699709655617-6:2:1:1:1', '7b2dcf6f9e494f9aa0ccf097d07c807b', '{\"plan\":\"update_admin_club_user\",\"tables\":[{\"code\":\"update_admin_club_user\",\"unique\":[\"81\"]}],\"createTime\":\"2023-11-11 21:34:35\",\"src\":\"admin\",\"msgId\":\"7b2dcf6f9e494f9aa0ccf097d07c807b\"}', 'admin', 'club', '{\"update club_user set user_id = ?, username = ?, real_name = ?, password = ?, dept_code = ?, user_status = ?, create_time = ?, update_time = ?, sync_time = ? where user_id = ?;\":[[81,\"teacher\",\"章老师\",\"8d969eef6ecad3c29a3a629280e686cf0c3f5d5a86aff3ca12020c923adc6c92\",\"jyb\",1,\"2023-09-15 22:19:29\",\"2023-11-11 21:34:35\",\"2023-11-11 21:34:35\",81]],\"insert into pub_callback(uuid,msg_id,sync_uuid,src_project,dest_project,db_name,msg_content,create_time,repeat_count,status,remark) values (?,?,?,?,?,?,?,?,?,?,?);\":[[\"933e4ed7275f4d90b29bfd6f9a138245\",\"7b2dcf6f9e494f9aa0ccf097d07c807b\",\"a4e98ae62dbf446e9b57faf6a468862c\",\"admin\",\"club\",\"club_dev\",\"{\\\"plan\\\":\\\"update_admin_club_user\\\",\\\"tables\\\":[{\\\"code\\\":\\\"update_admin_club_user\\\",\\\"unique\\\":[\\\"81\\\"]}],\\\"createTime\\\":\\\"2023-11-11 21:34:35\\\",\\\"src\\\":\\\"admin\\\",\\\"msgId\\\":\\\"7b2dcf6f9e494f9aa0ccf097d07c807b\\\"}\",\"2023-11-11 21:34:35\",0,\"wait\",\"更新用户回调\"]],\"影响行数\":[0,1]}', '2023-11-11 21:34:35', '2023-11-11 21:34:36', 'success', '', 1, NULL, b'1');
INSERT INTO `sync_result` VALUES ('a7705374e2bd4c32bdc938579088951b', '0bde11510a5d4c8b87b8c1ff0ffed307', 'update_admin_club_user', '更新系统用户', 'active_mq', 'ID:DESKTOP-JEORO4F-60825-1699790987182-6:3:1:1:1', 'a51a69498fb9480c85505a144d506fc9', '{\"plan\":\"update_admin_club_user\",\"tables\":[{\"code\":\"update_admin_club_user\",\"unique\":[\"81\"]}],\"createTime\":\"2023-11-12 20:10:04\",\"src\":\"admin\",\"msgId\":\"a51a69498fb9480c85505a144d506fc9\"}', 'admin', 'club', '{\"update club_user set user_id = ?, username = ?, real_name = ?, password = ?, dept_code = ?, user_status = ?, create_time = ?, update_time = ?, sync_time = ? where user_id = ?;\":[[81,\"teacher\",\"章老师\",\"8d969eef6ecad3c29a3a629280e686cf0c3f5d5a86aff3ca12020c923adc6c92\",\"jyb\",1,\"2023-09-15 22:19:29\",\"2023-11-12 20:10:05\",\"2023-11-12 20:10:05\",81]],\"insert into pub_callback(uuid,msg_id,sync_uuid,src_project,dest_project,db_name,msg_content,create_time,repeat_count,status,remark) values (?,?,?,?,?,?,?,?,?,?,?);\":[[\"c7ec5859b8b24aeca4802216a92d0731\",\"a51a69498fb9480c85505a144d506fc9\",\"a7705374e2bd4c32bdc938579088951b\",\"admin\",\"club\",\"club_dev\",\"{\\\"plan\\\":\\\"update_admin_club_user\\\",\\\"tables\\\":[{\\\"code\\\":\\\"update_admin_club_user\\\",\\\"unique\\\":[\\\"81\\\"]}],\\\"createTime\\\":\\\"2023-11-12 20:10:04\\\",\\\"src\\\":\\\"admin\\\",\\\"msgId\\\":\\\"a51a69498fb9480c85505a144d506fc9\\\"}\",\"2023-11-12 20:10:05\",0,\"wait\",\"更新用户回调\"]],\"影响行数\":[1,1]}', '2023-11-12 20:10:04', '2023-11-12 20:10:05', 'success', '', 1, NULL, b'1');
INSERT INTO `sync_result` VALUES ('a79e4b7ec1df475da1a467cb8d637ea2', '0bde11510a5d4c8b87b8c1ff0ffed307', 'update_admin_club_user', '更新系统用户', 'active_mq', 'ID:DESKTOP-JEORO4F-57318-1699710101300-6:4:1:1:2', '4adbe6f370dd42ac85b1543887a3af19', '{\"plan\":\"update_admin_club_user\",\"tables\":[{\"code\":\"update_admin_club_user\",\"unique\":[\"61\"]}],\"createTime\":\"2023-11-11 21:42:40\",\"src\":\"admin\",\"msgId\":\"4adbe6f370dd42ac85b1543887a3af19\"}', 'admin', 'club', '{\"update club_user set user_id = ?, username = ?, real_name = ?, password = ?, dept_code = ?, user_status = ?, create_time = ?, update_time = ?, sync_time = ? where user_id = ?;\":[[61,\"admin\",\"管理员\",\"8d969eef6ecad3c29a3a629280e686cf0c3f5d5a86aff3ca12020c923adc6c92\",\"yfb\",1,\"2022-05-01 23:27:25\",\"2023-11-11 21:42:41\",\"2023-11-11 21:42:40\",61]],\"insert into pub_callback(uuid,msg_id,sync_uuid,src_project,dest_project,db_name,msg_content,create_time,repeat_count,status,remark) values (?,?,?,?,?,?,?,?,?,?,?);\":[[\"16004435ae6142c1ae935c425c571fc2\",\"4adbe6f370dd42ac85b1543887a3af19\",\"a79e4b7ec1df475da1a467cb8d637ea2\",\"admin\",\"club\",\"club_dev\",\"{\\\"plan\\\":\\\"update_admin_club_user\\\",\\\"tables\\\":[{\\\"code\\\":\\\"update_admin_club_user\\\",\\\"unique\\\":[\\\"61\\\"]}],\\\"createTime\\\":\\\"2023-11-11 21:42:40\\\",\\\"src\\\":\\\"admin\\\",\\\"msgId\\\":\\\"4adbe6f370dd42ac85b1543887a3af19\\\"}\",\"2023-11-11 21:42:40\",0,\"wait\",\"更新用户回调\"]],\"影响行数\":[1,1]}', '2023-11-11 21:42:40', '2023-11-11 21:42:41', 'success', '', 1, NULL, b'1');
INSERT INTO `sync_result` VALUES ('a7f27282def042f680bbe57b7ec80622', '0bde11510a5d4c8b87b8c1ff0ffed307', 'update_admin_club_user', '更新系统用户', 'active_mq', 'ID:DESKTOP-JEORO4F-58861-1715950805196-6:2:1:1:1', '98bbb06eff22405081eadb1e61d28f67', '{\"plan\":\"update_admin_club_user\",\"tables\":[{\"code\":\"update_admin_club_user\",\"unique\":[\"82\"]}],\"createTime\":\"2024-05-17 21:00:40\",\"src\":\"admin\",\"msgId\":\"98bbb06eff22405081eadb1e61d28f67\"}', 'admin', 'club', NULL, '2024-05-17 21:00:40', '2024-05-17 21:00:51', 'fail', '未知异常,tableCode:update_admin_club_user,msg:null,目标库:null,error:org.springframework.jdbc.BadSqlGrammarException: PreparedStatementCallback; bad SQL grammar [update club_user set user_id = ?, username = ?, real_name = ?, password = ?, dept_code = ?, user_status = ?, create_time = ?, update_time = ?, sync_time = ? where user_id = ?;]; nested exception is java.sql.BatchUpdateException: Unknown column \'real_name\' in \'field list\'', 3, NULL, b'1');
INSERT INTO `sync_result` VALUES ('abf90bdaecac4b7aac5b6ed69f2df272', '0bde11510a5d4c8b87b8c1ff0ffed307', 'update_admin_club_user', '更新系统用户', 'active_mq', 'ID:DESKTOP-JEORO4F-58423-1699788552975-6:11:1:1:2', '099ffe27929244ebb7ffd59789f21037', '{\"plan\":\"update_admin_club_user\",\"tables\":[{\"code\":\"update_admin_club_user\",\"unique\":[\"61\"]}],\"createTime\":\"2023-11-12 19:49:20\",\"src\":\"admin\",\"msgId\":\"099ffe27929244ebb7ffd59789f21037\"}', 'admin', 'club', '{\"update club_user set user_id = ?, username = ?, real_name = ?, password = ?, dept_code = ?, user_status = ?, create_time = ?, update_time = ?, sync_time = ? where user_id = ?;\":[[61,\"admin\",\"管理员\",\"8d969eef6ecad3c29a3a629280e686cf0c3f5d5a86aff3ca12020c923adc6c92\",\"yfb\",1,\"2022-05-01 23:27:25\",\"2023-11-12 19:49:20\",\"2023-11-12 19:49:21\",61]],\"insert into pub_callback(uuid,msg_id,sync_uuid,src_project,dest_project,db_name,msg_content,create_time,repeat_count,status,remark) values (?,?,?,?,?,?,?,?,?,?,?);\":[[\"9bef9cf89d6041b8bbb18d180f945483\",\"099ffe27929244ebb7ffd59789f21037\",\"abf90bdaecac4b7aac5b6ed69f2df272\",\"admin\",\"club\",\"club_dev\",\"{\\\"plan\\\":\\\"update_admin_club_user\\\",\\\"tables\\\":[{\\\"code\\\":\\\"update_admin_club_user\\\",\\\"unique\\\":[\\\"61\\\"]}],\\\"createTime\\\":\\\"2023-11-12 19:49:20\\\",\\\"src\\\":\\\"admin\\\",\\\"msgId\\\":\\\"099ffe27929244ebb7ffd59789f21037\\\"}\",\"2023-11-12 19:49:21\",0,\"wait\",\"更新用户回调\"]],\"影响行数\":[1,1]}', '2023-11-12 19:49:20', '2023-11-12 19:49:21', 'success', '', 1, NULL, b'1');
INSERT INTO `sync_result` VALUES ('ac78f940da8f47b98a0d6da68b561e63', '0bde11510a5d4c8b87b8c1ff0ffed307', 'update_admin_club_user', '更新系统用户', 'active_mq', 'ID:DESKTOP-JEORO4F-58423-1699788552975-6:6:1:1:1', 'b0005975091047388949acf491fc7c68', '{\"plan\":\"update_admin_club_user\",\"tables\":[{\"code\":\"update_admin_club_user\",\"unique\":[\"82\"]}],\"createTime\":\"2023-11-12 19:32:32\",\"src\":\"admin\",\"msgId\":\"b0005975091047388949acf491fc7c68\"}', 'admin', 'club', '{\"update club_user set user_id = ?, username = ?, real_name = ?, password = ?, dept_code = ?, user_status = ?, create_time = ?, update_time = ?, sync_time = ? where user_id = ?;\":[[82,\"student\",\"学生\",\"8d969eef6ecad3c29a3a629280e686cf0c3f5d5a86aff3ca12020c923adc6c92\",\"csb\",1,\"2023-09-15 22:21:33\",\"2023-11-12 19:32:32\",\"2023-11-12 19:32:32\",82]],\"insert into pub_callback(uuid,msg_id,sync_uuid,src_project,dest_project,db_name,msg_content,create_time,repeat_count,status,remark) values (?,?,?,?,?,?,?,?,?,?,?);\":[[\"7bba1e748fb249eea3ca7431b48a3686\",\"b0005975091047388949acf491fc7c68\",\"ac78f940da8f47b98a0d6da68b561e63\",\"admin\",\"club\",\"club_dev\",\"{\\\"plan\\\":\\\"update_admin_club_user\\\",\\\"tables\\\":[{\\\"code\\\":\\\"update_admin_club_user\\\",\\\"unique\\\":[\\\"82\\\"]}],\\\"createTime\\\":\\\"2023-11-12 19:32:32\\\",\\\"src\\\":\\\"admin\\\",\\\"msgId\\\":\\\"b0005975091047388949acf491fc7c68\\\"}\",\"2023-11-12 19:32:32\",0,\"wait\",\"更新用户回调\"]],\"影响行数\":[1,1]}', '2023-11-12 19:32:32', '2023-11-12 19:32:32', 'success', '', 1, NULL, b'1');
INSERT INTO `sync_result` VALUES ('af0fbd5197ee42e6ba4aecf2b9b51c63', '0bde11510a5d4c8b87b8c1ff0ffed307', 'update_admin_club_user', '更新系统用户', 'active_mq', 'ID:DESKTOP-JEORO4F-57318-1699710101300-6:7:1:1:1', '1dab1f3c6ae24a45a379435f17a45b20', '{\"plan\":\"update_admin_club_user\",\"tables\":[{\"code\":\"update_admin_club_user\",\"unique\":[\"81\"]}],\"createTime\":\"2023-11-11 21:42:33\",\"src\":\"admin\",\"msgId\":\"1dab1f3c6ae24a45a379435f17a45b20\"}', 'admin', 'club', '{\"update club_user set user_id = ?, username = ?, real_name = ?, password = ?, dept_code = ?, user_status = ?, create_time = ?, update_time = ?, sync_time = ? where user_id = ?;\":[[81,\"teacher\",\"章老师\",\"8d969eef6ecad3c29a3a629280e686cf0c3f5d5a86aff3ca12020c923adc6c92\",\"jyb\",1,\"2023-09-15 22:19:29\",\"2023-11-11 21:42:33\",\"2023-11-11 21:42:33\",81]],\"insert into pub_callback(uuid,msg_id,sync_uuid,src_project,dest_project,db_name,msg_content,create_time,repeat_count,status,remark) values (?,?,?,?,?,?,?,?,?,?,?);\":[[\"06104ac032e24f19969edd2386bc46d2\",\"1dab1f3c6ae24a45a379435f17a45b20\",\"af0fbd5197ee42e6ba4aecf2b9b51c63\",\"admin\",\"club\",\"club_dev\",\"{\\\"plan\\\":\\\"update_admin_club_user\\\",\\\"tables\\\":[{\\\"code\\\":\\\"update_admin_club_user\\\",\\\"unique\\\":[\\\"81\\\"]}],\\\"createTime\\\":\\\"2023-11-11 21:42:33\\\",\\\"src\\\":\\\"admin\\\",\\\"msgId\\\":\\\"1dab1f3c6ae24a45a379435f17a45b20\\\"}\",\"2023-11-11 21:42:33\",0,\"wait\",\"更新用户回调\"]],\"影响行数\":[0,1]}', '2023-11-11 21:42:33', '2023-11-11 21:42:34', 'success', '', 1, NULL, b'1');
INSERT INTO `sync_result` VALUES ('b12402e81b634886ae1754215a6ea583', '0bde11510a5d4c8b87b8c1ff0ffed307', 'update_admin_club_user', '更新系统用户', 'active_mq', 'ID:DESKTOP-JEORO4F-55889-1699708425969-6:7:1:1:1', '3a4263aae7e940479188f7409cddd85a', '{\"plan\":\"update_admin_club_user\",\"tables\":[{\"code\":\"update_admin_club_user\",\"unique\":[\"61\"]}],\"createTime\":\"2023-11-11 21:16:10\",\"src\":\"admin\",\"msgId\":\"3a4263aae7e940479188f7409cddd85a\"}', 'admin', 'club', NULL, '2023-11-11 21:16:10', '2023-11-11 21:16:11', 'success', '未知异常,tableCode:pub_callback,msg:{\"plan\":\"update_admin_club_user\",\"tables\":[{\"code\":\"update_admin_club_user\",\"unique\":[\"61\"]}],\"createTime\":\"2023-11-11 21:16:10\",\"src\":\"admin\",\"msgId\":\"3a4263aae7e940479188f7409cddd85a\"},目标库:club:club_dev,error:org.springframework.jdbc.BadSqlGrammarException: PreparedStatementCallback; bad SQL grammar [insert into pub_callback(uuid,msg_id,sync_uuid,src_project,dest_project,db_name,msg_content,create_time,repeat_count,status,remark) values (?,?,?,?,?,?,?,?,?,?,?);]; nested exception is java.sql.BatchUpdateException: Unknown column \'msg_id\' in \'field list\'', 1, '系统标记成功', b'1');
INSERT INTO `sync_result` VALUES ('b24f97f90ae4406590f54fe33feb6b00', '0bde11510a5d4c8b87b8c1ff0ffed307', 'update_admin_club_user', '更新系统用户', 'active_mq', 'ID:DESKTOP-JEORO4F-58423-1699788552975-6:2:1:1:1', '26bca54908bd47f28de997247f18a8c4', '{\"plan\":\"update_admin_club_user\",\"tables\":[{\"code\":\"update_admin_club_user\",\"unique\":[\"82\"]}],\"createTime\":\"2023-11-12 19:30:09\",\"src\":\"admin\",\"msgId\":\"26bca54908bd47f28de997247f18a8c4\"}', 'admin', 'club', '{\"update club_user set user_id = ?, username = ?, real_name = ?, password = ?, dept_code = ?, user_status = ?, create_time = ?, update_time = ?, sync_time = ? where user_id = ?;\":[[82,\"student\",\"学生\",\"8d969eef6ecad3c29a3a629280e686cf0c3f5d5a86aff3ca12020c923adc6c92\",\"csb\",1,\"2023-09-15 22:21:33\",\"2023-11-12 19:30:09\",\"2023-11-12 19:30:10\",82]],\"insert into pub_callback(uuid,msg_id,sync_uuid,src_project,dest_project,db_name,msg_content,create_time,repeat_count,status,remark) values (?,?,?,?,?,?,?,?,?,?,?);\":[[\"28dd0c016c20477cafc93b3169aec1cc\",\"26bca54908bd47f28de997247f18a8c4\",\"b24f97f90ae4406590f54fe33feb6b00\",\"admin\",\"club\",\"club_dev\",\"{\\\"plan\\\":\\\"update_admin_club_user\\\",\\\"tables\\\":[{\\\"code\\\":\\\"update_admin_club_user\\\",\\\"unique\\\":[\\\"82\\\"]}],\\\"createTime\\\":\\\"2023-11-12 19:30:09\\\",\\\"src\\\":\\\"admin\\\",\\\"msgId\\\":\\\"26bca54908bd47f28de997247f18a8c4\\\"}\",\"2023-11-12 19:30:10\",0,\"wait\",\"更新用户回调\"]],\"影响行数\":[1,1]}', '2023-11-12 19:30:09', '2023-11-12 19:30:10', 'success', '', 1, NULL, b'1');
INSERT INTO `sync_result` VALUES ('b2d55cbe400b44f093e80d549e4c29dd', '0bde11510a5d4c8b87b8c1ff0ffed307', 'update_admin_club_user', '更新系统用户', 'active_mq', 'ID:DESKTOP-JEORO4F-58861-1715950805196-6:2:1:1:1', '98bbb06eff22405081eadb1e61d28f67', '{\"plan\":\"update_admin_club_user\",\"tables\":[{\"code\":\"update_admin_club_user\",\"unique\":[\"82\"]}],\"createTime\":\"2024-05-17 21:00:40\",\"src\":\"admin\",\"msgId\":\"98bbb06eff22405081eadb1e61d28f67\"}', 'admin', 'club', NULL, '2024-05-17 21:00:40', '2024-05-17 21:00:41', 'fail', '未知异常,tableCode:update_admin_club_user,msg:null,目标库:null,error:org.springframework.jdbc.BadSqlGrammarException: PreparedStatementCallback; bad SQL grammar [update club_user set user_id = ?, username = ?, real_name = ?, password = ?, dept_code = ?, user_status = ?, create_time = ?, update_time = ?, sync_time = ? where user_id = ?;]; nested exception is java.sql.BatchUpdateException: Unknown column \'real_name\' in \'field list\'', 1, NULL, b'1');
INSERT INTO `sync_result` VALUES ('b7662c12d59f4a96b0daaf157ed265f8', '0bde11510a5d4c8b87b8c1ff0ffed307', 'update_admin_club_user', '更新系统用户', 'active_mq', 'ID:DESKTOP-JEORO4F-55889-1699708425969-6:7:1:1:1', '3a4263aae7e940479188f7409cddd85a', '{\"plan\":\"update_admin_club_user\",\"tables\":[{\"code\":\"update_admin_club_user\",\"unique\":[\"61\"]}],\"createTime\":\"2023-11-11 21:16:10\",\"src\":\"admin\",\"msgId\":\"3a4263aae7e940479188f7409cddd85a\"}', 'admin', 'club', NULL, '2023-11-11 21:16:10', '2023-11-11 21:16:16', 'success', '未知异常,tableCode:pub_callback,msg:{\"plan\":\"update_admin_club_user\",\"tables\":[{\"code\":\"update_admin_club_user\",\"unique\":[\"61\"]}],\"createTime\":\"2023-11-11 21:16:10\",\"src\":\"admin\",\"msgId\":\"3a4263aae7e940479188f7409cddd85a\"},目标库:club:club_dev,error:org.springframework.jdbc.BadSqlGrammarException: PreparedStatementCallback; bad SQL grammar [insert into pub_callback(uuid,msg_id,sync_uuid,src_project,dest_project,db_name,msg_content,create_time,repeat_count,status,remark) values (?,?,?,?,?,?,?,?,?,?,?);]; nested exception is java.sql.BatchUpdateException: Unknown column \'msg_id\' in \'field list\'', 2, '系统标记成功', b'1');
INSERT INTO `sync_result` VALUES ('b983ad97ffea4b7d8f7d662ed99ffe12', '0bde11510a5d4c8b87b8c1ff0ffed307', 'update_admin_club_user', '更新系统用户', 'active_mq', 'ID:DESKTOP-JEORO4F-57318-1699710101300-6:8:1:1:1', '62a0149a53df4ce79316c9203f150406', '{\"plan\":\"update_admin_club_user\",\"tables\":[{\"code\":\"update_admin_club_user\",\"unique\":[\"82\"]}],\"createTime\":\"2023-11-11 21:42:36\",\"src\":\"admin\",\"msgId\":\"62a0149a53df4ce79316c9203f150406\"}', 'admin', 'club', '{\"update club_user set user_id = ?, username = ?, real_name = ?, password = ?, dept_code = ?, user_status = ?, create_time = ?, update_time = ?, sync_time = ? where user_id = ?;\":[[82,\"student\",\"学生\",\"8d969eef6ecad3c29a3a629280e686cf0c3f5d5a86aff3ca12020c923adc6c92\",\"csb\",1,\"2023-09-15 22:21:33\",\"2023-11-11 21:42:37\",\"2023-11-11 21:42:36\",82]],\"insert into pub_callback(uuid,msg_id,sync_uuid,src_project,dest_project,db_name,msg_content,create_time,repeat_count,status,remark) values (?,?,?,?,?,?,?,?,?,?,?);\":[[\"0c23425bfab643458c28784a28d22ad7\",\"62a0149a53df4ce79316c9203f150406\",\"b983ad97ffea4b7d8f7d662ed99ffe12\",\"admin\",\"club\",\"club_dev\",\"{\\\"plan\\\":\\\"update_admin_club_user\\\",\\\"tables\\\":[{\\\"code\\\":\\\"update_admin_club_user\\\",\\\"unique\\\":[\\\"82\\\"]}],\\\"createTime\\\":\\\"2023-11-11 21:42:36\\\",\\\"src\\\":\\\"admin\\\",\\\"msgId\\\":\\\"62a0149a53df4ce79316c9203f150406\\\"}\",\"2023-11-11 21:42:36\",0,\"wait\",\"更新用户回调\"]],\"影响行数\":[0,1]}', '2023-11-11 21:42:36', '2023-11-11 21:42:37', 'success', '', 1, NULL, b'1');
INSERT INTO `sync_result` VALUES ('ba4e1b4e6bb24fadb19833c928629f5d', '0bde11510a5d4c8b87b8c1ff0ffed307', 'update_admin_club_user', '更新系统用户', 'active_mq', 'ID:DESKTOP-JEORO4F-58423-1699788552975-6:11:1:1:1', '81045450445f40ad83624e73c432ced4', '{\"plan\":\"update_admin_club_user\",\"tables\":[{\"code\":\"update_admin_club_user\",\"unique\":[\"82\"]}],\"createTime\":\"2023-11-12 19:49:13\",\"src\":\"admin\",\"msgId\":\"81045450445f40ad83624e73c432ced4\"}', 'admin', 'club', '{\"update club_user set user_id = ?, username = ?, real_name = ?, password = ?, dept_code = ?, user_status = ?, create_time = ?, update_time = ?, sync_time = ? where user_id = ?;\":[[82,\"student\",\"学生\",\"8d969eef6ecad3c29a3a629280e686cf0c3f5d5a86aff3ca12020c923adc6c92\",\"csb\",1,\"2023-09-15 22:21:33\",\"2023-11-12 19:49:14\",\"2023-11-12 19:49:13\",82]],\"insert into pub_callback(uuid,msg_id,sync_uuid,src_project,dest_project,db_name,msg_content,create_time,repeat_count,status,remark) values (?,?,?,?,?,?,?,?,?,?,?);\":[[\"1f3a4992ec8f464faa85db74b44fdeae\",\"81045450445f40ad83624e73c432ced4\",\"ba4e1b4e6bb24fadb19833c928629f5d\",\"admin\",\"club\",\"club_dev\",\"{\\\"plan\\\":\\\"update_admin_club_user\\\",\\\"tables\\\":[{\\\"code\\\":\\\"update_admin_club_user\\\",\\\"unique\\\":[\\\"82\\\"]}],\\\"createTime\\\":\\\"2023-11-12 19:49:13\\\",\\\"src\\\":\\\"admin\\\",\\\"msgId\\\":\\\"81045450445f40ad83624e73c432ced4\\\"}\",\"2023-11-12 19:49:13\",0,\"wait\",\"更新用户回调\"]],\"影响行数\":[1,1]}', '2023-11-12 19:49:13', '2023-11-12 19:49:14', 'success', '', 1, NULL, b'1');
INSERT INTO `sync_result` VALUES ('be60e8be51b34f299db19ca1145f17a4', NULL, NULL, NULL, 'active_mq', 'ID:DESKTOP-JEORO4F-51586-1700289289753-1:1:1:1:1', 'cda0faf78156460fbf76b9c0e26c0cc8', '{\"plan\":\"update_club_admin_user\",\"tables\":[{\"code\":\"update_club_admin_user\",\"unique\":[\"1\"]}],\"createTime\":\"2023-11-18 14:34:48\",\"src\":\"club\",\"msgId\":\"cda0faf78156460fbf76b9c0e26c0cc8\"}', NULL, NULL, NULL, '2023-11-18 14:34:48', '2023-11-18 14:35:15', 'fail', '同步计划不存在,{\"plan\":\"update_club_admin_user\",\"tables\":[{\"code\":\"update_club_admin_user\",\"unique\":[\"1\"]}],\"createTime\":\"2023-11-18 14:34:48\",\"src\":\"club\",\"msgId\":\"cda0faf78156460fbf76b9c0e26c0cc8\"}', 6, NULL, b'1');
INSERT INTO `sync_result` VALUES ('c01bff6b658d406988d4041cd8e4322d', '0bde11510a5d4c8b87b8c1ff0ffed307', 'update_admin_club_user', '更新系统用户', 'active_mq', 'ID:DESKTOP-JEORO4F-57223-1699710000158-6:2:1:1:1', '345f7568977b46c890ada6373b7cdec8', '{\"plan\":\"update_admin_club_user\",\"tables\":[{\"code\":\"update_admin_club_user\",\"unique\":[\"82\"]}],\"createTime\":\"2023-11-11 21:40:08\",\"src\":\"admin\",\"msgId\":\"345f7568977b46c890ada6373b7cdec8\"}', 'admin', 'club', '{\"update club_user set user_id = ?, username = ?, real_name = ?, password = ?, dept_code = ?, user_status = ?, create_time = ?, update_time = ?, sync_time = ? where user_id = ?;\":[[82,\"student\",\"学生\",\"8d969eef6ecad3c29a3a629280e686cf0c3f5d5a86aff3ca12020c923adc6c92\",\"csb\",1,\"2023-09-15 22:21:33\",\"2023-11-11 21:40:08\",\"2023-11-11 21:41:43\",82]],\"insert into pub_callback(uuid,msg_id,sync_uuid,src_project,dest_project,db_name,msg_content,create_time,repeat_count,status,remark) values (?,?,?,?,?,?,?,?,?,?,?);\":[[\"5fcedc18a7ba44d0a4b2b83423937892\",\"345f7568977b46c890ada6373b7cdec8\",\"c01bff6b658d406988d4041cd8e4322d\",\"admin\",\"club\",\"club_dev\",\"{\\\"plan\\\":\\\"update_admin_club_user\\\",\\\"tables\\\":[{\\\"code\\\":\\\"update_admin_club_user\\\",\\\"unique\\\":[\\\"82\\\"]}],\\\"createTime\\\":\\\"2023-11-11 21:40:08\\\",\\\"src\\\":\\\"admin\\\",\\\"msgId\\\":\\\"345f7568977b46c890ada6373b7cdec8\\\"}\",\"2023-11-11 21:41:43\",0,\"wait\",\"更新用户回调\"]],\"影响行数\":[0,1]}', '2023-11-11 21:40:08', '2023-11-11 21:41:44', 'success', '', 1, NULL, b'1');
INSERT INTO `sync_result` VALUES ('c0e3ec40464e4e398a7e0fd4a18f0fe3', '0bde11510a5d4c8b87b8c1ff0ffed307', 'update_admin_club_user', '更新系统用户', 'active_mq', 'ID:DESKTOP-JEORO4F-56388-1699709073213-6:3:1:1:1', '1ba642a943194e06bcee3dd57e0a00dd', '{\"plan\":\"update_admin_club_user\",\"tables\":[{\"code\":\"update_admin_club_user\",\"unique\":[\"81\"]}],\"createTime\":\"2023-11-11 21:24:42\",\"src\":\"admin\",\"msgId\":\"1ba642a943194e06bcee3dd57e0a00dd\"}', 'admin', 'club', '{\"update club_user set user_id = ?, username = ?, real_name = ?, password = ?, dept_code = ?, user_status = ?, create_time = ?, update_time = ?, sync_time = ? where user_id = ?;\":[[81,\"teacher\",\"章老师\",\"8d969eef6ecad3c29a3a629280e686cf0c3f5d5a86aff3ca12020c923adc6c92\",\"jyb\",1,\"2023-09-15 22:19:29\",\"2023-11-11 21:24:43\",\"2023-11-11 21:24:43\",81]],\"insert into pub_callback(uuid,msg_id,sync_uuid,src_project,dest_project,db_name,msg_content,create_time,repeat_count,status,remark) values (?,?,?,?,?,?,?,?,?,?,?);\":[[\"ff31aa052e2843ffad9cede611bfe10f\",\"1ba642a943194e06bcee3dd57e0a00dd\",\"c0e3ec40464e4e398a7e0fd4a18f0fe3\",\"admin\",\"club\",\"club_dev\",\"{\\\"plan\\\":\\\"update_admin_club_user\\\",\\\"tables\\\":[{\\\"code\\\":\\\"update_admin_club_user\\\",\\\"unique\\\":[\\\"81\\\"]}],\\\"createTime\\\":\\\"2023-11-11 21:24:42\\\",\\\"src\\\":\\\"admin\\\",\\\"msgId\\\":\\\"1ba642a943194e06bcee3dd57e0a00dd\\\"}\",\"2023-11-11 21:24:43\",0,\"wait\",\"更新用户回调\"]],\"影响行数\":[0,1]}', '2023-11-11 21:24:42', '2023-11-11 21:24:43', 'success', '', 1, NULL, b'1');
INSERT INTO `sync_result` VALUES ('c33c48f12cb64ed9aeb6a90788b870ae', '0bde11510a5d4c8b87b8c1ff0ffed307', 'update_admin_club_user', '更新系统用户', 'active_mq', 'ID:DESKTOP-JEORO4F-63427-1700272600818-6:2:1:1:1', 'befbb767e18d4ddea42e35ce65412ba6', '{\"plan\":\"update_admin_club_user\",\"tables\":[{\"code\":\"update_admin_club_user\",\"unique\":[\"82\"]}],\"createTime\":\"2023-11-18 10:08:22\",\"src\":\"admin\",\"msgId\":\"befbb767e18d4ddea42e35ce65412ba6\"}', 'admin', 'club', '{\"update club_user set user_id = ?, username = ?, real_name = ?, password = ?, dept_code = ?, user_status = ?, create_time = ?, update_time = ?, sync_time = ? where user_id = ?;\":[[82,\"student\",\"学生\",\"8d969eef6ecad3c29a3a629280e686cf0c3f5d5a86aff3ca12020c923adc6c92\",\"csb\",1,\"2023-09-15 22:21:33\",\"2023-11-18 10:08:22\",\"2023-11-18 10:08:22\",82]],\"insert into pub_callback(uuid,msg_id,sync_uuid,src_project,dest_project,db_name,msg_content,create_time,repeat_count,status,remark) values (?,?,?,?,?,?,?,?,?,?,?);\":[[\"a2c9d81ff02c44f193e4102eed4a1c37\",\"befbb767e18d4ddea42e35ce65412ba6\",\"c33c48f12cb64ed9aeb6a90788b870ae\",\"admin\",\"club\",\"club_dev\",\"{\\\"plan\\\":\\\"update_admin_club_user\\\",\\\"tables\\\":[{\\\"code\\\":\\\"update_admin_club_user\\\",\\\"unique\\\":[\\\"82\\\"]}],\\\"createTime\\\":\\\"2023-11-18 10:08:22\\\",\\\"src\\\":\\\"admin\\\",\\\"msgId\\\":\\\"befbb767e18d4ddea42e35ce65412ba6\\\"}\",\"2023-11-18 10:08:22\",0,\"wait\",\"更新用户回调\"]],\"影响行数\":[1,1]}', '2023-11-18 10:08:22', '2023-11-18 10:08:23', 'success', '', 1, NULL, b'1');
INSERT INTO `sync_result` VALUES ('cce698e236384525a0f26c95360df4b9', '0bde11510a5d4c8b87b8c1ff0ffed307', 'update_admin_club_user', '更新系统用户', 'active_mq', 'ID:DESKTOP-JEORO4F-55889-1699708425969-6:6:1:1:1', '63abe6bfc20345e9ad038bfba6d64a98', '{\"plan\":\"update_admin_club_user\",\"tables\":[{\"code\":\"update_admin_club_user\",\"unique\":[\"81\"]}],\"createTime\":\"2023-11-11 21:16:08\",\"src\":\"admin\",\"msgId\":\"63abe6bfc20345e9ad038bfba6d64a98\"}', 'admin', 'club', NULL, '2023-11-11 21:16:08', '2023-11-11 21:16:09', 'fail', '未知异常,tableCode:pub_callback,msg:{\"plan\":\"update_admin_club_user\",\"tables\":[{\"code\":\"update_admin_club_user\",\"unique\":[\"81\"]}],\"createTime\":\"2023-11-11 21:16:08\",\"src\":\"admin\",\"msgId\":\"63abe6bfc20345e9ad038bfba6d64a98\"},目标库:club:club_dev,error:org.springframework.jdbc.BadSqlGrammarException: PreparedStatementCallback; bad SQL grammar [insert into pub_callback(uuid,msg_id,sync_uuid,src_project,dest_project,db_name,msg_content,create_time,repeat_count,status,remark) values (?,?,?,?,?,?,?,?,?,?,?);]; nested exception is java.sql.BatchUpdateException: Unknown column \'msg_id\' in \'field list\'', 1, NULL, b'1');
INSERT INTO `sync_result` VALUES ('cd3a3bdc665e4c51b0776ab359598559', '0bde11510a5d4c8b87b8c1ff0ffed307', 'update_admin_club_user', '更新系统用户', 'active_mq', 'ID:DESKTOP-JEORO4F-56388-1699709073213-6:2:1:1:1', 'e1a6a6e0f51c4b13bbadd37fea430194', '{\"plan\":\"update_admin_club_user\",\"tables\":[{\"code\":\"update_admin_club_user\",\"unique\":[\"82\"]}],\"createTime\":\"2023-11-11 21:24:41\",\"src\":\"admin\",\"msgId\":\"e1a6a6e0f51c4b13bbadd37fea430194\"}', 'admin', 'club', '{\"update club_user set user_id = ?, username = ?, real_name = ?, password = ?, dept_code = ?, user_status = ?, create_time = ?, update_time = ?, sync_time = ? where user_id = ?;\":[[82,\"student\",\"学生\",\"8d969eef6ecad3c29a3a629280e686cf0c3f5d5a86aff3ca12020c923adc6c92\",\"csb\",1,\"2023-09-15 22:21:33\",\"2023-11-11 21:24:41\",\"2023-11-11 21:24:42\",82]],\"insert into pub_callback(uuid,msg_id,sync_uuid,src_project,dest_project,db_name,msg_content,create_time,repeat_count,status,remark) values (?,?,?,?,?,?,?,?,?,?,?);\":[[\"3b4506e0b2ab431e9c74ae4c5ea057da\",\"e1a6a6e0f51c4b13bbadd37fea430194\",\"cd3a3bdc665e4c51b0776ab359598559\",\"admin\",\"club\",\"club_dev\",\"{\\\"plan\\\":\\\"update_admin_club_user\\\",\\\"tables\\\":[{\\\"code\\\":\\\"update_admin_club_user\\\",\\\"unique\\\":[\\\"82\\\"]}],\\\"createTime\\\":\\\"2023-11-11 21:24:41\\\",\\\"src\\\":\\\"admin\\\",\\\"msgId\\\":\\\"e1a6a6e0f51c4b13bbadd37fea430194\\\"}\",\"2023-11-11 21:24:42\",0,\"wait\",\"更新用户回调\"]],\"影响行数\":[0,1]}', '2023-11-11 21:24:41', '2023-11-11 21:24:42', 'success', '', 1, NULL, b'1');
INSERT INTO `sync_result` VALUES ('cec18c776b3b4434b836a82b5f89804f', '0bde11510a5d4c8b87b8c1ff0ffed307', 'update_admin_club_user', '更新系统用户', 'active_mq', 'ID:DESKTOP-JEORO4F-58423-1699788552975-6:6:1:1:2', 'b1210f7bbbed4836aa7b915201ba118d', '{\"plan\":\"update_admin_club_user\",\"tables\":[{\"code\":\"update_admin_club_user\",\"unique\":[\"61\"]}],\"createTime\":\"2023-11-12 19:32:39\",\"src\":\"admin\",\"msgId\":\"b1210f7bbbed4836aa7b915201ba118d\"}', 'admin', 'club', '{\"update club_user set user_id = ?, username = ?, real_name = ?, password = ?, dept_code = ?, user_status = ?, create_time = ?, update_time = ?, sync_time = ? where user_id = ?;\":[[61,\"admin\",\"管理员\",\"8d969eef6ecad3c29a3a629280e686cf0c3f5d5a86aff3ca12020c923adc6c92\",\"yfb\",1,\"2022-05-01 23:27:25\",\"2023-11-12 19:32:39\",\"2023-11-12 19:32:39\",61]],\"insert into pub_callback(uuid,msg_id,sync_uuid,src_project,dest_project,db_name,msg_content,create_time,repeat_count,status,remark) values (?,?,?,?,?,?,?,?,?,?,?);\":[[\"66ada658e36849b1986979649b7a8006\",\"b1210f7bbbed4836aa7b915201ba118d\",\"cec18c776b3b4434b836a82b5f89804f\",\"admin\",\"club\",\"club_dev\",\"{\\\"plan\\\":\\\"update_admin_club_user\\\",\\\"tables\\\":[{\\\"code\\\":\\\"update_admin_club_user\\\",\\\"unique\\\":[\\\"61\\\"]}],\\\"createTime\\\":\\\"2023-11-12 19:32:39\\\",\\\"src\\\":\\\"admin\\\",\\\"msgId\\\":\\\"b1210f7bbbed4836aa7b915201ba118d\\\"}\",\"2023-11-12 19:32:39\",0,\"wait\",\"更新用户回调\"]],\"影响行数\":[1,1]}', '2023-11-12 19:32:39', '2023-11-12 19:32:39', 'success', '', 1, NULL, b'1');
INSERT INTO `sync_result` VALUES ('cec2c6b9855f492897218d59fd036d15', '0bde11510a5d4c8b87b8c1ff0ffed307', 'update_admin_club_user', '更新系统用户', 'active_mq', 'ID:DESKTOP-JEORO4F-57318-1699710101300-6:3:1:1:1', 'a1fa35b3a4f84e469b739db9825170bc', '{\"plan\":\"update_admin_club_user\",\"tables\":[{\"code\":\"update_admin_club_user\",\"unique\":[\"81\"]}],\"createTime\":\"2023-11-11 21:42:00\",\"src\":\"admin\",\"msgId\":\"a1fa35b3a4f84e469b739db9825170bc\"}', 'admin', 'club', '{\"update club_user set user_id = ?, username = ?, real_name = ?, password = ?, dept_code = ?, user_status = ?, create_time = ?, update_time = ?, sync_time = ? where user_id = ?;\":[[81,\"teacher\",\"章老师\",\"8d969eef6ecad3c29a3a629280e686cf0c3f5d5a86aff3ca12020c923adc6c92\",\"jyb\",1,\"2023-09-15 22:19:29\",\"2023-11-11 21:42:00\",\"2023-11-11 21:42:15\",81]],\"insert into pub_callback(uuid,msg_id,sync_uuid,src_project,dest_project,db_name,msg_content,create_time,repeat_count,status,remark) values (?,?,?,?,?,?,?,?,?,?,?);\":[[\"aea7153e2a1e4701ad951027dc826e56\",\"a1fa35b3a4f84e469b739db9825170bc\",\"cec2c6b9855f492897218d59fd036d15\",\"admin\",\"club\",\"club_dev\",\"{\\\"plan\\\":\\\"update_admin_club_user\\\",\\\"tables\\\":[{\\\"code\\\":\\\"update_admin_club_user\\\",\\\"unique\\\":[\\\"81\\\"]}],\\\"createTime\\\":\\\"2023-11-11 21:42:00\\\",\\\"src\\\":\\\"admin\\\",\\\"msgId\\\":\\\"a1fa35b3a4f84e469b739db9825170bc\\\"}\",\"2023-11-11 21:42:15\",0,\"wait\",\"更新用户回调\"]],\"影响行数\":[0,1]}', '2023-11-11 21:42:00', '2023-11-11 21:42:16', 'success', '', 4, NULL, b'1');
INSERT INTO `sync_result` VALUES ('d14414362d6e4b1f859d982a3f12268f', '0bde11510a5d4c8b87b8c1ff0ffed307', 'update_admin_club_user', '更新系统用户', 'active_mq', 'ID:DESKTOP-JEORO4F-56580-1699709320337-6:3:1:1:1', '6c55170c24e54ba294cd1ab6be5694a6', '{\"plan\":\"update_admin_club_user\",\"tables\":[{\"code\":\"update_admin_club_user\",\"unique\":[\"81\"]}],\"createTime\":\"2023-11-11 21:28:49\",\"src\":\"admin\",\"msgId\":\"6c55170c24e54ba294cd1ab6be5694a6\"}', 'admin', 'club', '{\"update club_user set user_id = ?, username = ?, real_name = ?, password = ?, dept_code = ?, user_status = ?, create_time = ?, update_time = ?, sync_time = ? where user_id = ?;\":[[81,\"teacher\",\"章老师\",\"8d969eef6ecad3c29a3a629280e686cf0c3f5d5a86aff3ca12020c923adc6c92\",\"jyb\",1,\"2023-09-15 22:19:29\",\"2023-11-11 21:28:50\",\"2023-11-11 21:28:50\",81]],\"insert into pub_callback(uuid,msg_id,sync_uuid,src_project,dest_project,db_name,msg_content,create_time,repeat_count,status,remark) values (?,?,?,?,?,?,?,?,?,?,?);\":[[\"38f54925763d47ada6eee493249b1055\",\"6c55170c24e54ba294cd1ab6be5694a6\",\"d14414362d6e4b1f859d982a3f12268f\",\"admin\",\"club\",\"club_dev\",\"{\\\"plan\\\":\\\"update_admin_club_user\\\",\\\"tables\\\":[{\\\"code\\\":\\\"update_admin_club_user\\\",\\\"unique\\\":[\\\"81\\\"]}],\\\"createTime\\\":\\\"2023-11-11 21:28:49\\\",\\\"src\\\":\\\"admin\\\",\\\"msgId\\\":\\\"6c55170c24e54ba294cd1ab6be5694a6\\\"}\",\"2023-11-11 21:28:50\",0,\"wait\",\"更新用户回调\"]],\"影响行数\":[0,1]}', '2023-11-11 21:28:49', '2023-11-11 21:28:51', 'success', '', 1, NULL, b'1');
INSERT INTO `sync_result` VALUES ('d17ca24e3b4c4c9cbfd8224d912c7b36', '0bde11510a5d4c8b87b8c1ff0ffed307', 'update_admin_club_user', '更新系统用户', 'active_mq', 'ID:DESKTOP-JEORO4F-58861-1715950805196-6:2:1:1:1', '98bbb06eff22405081eadb1e61d28f67', '{\"plan\":\"update_admin_club_user\",\"tables\":[{\"code\":\"update_admin_club_user\",\"unique\":[\"82\"]}],\"createTime\":\"2024-05-17 21:00:40\",\"src\":\"admin\",\"msgId\":\"98bbb06eff22405081eadb1e61d28f67\"}', 'admin', 'club', NULL, '2024-05-17 21:00:40', '2024-05-17 21:00:46', 'fail', '未知异常,tableCode:update_admin_club_user,msg:null,目标库:null,error:org.springframework.jdbc.BadSqlGrammarException: PreparedStatementCallback; bad SQL grammar [update club_user set user_id = ?, username = ?, real_name = ?, password = ?, dept_code = ?, user_status = ?, create_time = ?, update_time = ?, sync_time = ? where user_id = ?;]; nested exception is java.sql.BatchUpdateException: Unknown column \'real_name\' in \'field list\'', 2, NULL, b'1');
INSERT INTO `sync_result` VALUES ('d1b7d20425114b6fab3bba13728a8b60', NULL, NULL, NULL, 'active_mq', 'ID:DESKTOP-JEORO4F-51586-1700289289753-1:1:1:1:1', 'cda0faf78156460fbf76b9c0e26c0cc8', '{\"plan\":\"update_club_admin_user\",\"tables\":[{\"code\":\"update_club_admin_user\",\"unique\":[\"1\"]}],\"createTime\":\"2023-11-18 14:34:48\",\"src\":\"club\",\"msgId\":\"cda0faf78156460fbf76b9c0e26c0cc8\"}', NULL, NULL, NULL, '2023-11-18 14:34:48', '2023-11-18 14:35:10', 'fail', '同步计划不存在,{\"plan\":\"update_club_admin_user\",\"tables\":[{\"code\":\"update_club_admin_user\",\"unique\":[\"1\"]}],\"createTime\":\"2023-11-18 14:34:48\",\"src\":\"club\",\"msgId\":\"cda0faf78156460fbf76b9c0e26c0cc8\"}', 5, NULL, b'1');
INSERT INTO `sync_result` VALUES ('d48b8c6323e54ae193a23fe2dab12d77', '0bde11510a5d4c8b87b8c1ff0ffed307', 'update_admin_club_user', '更新系统用户', 'active_mq', 'ID:DESKTOP-JEORO4F-55889-1699708425969-6:7:1:1:1', '3a4263aae7e940479188f7409cddd85a', '{\"plan\":\"update_admin_club_user\",\"tables\":[{\"code\":\"update_admin_club_user\",\"unique\":[\"61\"]}],\"createTime\":\"2023-11-11 21:16:10\",\"src\":\"admin\",\"msgId\":\"3a4263aae7e940479188f7409cddd85a\"}', 'admin', 'club', NULL, '2023-11-11 21:16:10', '2023-11-11 21:16:26', 'success', '未知异常,tableCode:pub_callback,msg:{\"plan\":\"update_admin_club_user\",\"tables\":[{\"code\":\"update_admin_club_user\",\"unique\":[\"61\"]}],\"createTime\":\"2023-11-11 21:16:10\",\"src\":\"admin\",\"msgId\":\"3a4263aae7e940479188f7409cddd85a\"},目标库:club:club_dev,error:org.springframework.jdbc.BadSqlGrammarException: PreparedStatementCallback; bad SQL grammar [insert into pub_callback(uuid,msg_id,sync_uuid,src_project,dest_project,db_name,msg_content,create_time,repeat_count,status,remark) values (?,?,?,?,?,?,?,?,?,?,?);]; nested exception is java.sql.BatchUpdateException: Unknown column \'msg_id\' in \'field list\'', 4, '系统标记成功', b'1');
INSERT INTO `sync_result` VALUES ('d88e437a8a804896ac4d93ff13363122', '0bde11510a5d4c8b87b8c1ff0ffed307', 'update_admin_club_user', '更新系统用户', 'active_mq', 'ID:DESKTOP-JEORO4F-58423-1699788552975-6:4:1:1:1', 'df5cc7ff88b74bdb8e9e6f288b3e180e', '{\"plan\":\"update_admin_club_user\",\"tables\":[{\"code\":\"update_admin_club_user\",\"unique\":[\"61\"]}],\"createTime\":\"2023-11-12 19:30:13\",\"src\":\"admin\",\"msgId\":\"df5cc7ff88b74bdb8e9e6f288b3e180e\"}', 'admin', 'club', '{\"update club_user set user_id = ?, username = ?, real_name = ?, password = ?, dept_code = ?, user_status = ?, create_time = ?, update_time = ?, sync_time = ? where user_id = ?;\":[[61,\"admin\",\"管理员\",\"8d969eef6ecad3c29a3a629280e686cf0c3f5d5a86aff3ca12020c923adc6c92\",\"yfb\",1,\"2022-05-01 23:27:25\",\"2023-11-12 19:30:14\",\"2023-11-12 19:30:14\",61]],\"insert into pub_callback(uuid,msg_id,sync_uuid,src_project,dest_project,db_name,msg_content,create_time,repeat_count,status,remark) values (?,?,?,?,?,?,?,?,?,?,?);\":[[\"c72c251ed38a4e37bf8469845f54ceae\",\"df5cc7ff88b74bdb8e9e6f288b3e180e\",\"d88e437a8a804896ac4d93ff13363122\",\"admin\",\"club\",\"club_dev\",\"{\\\"plan\\\":\\\"update_admin_club_user\\\",\\\"tables\\\":[{\\\"code\\\":\\\"update_admin_club_user\\\",\\\"unique\\\":[\\\"61\\\"]}],\\\"createTime\\\":\\\"2023-11-12 19:30:13\\\",\\\"src\\\":\\\"admin\\\",\\\"msgId\\\":\\\"df5cc7ff88b74bdb8e9e6f288b3e180e\\\"}\",\"2023-11-12 19:30:14\",0,\"wait\",\"更新用户回调\"]],\"影响行数\":[1,1]}', '2023-11-12 19:30:13', '2023-11-12 19:30:14', 'success', '', 1, NULL, b'1');
INSERT INTO `sync_result` VALUES ('d93b07894ae64282bd3c2e7c41300090', '0bde11510a5d4c8b87b8c1ff0ffed307', 'update_admin_club_user', '更新系统用户', 'active_mq', 'ID:DESKTOP-JEORO4F-55889-1699708425969-6:6:1:1:1', '63abe6bfc20345e9ad038bfba6d64a98', '{\"plan\":\"update_admin_club_user\",\"tables\":[{\"code\":\"update_admin_club_user\",\"unique\":[\"81\"]}],\"createTime\":\"2023-11-11 21:16:08\",\"src\":\"admin\",\"msgId\":\"63abe6bfc20345e9ad038bfba6d64a98\"}', 'admin', 'club', NULL, '2023-11-11 21:16:08', '2023-11-11 21:16:20', 'fail', '未知异常,tableCode:pub_callback,msg:{\"plan\":\"update_admin_club_user\",\"tables\":[{\"code\":\"update_admin_club_user\",\"unique\":[\"81\"]}],\"createTime\":\"2023-11-11 21:16:08\",\"src\":\"admin\",\"msgId\":\"63abe6bfc20345e9ad038bfba6d64a98\"},目标库:club:club_dev,error:org.springframework.jdbc.BadSqlGrammarException: PreparedStatementCallback; bad SQL grammar [insert into pub_callback(uuid,msg_id,sync_uuid,src_project,dest_project,db_name,msg_content,create_time,repeat_count,status,remark) values (?,?,?,?,?,?,?,?,?,?,?);]; nested exception is java.sql.BatchUpdateException: Unknown column \'msg_id\' in \'field list\'', 3, NULL, b'1');
INSERT INTO `sync_result` VALUES ('d9f9544bcc0f4c58868f04e138ffaa03', '0bde11510a5d4c8b87b8c1ff0ffed307', 'update_admin_club_user', '更新系统用户', 'active_mq', 'ID:DESKTOP-JEORO4F-55889-1699708425969-6:6:1:1:1', '63abe6bfc20345e9ad038bfba6d64a98', '{\"plan\":\"update_admin_club_user\",\"tables\":[{\"code\":\"update_admin_club_user\",\"unique\":[\"81\"]}],\"createTime\":\"2023-11-11 21:16:08\",\"src\":\"admin\",\"msgId\":\"63abe6bfc20345e9ad038bfba6d64a98\"}', 'admin', 'club', NULL, '2023-11-11 21:16:08', '2023-11-11 21:16:30', 'fail', '未知异常,tableCode:pub_callback,msg:{\"plan\":\"update_admin_club_user\",\"tables\":[{\"code\":\"update_admin_club_user\",\"unique\":[\"81\"]}],\"createTime\":\"2023-11-11 21:16:08\",\"src\":\"admin\",\"msgId\":\"63abe6bfc20345e9ad038bfba6d64a98\"},目标库:club:club_dev,error:org.springframework.jdbc.BadSqlGrammarException: PreparedStatementCallback; bad SQL grammar [insert into pub_callback(uuid,msg_id,sync_uuid,src_project,dest_project,db_name,msg_content,create_time,repeat_count,status,remark) values (?,?,?,?,?,?,?,?,?,?,?);]; nested exception is java.sql.BatchUpdateException: Unknown column \'msg_id\' in \'field list\'', 5, NULL, b'1');
INSERT INTO `sync_result` VALUES ('dd5474bf2744421ab2bbde104c4559c1', '0bde11510a5d4c8b87b8c1ff0ffed307', 'update_admin_club_user', '更新系统用户', 'active_mq', 'ID:DESKTOP-JEORO4F-56686-1699709372467-6:5:1:1:2', 'cefda53f8def4bad9cce375406cce23d', '{\"plan\":\"update_admin_club_user\",\"tables\":[{\"code\":\"update_admin_club_user\",\"unique\":[\"61\"]}],\"createTime\":\"2023-11-11 21:30:36\",\"src\":\"admin\",\"msgId\":\"cefda53f8def4bad9cce375406cce23d\"}', 'admin', 'club', '{\"update club_user set user_id = ?, username = ?, real_name = ?, password = ?, dept_code = ?, user_status = ?, create_time = ?, update_time = ?, sync_time = ? where user_id = ?;\":[[61,\"admin\",\"管理员\",\"8d969eef6ecad3c29a3a629280e686cf0c3f5d5a86aff3ca12020c923adc6c92\",\"yfb\",1,\"2022-05-01 23:27:25\",\"2023-11-11 21:30:36\",\"2023-11-11 21:30:36\",61]],\"insert into pub_callback(uuid,msg_id,sync_uuid,src_project,dest_project,db_name,msg_content,create_time,repeat_count,status,remark) values (?,?,?,?,?,?,?,?,?,?,?);\":[[\"676610c4ffeb4e18a8968d81300c6ca3\",\"cefda53f8def4bad9cce375406cce23d\",\"dd5474bf2744421ab2bbde104c4559c1\",\"admin\",\"club\",\"club_dev\",\"{\\\"plan\\\":\\\"update_admin_club_user\\\",\\\"tables\\\":[{\\\"code\\\":\\\"update_admin_club_user\\\",\\\"unique\\\":[\\\"61\\\"]}],\\\"createTime\\\":\\\"2023-11-11 21:30:36\\\",\\\"src\\\":\\\"admin\\\",\\\"msgId\\\":\\\"cefda53f8def4bad9cce375406cce23d\\\"}\",\"2023-11-11 21:30:36\",0,\"wait\",\"更新用户回调\"]],\"影响行数\":[1,1]}', '2023-11-11 21:30:36', '2023-11-11 21:30:37', 'success', '', 1, NULL, b'1');
INSERT INTO `sync_result` VALUES ('df5c4cb05bde4fb6a64e2c5260054363', NULL, NULL, NULL, 'active_mq', 'ID:DESKTOP-JEORO4F-57318-1699710101300-6:2:1:1:1', 'aee65b9e14f9428d93f71f7f166e9abf', '{\"plan\":\"update_admin_club_user\",\"tables\":[{\"code\":\"update_admin_club_user\",\"unique\":[\"82\"]}],\"createTime\":\"2023-11-11 21:41:58\",\"src\":\"admin\",\"msgId\":\"aee65b9e14f9428d93f71f7f166e9abf\"}', NULL, NULL, NULL, '2023-11-11 21:41:58', '2023-11-11 21:41:59', 'success', '同步计划不存在,{\"plan\":\"update_admin_club_user\",\"tables\":[{\"code\":\"update_admin_club_user\",\"unique\":[\"82\"]}],\"createTime\":\"2023-11-11 21:41:58\",\"src\":\"admin\",\"msgId\":\"aee65b9e14f9428d93f71f7f166e9abf\"}', 1, '系统标记成功', b'1');
INSERT INTO `sync_result` VALUES ('e19e3e5cdea545faa09ca763121be2a5', '0bde11510a5d4c8b87b8c1ff0ffed307', 'update_admin_club_user', '更新系统用户', 'active_mq', 'ID:DESKTOP-JEORO4F-58423-1699788552975-6:12:1:1:1', '3da07a0056ce462f9a71615bcf57af69', '{\"plan\":\"update_admin_club_user\",\"tables\":[{\"code\":\"update_admin_club_user\",\"unique\":[\"81\"]}],\"createTime\":\"2023-11-12 19:49:15\",\"src\":\"admin\",\"msgId\":\"3da07a0056ce462f9a71615bcf57af69\"}', 'admin', 'club', '{\"update club_user set user_id = ?, username = ?, real_name = ?, password = ?, dept_code = ?, user_status = ?, create_time = ?, update_time = ?, sync_time = ? where user_id = ?;\":[[81,\"teacher\",\"章老师\",\"8d969eef6ecad3c29a3a629280e686cf0c3f5d5a86aff3ca12020c923adc6c92\",\"jyb\",1,\"2023-09-15 22:19:29\",\"2023-11-12 19:49:15\",\"2023-11-12 19:49:15\",81]],\"insert into pub_callback(uuid,msg_id,sync_uuid,src_project,dest_project,db_name,msg_content,create_time,repeat_count,status,remark) values (?,?,?,?,?,?,?,?,?,?,?);\":[[\"e070f19c2796414b8a26b1c27303e4bf\",\"3da07a0056ce462f9a71615bcf57af69\",\"e19e3e5cdea545faa09ca763121be2a5\",\"admin\",\"club\",\"club_dev\",\"{\\\"plan\\\":\\\"update_admin_club_user\\\",\\\"tables\\\":[{\\\"code\\\":\\\"update_admin_club_user\\\",\\\"unique\\\":[\\\"81\\\"]}],\\\"createTime\\\":\\\"2023-11-12 19:49:15\\\",\\\"src\\\":\\\"admin\\\",\\\"msgId\\\":\\\"3da07a0056ce462f9a71615bcf57af69\\\"}\",\"2023-11-12 19:49:15\",0,\"wait\",\"更新用户回调\"]],\"影响行数\":[1,1]}', '2023-11-12 19:49:15', '2023-11-12 19:49:16', 'success', '', 1, NULL, b'1');
INSERT INTO `sync_result` VALUES ('e43da9e135ec4f99afa6e90802519c27', '0bde11510a5d4c8b87b8c1ff0ffed307', 'update_admin_club_user', '更新系统用户', 'active_mq', 'ID:DESKTOP-JEORO4F-57611-1699710448054-6:2:1:1:1', 'be76c6b22fae4b88a127c9255c536e16', '{\"plan\":\"update_admin_club_user\",\"tables\":[{\"code\":\"update_admin_club_user\",\"unique\":[\"82\"]}],\"createTime\":\"2023-11-11 21:50:05\",\"src\":\"admin\",\"msgId\":\"be76c6b22fae4b88a127c9255c536e16\"}', 'admin', 'club', '{\"update club_user set user_id = ?, username = ?, real_name = ?, password = ?, dept_code = ?, user_status = ?, create_time = ?, update_time = ?, sync_time = ? where user_id = ?;\":[[82,\"student\",\"学生\",\"8d969eef6ecad3c29a3a629280e686cf0c3f5d5a86aff3ca12020c923adc6c92\",\"csb\",1,\"2023-09-15 22:21:33\",\"2023-11-11 21:50:05\",\"2023-11-11 21:50:06\",82]],\"insert into pub_callback(uuid,msg_id,sync_uuid,src_project,dest_project,db_name,msg_content,create_time,repeat_count,status,remark) values (?,?,?,?,?,?,?,?,?,?,?);\":[[\"09d85ff5c20e4efba8b6d00345cae8f1\",\"be76c6b22fae4b88a127c9255c536e16\",\"e43da9e135ec4f99afa6e90802519c27\",\"admin\",\"club\",\"club_dev\",\"{\\\"plan\\\":\\\"update_admin_club_user\\\",\\\"tables\\\":[{\\\"code\\\":\\\"update_admin_club_user\\\",\\\"unique\\\":[\\\"82\\\"]}],\\\"createTime\\\":\\\"2023-11-11 21:50:05\\\",\\\"src\\\":\\\"admin\\\",\\\"msgId\\\":\\\"be76c6b22fae4b88a127c9255c536e16\\\"}\",\"2023-11-11 21:50:06\",0,\"wait\",\"更新用户回调\"]],\"影响行数\":[0,1]}', '2023-11-11 21:50:05', '2023-11-11 21:50:06', 'success', '', 1, NULL, b'1');
INSERT INTO `sync_result` VALUES ('e57404d254a94a4ca907377788b6a155', '0bde11510a5d4c8b87b8c1ff0ffed307', 'update_admin_club_user', '更新系统用户', 'active_mq', 'ID:DESKTOP-JEORO4F-57611-1699710448054-6:6:1:1:1', '61fe02fc497f43659f8cd1c5435e331f', '{\"plan\":\"update_admin_club_user\",\"tables\":[{\"code\":\"update_admin_club_user\",\"unique\":[\"82\"]}],\"createTime\":\"2023-11-11 21:50:11\",\"src\":\"admin\",\"msgId\":\"61fe02fc497f43659f8cd1c5435e331f\"}', 'admin', 'club', '{\"update club_user set user_id = ?, username = ?, real_name = ?, password = ?, dept_code = ?, user_status = ?, create_time = ?, update_time = ?, sync_time = ? where user_id = ?;\":[[82,\"student\",\"学生\",\"8d969eef6ecad3c29a3a629280e686cf0c3f5d5a86aff3ca12020c923adc6c92\",\"csb\",1,\"2023-09-15 22:21:33\",\"2023-11-11 21:50:12\",\"2023-11-11 21:50:12\",82]],\"insert into pub_callback(uuid,msg_id,sync_uuid,src_project,dest_project,db_name,msg_content,create_time,repeat_count,status,remark) values (?,?,?,?,?,?,?,?,?,?,?);\":[[\"c090fd6ee291432f825c4b11f0dbc65a\",\"61fe02fc497f43659f8cd1c5435e331f\",\"e57404d254a94a4ca907377788b6a155\",\"admin\",\"club\",\"club_dev\",\"{\\\"plan\\\":\\\"update_admin_club_user\\\",\\\"tables\\\":[{\\\"code\\\":\\\"update_admin_club_user\\\",\\\"unique\\\":[\\\"82\\\"]}],\\\"createTime\\\":\\\"2023-11-11 21:50:11\\\",\\\"src\\\":\\\"admin\\\",\\\"msgId\\\":\\\"61fe02fc497f43659f8cd1c5435e331f\\\"}\",\"2023-11-11 21:50:12\",0,\"wait\",\"更新用户回调\"]],\"影响行数\":[0,1]}', '2023-11-11 21:50:11', '2023-11-11 21:50:12', 'success', '', 1, NULL, b'1');
INSERT INTO `sync_result` VALUES ('e5c6638adacb4463ba84ecdaf423511e', '0bde11510a5d4c8b87b8c1ff0ffed307', 'update_admin_club_user', '更新系统用户', 'active_mq', 'ID:DESKTOP-JEORO4F-55424-1699708040110-6:2:1:1:1', '1fa29c291dce483da167720649eccd89', '{\"plan\":\"update_admin_club_user\",\"tables\":[{\"code\":\"update_admin_club_user\",\"unique\":[\"1\"]}],\"createTime\":\"2023-11-11 21:07:33\",\"src\":\"admin\",\"msgId\":\"1fa29c291dce483da167720649eccd89\"}', 'admin', 'club', NULL, '2023-11-11 21:07:33', '2023-11-11 21:07:55', 'fail', 'update_admin_club_user中源表数据不存在', 5, NULL, b'1');
INSERT INTO `sync_result` VALUES ('e7c467436c2b46c0ab292fce72c0c6f3', '0bde11510a5d4c8b87b8c1ff0ffed307', 'update_admin_club_user', '更新系统用户', 'active_mq', 'ID:DESKTOP-JEORO4F-58423-1699788552975-6:8:1:1:1', '8d7cf7f6b672416e88d43e64d301a512', '{\"plan\":\"update_admin_club_user\",\"tables\":[{\"code\":\"update_admin_club_user\",\"unique\":[\"61\"]}],\"createTime\":\"2023-11-12 19:32:35\",\"src\":\"admin\",\"msgId\":\"8d7cf7f6b672416e88d43e64d301a512\"}', 'admin', 'club', '{\"update club_user set user_id = ?, username = ?, real_name = ?, password = ?, dept_code = ?, user_status = ?, create_time = ?, update_time = ?, sync_time = ? where user_id = ?;\":[[61,\"admin\",\"管理员\",\"8d969eef6ecad3c29a3a629280e686cf0c3f5d5a86aff3ca12020c923adc6c92\",\"yfb\",1,\"2022-05-01 23:27:25\",\"2023-11-12 19:32:36\",\"2023-11-12 19:32:36\",61]],\"insert into pub_callback(uuid,msg_id,sync_uuid,src_project,dest_project,db_name,msg_content,create_time,repeat_count,status,remark) values (?,?,?,?,?,?,?,?,?,?,?);\":[[\"47fe376a1b7b43429c0ae0f9d9a31439\",\"8d7cf7f6b672416e88d43e64d301a512\",\"e7c467436c2b46c0ab292fce72c0c6f3\",\"admin\",\"club\",\"club_dev\",\"{\\\"plan\\\":\\\"update_admin_club_user\\\",\\\"tables\\\":[{\\\"code\\\":\\\"update_admin_club_user\\\",\\\"unique\\\":[\\\"61\\\"]}],\\\"createTime\\\":\\\"2023-11-12 19:32:35\\\",\\\"src\\\":\\\"admin\\\",\\\"msgId\\\":\\\"8d7cf7f6b672416e88d43e64d301a512\\\"}\",\"2023-11-12 19:32:36\",0,\"wait\",\"更新用户回调\"]],\"影响行数\":[1,1]}', '2023-11-12 19:32:35', '2023-11-12 19:32:36', 'success', '', 1, NULL, b'1');
INSERT INTO `sync_result` VALUES ('eb4977934cc248f3a68345a9d2c85362', '0bde11510a5d4c8b87b8c1ff0ffed307', 'update_admin_club_user', '更新系统用户', 'active_mq', 'ID:DESKTOP-JEORO4F-57318-1699710101300-6:9:1:1:1', '10c2655212a943a29ab2093c002e67ad', '{\"plan\":\"update_admin_club_user\",\"tables\":[{\"code\":\"update_admin_club_user\",\"unique\":[\"81\"]}],\"createTime\":\"2023-11-11 21:42:38\",\"src\":\"admin\",\"msgId\":\"10c2655212a943a29ab2093c002e67ad\"}', 'admin', 'club', '{\"update club_user set user_id = ?, username = ?, real_name = ?, password = ?, dept_code = ?, user_status = ?, create_time = ?, update_time = ?, sync_time = ? where user_id = ?;\":[[81,\"teacher\",\"章老师\",\"8d969eef6ecad3c29a3a629280e686cf0c3f5d5a86aff3ca12020c923adc6c92\",\"jyb\",1,\"2023-09-15 22:19:29\",\"2023-11-11 21:42:39\",\"2023-11-11 21:42:39\",81]],\"insert into pub_callback(uuid,msg_id,sync_uuid,src_project,dest_project,db_name,msg_content,create_time,repeat_count,status,remark) values (?,?,?,?,?,?,?,?,?,?,?);\":[[\"3e37e92b832b4e728d30ce026f860838\",\"10c2655212a943a29ab2093c002e67ad\",\"eb4977934cc248f3a68345a9d2c85362\",\"admin\",\"club\",\"club_dev\",\"{\\\"plan\\\":\\\"update_admin_club_user\\\",\\\"tables\\\":[{\\\"code\\\":\\\"update_admin_club_user\\\",\\\"unique\\\":[\\\"81\\\"]}],\\\"createTime\\\":\\\"2023-11-11 21:42:38\\\",\\\"src\\\":\\\"admin\\\",\\\"msgId\\\":\\\"10c2655212a943a29ab2093c002e67ad\\\"}\",\"2023-11-11 21:42:39\",0,\"wait\",\"更新用户回调\"]],\"影响行数\":[0,1]}', '2023-11-11 21:42:38', '2023-11-11 21:42:40', 'success', '', 1, NULL, b'1');
INSERT INTO `sync_result` VALUES ('eb936905788e42a4889ff68b10e888b6', NULL, NULL, NULL, 'active_mq', 'ID:DESKTOP-JEORO4F-57318-1699710101300-6:2:1:1:1', 'aee65b9e14f9428d93f71f7f166e9abf', '{\"plan\":\"update_admin_club_user\",\"tables\":[{\"code\":\"update_admin_club_user\",\"unique\":[\"82\"]}],\"createTime\":\"2023-11-11 21:41:58\",\"src\":\"admin\",\"msgId\":\"aee65b9e14f9428d93f71f7f166e9abf\"}', NULL, NULL, NULL, '2023-11-11 21:41:58', '2023-11-11 21:42:10', 'success', '同步计划不存在,{\"plan\":\"update_admin_club_user\",\"tables\":[{\"code\":\"update_admin_club_user\",\"unique\":[\"82\"]}],\"createTime\":\"2023-11-11 21:41:58\",\"src\":\"admin\",\"msgId\":\"aee65b9e14f9428d93f71f7f166e9abf\"}', 3, '系统标记成功', b'1');
INSERT INTO `sync_result` VALUES ('ec04610ac2fc4f409e2eac2f0300b547', '0bde11510a5d4c8b87b8c1ff0ffed307', 'update_admin_club_user', '更新系统用户', 'active_mq', 'ID:DESKTOP-JEORO4F-50727-1700287883870-6:5:1:1:1', 'd9508fa186994771b9acfc9b0583e0eb', '{\"plan\":\"update_admin_club_user\",\"tables\":[{\"code\":\"update_admin_club_user\",\"unique\":[\"81\"]}],\"createTime\":\"2023-11-18 14:17:08\",\"src\":\"admin\",\"msgId\":\"d9508fa186994771b9acfc9b0583e0eb\"}', 'admin', 'club', '{\"update club_user set user_id = ?, username = ?, real_name = ?, password = ?, dept_code = ?, user_status = ?, create_time = ?, update_time = ?, sync_time = ? where user_id = ?;\":[[81,\"teacher\",\"章老师\",\"8d969eef6ecad3c29a3a629280e686cf0c3f5d5a86aff3ca12020c923adc6c92\",\"jyb\",1,\"2023-09-15 22:19:29\",\"2023-11-18 14:17:09\",\"2023-11-18 14:17:09\",81]],\"insert into pub_callback(uuid,msg_id,sync_uuid,src_project,dest_project,db_name,msg_content,create_time,repeat_count,status,remark) values (?,?,?,?,?,?,?,?,?,?,?);\":[[\"1f79e14660324e24ac484e2dff4f435b\",\"d9508fa186994771b9acfc9b0583e0eb\",\"ec04610ac2fc4f409e2eac2f0300b547\",\"admin\",\"club\",\"club_dev\",\"{\\\"plan\\\":\\\"update_admin_club_user\\\",\\\"tables\\\":[{\\\"code\\\":\\\"update_admin_club_user\\\",\\\"unique\\\":[\\\"81\\\"]}],\\\"createTime\\\":\\\"2023-11-18 14:17:08\\\",\\\"src\\\":\\\"admin\\\",\\\"msgId\\\":\\\"d9508fa186994771b9acfc9b0583e0eb\\\"}\",\"2023-11-18 14:17:09\",0,\"wait\",\"更新用户回调\"]],\"影响行数\":[1,1]}', '2023-11-18 14:17:08', '2023-11-18 14:17:10', 'success', '', 1, NULL, b'1');
INSERT INTO `sync_result` VALUES ('edb16a6c4d6247a38e157f1d258b8489', '0bde11510a5d4c8b87b8c1ff0ffed307', 'update_admin_club_user', '更新系统用户', 'active_mq', 'ID:DESKTOP-JEORO4F-60825-1699790987182-6:2:1:1:1', '9df6113a8ca348178f3d6214c1efbbd7', '{\"plan\":\"update_admin_club_user\",\"tables\":[{\"code\":\"update_admin_club_user\",\"unique\":[\"82\"]}],\"createTime\":\"2023-11-12 20:10:03\",\"src\":\"admin\",\"msgId\":\"9df6113a8ca348178f3d6214c1efbbd7\"}', 'admin', 'club', '{\"update club_user set user_id = ?, username = ?, real_name = ?, password = ?, dept_code = ?, user_status = ?, create_time = ?, update_time = ?, sync_time = ? where user_id = ?;\":[[82,\"student\",\"学生\",\"8d969eef6ecad3c29a3a629280e686cf0c3f5d5a86aff3ca12020c923adc6c92\",\"csb\",1,\"2023-09-15 22:21:33\",\"2023-11-12 20:10:03\",\"2023-11-12 20:10:03\",82]],\"insert into pub_callback(uuid,msg_id,sync_uuid,src_project,dest_project,db_name,msg_content,create_time,repeat_count,status,remark) values (?,?,?,?,?,?,?,?,?,?,?);\":[[\"2caf15f4ac184170966289595d959806\",\"9df6113a8ca348178f3d6214c1efbbd7\",\"edb16a6c4d6247a38e157f1d258b8489\",\"admin\",\"club\",\"club_dev\",\"{\\\"plan\\\":\\\"update_admin_club_user\\\",\\\"tables\\\":[{\\\"code\\\":\\\"update_admin_club_user\\\",\\\"unique\\\":[\\\"82\\\"]}],\\\"createTime\\\":\\\"2023-11-12 20:10:03\\\",\\\"src\\\":\\\"admin\\\",\\\"msgId\\\":\\\"9df6113a8ca348178f3d6214c1efbbd7\\\"}\",\"2023-11-12 20:10:03\",0,\"wait\",\"更新用户回调\"]],\"影响行数\":[1,1]}', '2023-11-12 20:10:03', '2023-11-12 20:10:03', 'success', '', 1, NULL, b'1');
INSERT INTO `sync_result` VALUES ('edb7dd9f4c564f8bab3b89c59fce2f3f', NULL, NULL, NULL, 'active_mq', 'ID:DESKTOP-JEORO4F-51586-1700289289753-1:1:1:1:1', 'cda0faf78156460fbf76b9c0e26c0cc8', '{\"plan\":\"update_club_admin_user\",\"tables\":[{\"code\":\"update_club_admin_user\",\"unique\":[\"1\"]}],\"createTime\":\"2023-11-18 14:34:48\",\"src\":\"club\",\"msgId\":\"cda0faf78156460fbf76b9c0e26c0cc8\"}', NULL, NULL, NULL, '2023-11-18 14:34:48', '2023-11-18 14:34:50', 'fail', '同步计划不存在,{\"plan\":\"update_club_admin_user\",\"tables\":[{\"code\":\"update_club_admin_user\",\"unique\":[\"1\"]}],\"createTime\":\"2023-11-18 14:34:48\",\"src\":\"club\",\"msgId\":\"cda0faf78156460fbf76b9c0e26c0cc8\"}', 1, NULL, b'1');
INSERT INTO `sync_result` VALUES ('ef01f47cf7a3455e81d02f843e6b6050', '0bde11510a5d4c8b87b8c1ff0ffed307', 'update_admin_club_user', '更新系统用户', 'active_mq', 'ID:DESKTOP-JEORO4F-55889-1699708425969-6:6:1:1:1', '63abe6bfc20345e9ad038bfba6d64a98', '{\"plan\":\"update_admin_club_user\",\"tables\":[{\"code\":\"update_admin_club_user\",\"unique\":[\"81\"]}],\"createTime\":\"2023-11-11 21:16:08\",\"src\":\"admin\",\"msgId\":\"63abe6bfc20345e9ad038bfba6d64a98\"}', 'admin', 'club', NULL, '2023-11-11 21:16:08', '2023-11-11 21:16:25', 'fail', '未知异常,tableCode:pub_callback,msg:{\"plan\":\"update_admin_club_user\",\"tables\":[{\"code\":\"update_admin_club_user\",\"unique\":[\"81\"]}],\"createTime\":\"2023-11-11 21:16:08\",\"src\":\"admin\",\"msgId\":\"63abe6bfc20345e9ad038bfba6d64a98\"},目标库:club:club_dev,error:org.springframework.jdbc.BadSqlGrammarException: PreparedStatementCallback; bad SQL grammar [insert into pub_callback(uuid,msg_id,sync_uuid,src_project,dest_project,db_name,msg_content,create_time,repeat_count,status,remark) values (?,?,?,?,?,?,?,?,?,?,?);]; nested exception is java.sql.BatchUpdateException: Unknown column \'msg_id\' in \'field list\'', 4, NULL, b'1');
INSERT INTO `sync_result` VALUES ('f11dcd7c519a4d92b4f0636792b89888', '0bde11510a5d4c8b87b8c1ff0ffed307', 'update_admin_club_user', '更新系统用户', 'active_mq', 'ID:DESKTOP-JEORO4F-60825-1699790987182-6:6:1:1:1', '30606aff8f054d64b65b1fdf04ce9194', '{\"plan\":\"update_admin_club_user\",\"tables\":[{\"code\":\"update_admin_club_user\",\"unique\":[\"82\"]}],\"createTime\":\"2023-11-12 20:10:12\",\"src\":\"admin\",\"msgId\":\"30606aff8f054d64b65b1fdf04ce9194\"}', 'admin', 'club', '{\"update club_user set user_id = ?, username = ?, real_name = ?, password = ?, dept_code = ?, user_status = ?, create_time = ?, update_time = ?, sync_time = ? where user_id = ?;\":[[82,\"student\",\"学生\",\"8d969eef6ecad3c29a3a629280e686cf0c3f5d5a86aff3ca12020c923adc6c92\",\"csb\",1,\"2023-09-15 22:21:33\",\"2023-11-12 20:10:12\",\"2023-11-12 20:10:12\",82]],\"insert into pub_callback(uuid,msg_id,sync_uuid,src_project,dest_project,db_name,msg_content,create_time,repeat_count,status,remark) values (?,?,?,?,?,?,?,?,?,?,?);\":[[\"b44e2fee14a8472d943dca9db75f2408\",\"30606aff8f054d64b65b1fdf04ce9194\",\"f11dcd7c519a4d92b4f0636792b89888\",\"admin\",\"club\",\"club_dev\",\"{\\\"plan\\\":\\\"update_admin_club_user\\\",\\\"tables\\\":[{\\\"code\\\":\\\"update_admin_club_user\\\",\\\"unique\\\":[\\\"82\\\"]}],\\\"createTime\\\":\\\"2023-11-12 20:10:12\\\",\\\"src\\\":\\\"admin\\\",\\\"msgId\\\":\\\"30606aff8f054d64b65b1fdf04ce9194\\\"}\",\"2023-11-12 20:10:12\",0,\"wait\",\"更新用户回调\"]],\"影响行数\":[1,1]}', '2023-11-12 20:10:12', '2023-11-12 20:10:12', 'success', '', 1, NULL, b'1');
INSERT INTO `sync_result` VALUES ('f20d181e2e5f42559d25ff0960fa5280', '0bde11510a5d4c8b87b8c1ff0ffed307', 'update_admin_club_user', '更新系统用户', 'active_mq', 'ID:DESKTOP-JEORO4F-57611-1699710448054-6:7:1:1:1', '1d5d6d1985e34882a902f49cb03dc468', '{\"plan\":\"update_admin_club_user\",\"tables\":[{\"code\":\"update_admin_club_user\",\"unique\":[\"81\"]}],\"createTime\":\"2023-11-11 21:50:13\",\"src\":\"admin\",\"msgId\":\"1d5d6d1985e34882a902f49cb03dc468\"}', 'admin', 'club', '{\"update club_user set user_id = ?, username = ?, real_name = ?, password = ?, dept_code = ?, user_status = ?, create_time = ?, update_time = ?, sync_time = ? where user_id = ?;\":[[81,\"teacher\",\"章老师\",\"8d969eef6ecad3c29a3a629280e686cf0c3f5d5a86aff3ca12020c923adc6c92\",\"jyb\",1,\"2023-09-15 22:19:29\",\"2023-11-11 21:50:13\",\"2023-11-11 21:50:13\",81]],\"insert into pub_callback(uuid,msg_id,sync_uuid,src_project,dest_project,db_name,msg_content,create_time,repeat_count,status,remark) values (?,?,?,?,?,?,?,?,?,?,?);\":[[\"3a73889f4de34c56a663febcd441f0c3\",\"1d5d6d1985e34882a902f49cb03dc468\",\"f20d181e2e5f42559d25ff0960fa5280\",\"admin\",\"club\",\"club_dev\",\"{\\\"plan\\\":\\\"update_admin_club_user\\\",\\\"tables\\\":[{\\\"code\\\":\\\"update_admin_club_user\\\",\\\"unique\\\":[\\\"81\\\"]}],\\\"createTime\\\":\\\"2023-11-11 21:50:13\\\",\\\"src\\\":\\\"admin\\\",\\\"msgId\\\":\\\"1d5d6d1985e34882a902f49cb03dc468\\\"}\",\"2023-11-11 21:50:13\",0,\"wait\",\"更新用户回调\"]],\"影响行数\":[0,1]}', '2023-11-11 21:50:13', '2023-11-11 21:50:13', 'success', '', 1, NULL, b'1');
INSERT INTO `sync_result` VALUES ('f262734d20db4d5389fe70dad85b42a6', '0bde11510a5d4c8b87b8c1ff0ffed307', 'update_admin_club_user', '更新系统用户', 'active_mq', 'ID:DESKTOP-JEORO4F-55889-1699708425969-6:5:1:1:1', '4d83480e63274a768926c4b9d6dcfb5d', '{\"plan\":\"update_admin_club_user\",\"tables\":[{\"code\":\"update_admin_club_user\",\"unique\":[\"82\"]}],\"createTime\":\"2023-11-11 21:16:06\",\"src\":\"admin\",\"msgId\":\"4d83480e63274a768926c4b9d6dcfb5d\"}', 'admin', 'club', NULL, '2023-11-11 21:16:06', '2023-11-11 21:16:12', 'success', '未知异常,tableCode:pub_callback,msg:{\"plan\":\"update_admin_club_user\",\"tables\":[{\"code\":\"update_admin_club_user\",\"unique\":[\"82\"]}],\"createTime\":\"2023-11-11 21:16:06\",\"src\":\"admin\",\"msgId\":\"4d83480e63274a768926c4b9d6dcfb5d\"},目标库:club:club_dev,error:org.springframework.jdbc.BadSqlGrammarException: PreparedStatementCallback; bad SQL grammar [insert into pub_callback(uuid,msg_id,sync_uuid,src_project,dest_project,db_name,msg_content,create_time,repeat_count,status,remark) values (?,?,?,?,?,?,?,?,?,?,?);]; nested exception is java.sql.BatchUpdateException: Unknown column \'msg_id\' in \'field list\'', 2, '系统标记成功', b'1');
INSERT INTO `sync_result` VALUES ('f6d69d3a890342e490a2d5fbaee666bd', '0bde11510a5d4c8b87b8c1ff0ffed307', 'update_admin_club_user', '更新系统用户', 'active_mq', 'ID:DESKTOP-JEORO4F-57004-1699709655617-6:4:1:1:1', '3ac8dab5cdc34f50bbe8dbbd29196bf3', '{\"plan\":\"update_admin_club_user\",\"tables\":[{\"code\":\"update_admin_club_user\",\"unique\":[\"82\"]}],\"createTime\":\"2023-11-11 21:34:39\",\"src\":\"admin\",\"msgId\":\"3ac8dab5cdc34f50bbe8dbbd29196bf3\"}', 'admin', 'club', '{\"update club_user set user_id = ?, username = ?, real_name = ?, password = ?, dept_code = ?, user_status = ?, create_time = ?, update_time = ?, sync_time = ? where user_id = ?;\":[[82,\"student\",\"学生\",\"8d969eef6ecad3c29a3a629280e686cf0c3f5d5a86aff3ca12020c923adc6c92\",\"csb\",1,\"2023-09-15 22:21:33\",\"2023-11-11 21:34:39\",\"2023-11-11 21:34:39\",82]],\"insert into pub_callback(uuid,msg_id,sync_uuid,src_project,dest_project,db_name,msg_content,create_time,repeat_count,status,remark) values (?,?,?,?,?,?,?,?,?,?,?);\":[[\"f2fc2f4ba5eb48f09b115c9c0ee9f40c\",\"3ac8dab5cdc34f50bbe8dbbd29196bf3\",\"f6d69d3a890342e490a2d5fbaee666bd\",\"admin\",\"club\",\"club_dev\",\"{\\\"plan\\\":\\\"update_admin_club_user\\\",\\\"tables\\\":[{\\\"code\\\":\\\"update_admin_club_user\\\",\\\"unique\\\":[\\\"82\\\"]}],\\\"createTime\\\":\\\"2023-11-11 21:34:39\\\",\\\"src\\\":\\\"admin\\\",\\\"msgId\\\":\\\"3ac8dab5cdc34f50bbe8dbbd29196bf3\\\"}\",\"2023-11-11 21:34:39\",0,\"wait\",\"更新用户回调\"]],\"影响行数\":[0,1]}', '2023-11-11 21:34:39', '2023-11-11 21:34:40', 'success', '', 1, NULL, b'1');
INSERT INTO `sync_result` VALUES ('f970b949f62a4daaa9f6c21f8871dc08', '0bde11510a5d4c8b87b8c1ff0ffed307', 'update_admin_club_user', '更新系统用户', 'active_mq', 'ID:DESKTOP-JEORO4F-58861-1715950805196-6:2:1:1:1', '98bbb06eff22405081eadb1e61d28f67', '{\"plan\":\"update_admin_club_user\",\"tables\":[{\"code\":\"update_admin_club_user\",\"unique\":[\"82\"]}],\"createTime\":\"2024-05-17 21:00:40\",\"src\":\"admin\",\"msgId\":\"98bbb06eff22405081eadb1e61d28f67\"}', 'admin', 'club', NULL, '2024-05-17 21:00:40', '2024-05-17 21:01:12', 'fail', '未知异常,tableCode:update_admin_club_user,msg:null,目标库:null,error:org.springframework.jdbc.BadSqlGrammarException: PreparedStatementCallback; bad SQL grammar [update club_user set user_id = ?, username = ?, real_name = ?, password = ?, dept_code = ?, user_status = ?, create_time = ?, update_time = ?, sync_time = ? where user_id = ?;]; nested exception is java.sql.BatchUpdateException: Unknown column \'real_name\' in \'field list\'', 7, NULL, b'1');
INSERT INTO `sync_result` VALUES ('f9ac5b0074da4a1f9031feb5a65804b6', '0bde11510a5d4c8b87b8c1ff0ffed307', 'update_admin_club_user', '更新系统用户', 'active_mq', 'ID:DESKTOP-JEORO4F-50727-1700287883870-6:3:1:1:1', '86527c4ae7d94479b802120b9d74afd6', '{\"plan\":\"update_admin_club_user\",\"tables\":[{\"code\":\"update_admin_club_user\",\"unique\":[\"81\"]}],\"createTime\":\"2023-11-18 14:17:04\",\"src\":\"admin\",\"msgId\":\"86527c4ae7d94479b802120b9d74afd6\"}', 'admin', 'club', '{\"update club_user set user_id = ?, username = ?, real_name = ?, password = ?, dept_code = ?, user_status = ?, create_time = ?, update_time = ?, sync_time = ? where user_id = ?;\":[[81,\"teacher\",\"章老师\",\"8d969eef6ecad3c29a3a629280e686cf0c3f5d5a86aff3ca12020c923adc6c92\",\"jyb\",1,\"2023-09-15 22:19:29\",\"2023-11-18 14:17:05\",\"2023-11-18 14:17:05\",81]],\"insert into pub_callback(uuid,msg_id,sync_uuid,src_project,dest_project,db_name,msg_content,create_time,repeat_count,status,remark) values (?,?,?,?,?,?,?,?,?,?,?);\":[[\"404da1f450e5422c9a7eb4a317d51926\",\"86527c4ae7d94479b802120b9d74afd6\",\"f9ac5b0074da4a1f9031feb5a65804b6\",\"admin\",\"club\",\"club_dev\",\"{\\\"plan\\\":\\\"update_admin_club_user\\\",\\\"tables\\\":[{\\\"code\\\":\\\"update_admin_club_user\\\",\\\"unique\\\":[\\\"81\\\"]}],\\\"createTime\\\":\\\"2023-11-18 14:17:04\\\",\\\"src\\\":\\\"admin\\\",\\\"msgId\\\":\\\"86527c4ae7d94479b802120b9d74afd6\\\"}\",\"2023-11-18 14:17:05\",0,\"wait\",\"更新用户回调\"]],\"影响行数\":[1,1]}', '2023-11-18 14:17:04', '2023-11-18 14:17:06', 'success', '', 1, NULL, b'1');
INSERT INTO `sync_result` VALUES ('fa9e78ca12d94e9a893614b191362fd3', '0bde11510a5d4c8b87b8c1ff0ffed307', 'update_admin_club_user', '更新系统用户', 'active_mq', 'ID:DESKTOP-JEORO4F-55424-1699708040110-6:2:1:1:1', '1fa29c291dce483da167720649eccd89', '{\"plan\":\"update_admin_club_user\",\"tables\":[{\"code\":\"update_admin_club_user\",\"unique\":[\"1\"]}],\"createTime\":\"2023-11-11 21:07:33\",\"src\":\"admin\",\"msgId\":\"1fa29c291dce483da167720649eccd89\"}', 'admin', 'club', NULL, '2023-11-11 21:07:33', '2023-11-11 21:08:05', 'fail', 'update_admin_club_user中源表数据不存在', 7, NULL, b'1');
INSERT INTO `sync_result` VALUES ('ffda6f6efe9c4e67aad7b44099e57ed4', '0bde11510a5d4c8b87b8c1ff0ffed307', 'update_admin_club_user', '更新系统用户', 'active_mq', 'ID:DESKTOP-JEORO4F-55889-1699708425969-6:5:1:1:1', '4d83480e63274a768926c4b9d6dcfb5d', '{\"plan\":\"update_admin_club_user\",\"tables\":[{\"code\":\"update_admin_club_user\",\"unique\":[\"82\"]}],\"createTime\":\"2023-11-11 21:16:06\",\"src\":\"admin\",\"msgId\":\"4d83480e63274a768926c4b9d6dcfb5d\"}', 'admin', 'club', NULL, '2023-11-11 21:16:06', '2023-11-11 21:16:23', 'success', '未知异常,tableCode:pub_callback,msg:{\"plan\":\"update_admin_club_user\",\"tables\":[{\"code\":\"update_admin_club_user\",\"unique\":[\"82\"]}],\"createTime\":\"2023-11-11 21:16:06\",\"src\":\"admin\",\"msgId\":\"4d83480e63274a768926c4b9d6dcfb5d\"},目标库:club:club_dev,error:org.springframework.jdbc.BadSqlGrammarException: PreparedStatementCallback; bad SQL grammar [insert into pub_callback(uuid,msg_id,sync_uuid,src_project,dest_project,db_name,msg_content,create_time,repeat_count,status,remark) values (?,?,?,?,?,?,?,?,?,?,?);]; nested exception is java.sql.BatchUpdateException: Unknown column \'msg_id\' in \'field list\'', 4, '系统标记成功', b'1');

SET FOREIGN_KEY_CHECKS = 1;
